label,protocol,seed,nNodes,nSources,fieldSize,waterDepth,maxSpeed,basePipeR,commRange,packetInterval,payloadBytes,bitRate,simTime,generated,delivered,duplicates,dropped,transmissions,fallbacks,pdr_pct,throughput_kbps,mean_delay_s,mean_hops,lifetime_s,lifetime_censored,jain_fairness,energy_gap_J,mean_consumed_J
s1_density,adaptive,2,10,5,500.000000,500.000000,3.000000,150.000000,120.000000,6.000000,512,10000.000000,200.000000,164,12,16,126,298,3,7.317073,0.207360,0.880451,0.083333,-1.000000,1,0.909166,3.463876,18.160000
s1_density,adaptive,1,10,5,500.000000,500.000000,3.000000,150.000000,120.000000,6.000000,512,10000.000000,200.000000,164,0,0,143,279,6,0.000000,0.000000,0.000000,0.000000,-1.000000,1,0.891558,4.019383,17.470000
s1_density,adaptive,3,10,5,500.000000,500.000000,3.000000,150.000000,120.000000,6.000000,512,10000.000000,200.000000,165,3,5,154,257,0,1.818182,0.023040,0.376290,0.000000,-1.000000,1,0.890688,3.552530,15.310000
s1_density,adaptive,4,10,5,500.000000,500.000000,3.000000,150.000000,120.000000,6.000000,512,10000.000000,200.000000,163,3,7,154,257,3,1.840491,0.042240,0.610683,0.000000,-1.000000,1,0.940769,1.978278,16.190000
s1_density,adaptive,5,10,5,500.000000,500.000000,3.000000,150.000000,120.000000,6.000000,512,10000.000000,200.000000,165,5,1,151,245,2,3.030303,0.083200,0.734893,0.000000,-1.000000,1,0.903445,2.821559,13.870000
s1_density,adaptive,6,10,5,500.000000,500.000000,3.000000,150.000000,120.000000,6.000000,512,10000.000000,200.000000,165,1,6,133,277,0,0.606061,0.001280,0.129174,0.000000,-1.000000,1,0.787385,7.731903,16.020000
s1_density,adaptive,7,10,5,500.000000,500.000000,3.000000,150.000000,120.000000,6.000000,512,10000.000000,200.000000,165,1,9,166,242,0,0.606061,0.001280,0.120760,0.000000,-1.000000,1,0.884081,3.735215,15.120000
s1_density,adaptive,8,10,5,500.000000,500.000000,3.000000,150.000000,120.000000,6.000000,512,10000.000000,200.000000,164,16,9,142,255,5,9.756098,0.289280,1.083758,0.250000,-1.000000,1,0.891177,3.521744,15.250000
s1_density,adaptive,9,10,5,500.000000,500.000000,3.000000,150.000000,120.000000,6.000000,512,10000.000000,200.000000,163,0,0,150,265,7,0.000000,0.000000,0.000000,0.000000,-1.000000,1,0.872546,4.297071,15.710000
s1_density,adaptive,10,10,5,500.000000,500.000000,3.000000,150.000000,120.000000,6.000000,512,10000.000000,200.000000,165,9,6,156,231,4,5.454545,0.165120,0.789999,0.000000,-1.000000,1,0.953092,1.241937,12.920000
s1_density,adaptive,11,10,5,500.000000,500.000000,3.000000,150.000000,120.000000,6.000000,512,10000.000000,200.000000,165,7,23,146,249,3,4.242424,0.066560,0.433508,0.000000,-1.000000,1,0.944950,1.748325,15.430000
s1_density,adaptive,12,10,5,500.000000,500.000000,3.000000,150.000000,120.000000,6.000000,512,10000.000000,200.000000,165,7,5,154,238,0,4.242424,0.104960,1.565014,0.714286,-1.000000,1,0.943907,1.536417,13.300000
s1_density,adaptive,13,10,5,500.000000,500.000000,3.000000,150.000000,120.000000,6.000000,512,10000.000000,200.000000,165,18,14,144,244,10,10.909091,0.311040,1.151437,0.277778,-1.000000,1,0.953341,1.321205,13.820000
s1_density,adaptive,14,10,5,500.000000,500.000000,3.000000,150.000000,120.000000,6.000000,512,10000.000000,200.000000,165,0,0,149,236,0,0.000000,0.000000,0.000000,0.000000,-1.000000,1,0.933451,1.760258,12.770000
s1_density,adaptive,15,10,5,500.000000,500.000000,3.000000,150.000000,120.000000,6.000000,512,10000.000000,200.000000,164,1,7,164,218,0,0.609756,0.001280,0.125250,0.000000,-1.000000,1,0.957950,1.014152,11.800000
s1_density,adaptive,16,10,5,500.000000,500.000000,3.000000,150.000000,120.000000,6.000000,512,10000.000000,200.000000,165,15,9,145,234,2,9.090909,0.307200,0.875621,0.000000,-1.000000,1,0.954700,1.217795,13.130000
s1_density,adaptive,17,10,5,500.000000,500.000000,3.000000,150.000000,120.000000,6.000000,512,10000.000000,200.000000,163,12,6,138,254,3,7.361963,0.168960,1.518899,0.750000,-1.000000,1,0.918129,2.563933,14.990000
s1_density,adaptive,18,10,5,500.000000,500.000000,3.000000,150.000000,120.000000,6.000000,512,10000.000000,200.000000,165,1,9,155,252,1,0.606061,0.001280,0.131050,0.000000,-1.000000,1,0.941694,1.755238,14.600000
s1_density,adaptive,19,10,5,500.000000,500.000000,3.000000,150.000000,120.000000,6.000000,512,10000.000000,200.000000,165,0,0,150,241,0,0.000000,0.000000,0.000000,0.000000,-1.000000,1,0.967378,0.884375,13.330000
s1_density,adaptive,20,10,5,500.000000,500.000000,3.000000,150.000000,120.000000,6.000000,512,10000.000000,200.000000,164,1,3,141,312,26,0.609756,0.001280,0.128627,0.000000,-1.000000,1,0.744932,11.949467,20.000000
s1_density,vbf,2,10,5,500.000000,500.000000,3.000000,150.000000,120.000000,6.000000,512,10000.000000,200.000000,164,2,25,0,242,0,1.219512,0.043360,1.861529,1.000000,-1.000000,1,0.722103,9.901334,14.940000
s1_density,vbf,1,10,5,500.000000,500.000000,3.000000,150.000000,120.000000,6.000000,512,10000.000000,200.000000,164,0,0,0,213,0,0.000000,0.000000,0.000000,0.000000,-1.000000,1,0.624058,13.266539,13.560000
s1_density,vbf,3,10,5,500.000000,500.000000,3.000000,150.000000,120.000000,6.000000,512,10000.000000,200.000000,165,1,1,0,225,0,0.606061,0.021680,0.941989,1.000000,-1.000000,1,0.761536,7.270091,13.180000
s1_density,vbf,4,10,5,500.000000,500.000000,3.000000,150.000000,120.000000,6.000000,512,10000.000000,200.000000,163,1,13,0,209,0,0.613497,0.021680,0.947598,1.000000,-1.000000,1,0.563980,15.464803,12.790000
s1_density,vbf,5,10,5,500.000000,500.000000,3.000000,150.000000,120.000000,6.000000,512,10000.000000,200.000000,165,1,3,0,202,0,0.606061,0.021680,0.944290,1.000000,-1.000000,1,0.640186,10.647502,11.550000
s1_density,vbf,6,10,5,500.000000,500.000000,3.000000,150.000000,120.000000,6.000000,512,10000.000000,200.000000,165,1,1,0,231,0,0.606061,0.021680,4.274546,1.000000,-1.000000,1,0.485650,21.839439,13.880000
s1_density,vbf,8,10,5,500.000000,500.000000,3.000000,150.000000,120.000000,6.000000,512,10000.000000,200.000000,164,2,20,0,215,0,1.219512,0.043360,1.905303,1.000000,-1.000000,1,0.724111,8.434502,12.840000
s1_density,vbf,7,10,5,500.000000,500.000000,3.000000,150.000000,120.000000,6.000000,512,10000.000000,200.000000,165,0,0,0,203,0,0.000000,0.000000,0.000000,0.000000,-1.000000,1,0.633482,11.643548,12.320000
s1_density,vbf,9,10,5,500.000000,500.000000,3.000000,150.000000,120.000000,6.000000,512,10000.000000,200.000000,163,0,0,0,217,0,0.000000,0.000000,0.000000,0.000000,-1.000000,1,0.518504,18.543123,13.150000
s1_density,vbf,10,10,5,500.000000,500.000000,3.000000,150.000000,120.000000,6.000000,512,10000.000000,200.000000,165,1,11,0,201,0,0.606061,0.021680,0.947341,1.000000,-1.000000,1,0.665877,9.403910,11.250000
s1_density,vbf,11,10,5,500.000000,500.000000,3.000000,150.000000,120.000000,6.000000,512,10000.000000,200.000000,165,1,8,0,209,0,0.606061,0.021680,0.931740,1.000000,-1.000000,1,0.706142,8.917636,12.560000
s1_density,vbf,12,10,5,500.000000,500.000000,3.000000,150.000000,120.000000,6.000000,512,10000.000000,200.000000,165,2,7,0,197,0,1.212121,0.043360,1.809503,1.000000,-1.000000,1,0.681559,8.697333,11.070000
s1_density,vbf,13,10,5,500.000000,500.000000,3.000000,150.000000,120.000000,6.000000,512,10000.000000,200.000000,165,3,23,0,195,0,1.818182,0.065040,1.640302,1.000000,-1.000000,1,0.622343,10.917961,11.090000
s1_density,vbf,14,10,5,500.000000,500.000000,3.000000,150.000000,120.000000,6.000000,512,10000.000000,200.000000,165,0,0,0,184,0,0.000000,0.000000,0.000000,0.000000,-1.000000,1,0.599033,10.778165,10.070000
s1_density,vbf,15,10,5,500.000000,500.000000,3.000000,150.000000,120.000000,6.000000,512,10000.000000,200.000000,164,0,0,0,185,0,0.000000,0.000000,0.000000,0.000000,-1.000000,1,0.516871,14.476224,10.210000
s1_density,vbf,16,10,5,500.000000,500.000000,3.000000,150.000000,120.000000,6.000000,512,10000.000000,200.000000,165,1,14,0,175,0,0.606061,0.021680,0.905056,1.000000,-1.000000,1,0.557321,12.159478,9.830000
s1_density,vbf,17,10,5,500.000000,500.000000,3.000000,150.000000,120.000000,6.000000,512,10000.000000,200.000000,163,3,26,0,215,0,1.840491,0.065040,2.225554,1.000000,-1.000000,1,0.612471,13.253160,12.990000
s1_density,vbf,18,10,5,500.000000,500.000000,3.000000,150.000000,120.000000,6.000000,512,10000.000000,200.000000,165,1,0,0,212,0,0.606061,0.021680,2.457169,1.000000,-1.000000,1,0.645906,11.026172,12.220000
s1_density,vbf,19,10,5,500.000000,500.000000,3.000000,150.000000,120.000000,6.000000,512,10000.000000,200.000000,165,0,0,0,200,0,0.000000,0.000000,0.000000,0.000000,-1.000000,1,0.660688,9.526743,11.170000
s1_density,vbf,20,10,5,500.000000,500.000000,3.000000,150.000000,120.000000,6.000000,512,10000.000000,200.000000,164,0,0,0,246,0,0.000000,0.000000,0.000000,0.000000,-1.000000,1,0.570256,18.471975,15.610000
s1_density,hhvbf,1,10,5,500.000000,500.000000,3.000000,150.000000,120.000000,6.000000,512,10000.000000,200.000000,164,0,0,0,211,0,0.000000,0.000000,0.000000,0.000000,-1.000000,1,0.620767,13.337228,13.470000
s1_density,hhvbf,2,10,5,500.000000,500.000000,3.000000,150.000000,120.000000,6.000000,512,10000.000000,200.000000,164,2,25,0,242,0,1.219512,0.043360,1.861529,1.000000,-1.000000,1,0.722094,9.914981,14.960000
s1_density,hhvbf,3,10,5,500.000000,500.000000,3.000000,150.000000,120.000000,6.000000,512,10000.000000,200.000000,165,1,1,0,227,0,0.606061,0.021680,0.941989,1.000000,-1.000000,1,0.769271,7.047187,13.280000
s1_density,hhvbf,4,10,5,500.000000,500.000000,3.000000,150.000000,120.000000,6.000000,512,10000.000000,200.000000,163,1,13,0,212,0,0.613497,0.021680,0.947598,1.000000,-1.000000,1,0.580427,14.840310,12.990000
s1_density,hhvbf,5,10,5,500.000000,500.000000,3.000000,150.000000,120.000000,6.000000,512,10000.000000,200.000000,165,1,3,0,202,0,0.606061,0.021680,0.944290,1.000000,-1.000000,1,0.640186,10.647502,11.550000
s1_density,hhvbf,6,10,5,500.000000,500.000000,3.000000,150.000000,120.000000,6.000000,512,10000.000000,200.000000,165,1,1,0,229,0,0.606061,0.021680,4.247475,1.000000,-1.000000,1,0.489123,21.417210,13.770000
s1_density,hhvbf,7,10,5,500.000000,500.000000,3.000000,150.000000,120.000000,6.000000,512,10000.000000,200.000000,165,0,0,0,204,0,0.000000,0.000000,0.000000,0.000000,-1.000000,1,0.636761,11.577710,12.400000
s1_density,hhvbf,8,10,5,500.000000,500.000000,3.000000,150.000000,120.000000,6.000000,512,10000.000000,200.000000,164,2,20,0,218,0,1.219512,0.043360,1.905303,1.000000,-1.000000,1,0.724084,8.573456,13.050000
s1_density,hhvbf,9,10,5,500.000000,500.000000,3.000000,150.000000,120.000000,6.000000,512,10000.000000,200.000000,163,0,0,0,224,0,0.000000,0.000000,0.000000,0.000000,-1.000000,1,0.513787,19.439626,13.570000
s1_density,hhvbf,10,10,5,500.000000,500.000000,3.000000,150.000000,120.000000,6.000000,512,10000.000000,200.000000,165,1,11,0,201,0,0.606061,0.021680,0.947341,1.000000,-1.000000,1,0.665877,9.403910,11.250000
s1_density,hhvbf,11,10,5,500.000000,500.000000,3.000000,150.000000,120.000000,6.000000,512,10000.000000,200.000000,165,1,8,0,212,0,0.606061,0.021680,0.931740,1.000000,-1.000000,1,0.714121,8.714754,12.700000
s1_density,hhvbf,12,10,5,500.000000,500.000000,3.000000,150.000000,120.000000,6.000000,512,10000.000000,200.000000,165,2,7,0,196,0,1.212121,0.043360,1.809503,1.000000,-1.000000,1,0.682465,8.618759,11.010000
s1_density,hhvbf,13,10,5,500.000000,500.000000,3.000000,150.000000,120.000000,6.000000,512,10000.000000,200.000000,165,3,23,0,195,0,1.818182,0.065040,1.640302,1.000000,-1.000000,1,0.622343,10.917961,11.090000
s1_density,hhvbf,14,10,5,500.000000,500.000000,3.000000,150.000000,120.000000,6.000000,512,10000.000000,200.000000,165,0,0,0,188,0,0.000000,0.000000,0.000000,0.000000,-1.000000,1,0.616494,10.357490,10.300000
s1_density,hhvbf,15,10,5,500.000000,500.000000,3.000000,150.000000,120.000000,6.000000,512,10000.000000,200.000000,164,0,0,0,186,0,0.000000,0.000000,0.000000,0.000000,-1.000000,1,0.521117,14.369763,10.280000
s1_density,hhvbf,16,10,5,500.000000,500.000000,3.000000,150.000000,120.000000,6.000000,512,10000.000000,200.000000,165,1,14,0,175,0,0.606061,0.021680,0.905056,1.000000,-1.000000,1,0.557321,12.159478,9.830000
s1_density,hhvbf,17,10,5,500.000000,500.000000,3.000000,150.000000,120.000000,6.000000,512,10000.000000,200.000000,163,3,22,0,214,0,1.840491,0.065040,2.225554,1.000000,-1.000000,1,0.620985,12.723147,12.860000
s1_density,hhvbf,18,10,5,500.000000,500.000000,3.000000,150.000000,120.000000,6.000000,512,10000.000000,200.000000,165,1,0,0,211,0,0.606061,0.021680,2.457169,1.000000,-1.000000,1,0.643770,11.069594,12.170000
s1_density,hhvbf,19,10,5,500.000000,500.000000,3.000000,150.000000,120.000000,6.000000,512,10000.000000,200.000000,165,0,0,0,200,0,0.000000,0.000000,0.000000,0.000000,-1.000000,1,0.660688,9.526743,11.170000
s1_density,dbr,1,10,5,500.000000,500.000000,3.000000,150.000000,120.000000,6.000000,512,10000.000000,200.000000,164,0,0,0,170,0,0.000000,0.000000,0.000000,0.000000,-1.000000,1,0.606300,11.264923,10.800000
s1_density,hhvbf,20,10,5,500.000000,500.000000,3.000000,150.000000,120.000000,6.000000,512,10000.000000,200.000000,164,0,0,0,254,0,0.000000,0.000000,0.000000,0.000000,-1.000000,1,0.571474,19.078107,16.190000
s1_density,dbr,2,10,5,500.000000,500.000000,3.000000,150.000000,120.000000,6.000000,512,10000.000000,200.000000,164,1,9,0,172,0,0.609756,0.001880,142.695275,0.000000,-1.000000,1,0.619159,10.556916,10.600000
s1_density,dbr,4,10,5,500.000000,500.000000,3.000000,150.000000,120.000000,6.000000,512,10000.000000,200.000000,163,1,13,0,171,0,0.613497,0.001880,115.881598,0.000000,-1.000000,1,0.579854,11.870709,10.370000
s1_density,dbr,3,10,5,500.000000,500.000000,3.000000,150.000000,120.000000,6.000000,512,10000.000000,200.000000,165,1,1,0,170,0,0.606061,0.001880,190.656989,0.000000,-1.000000,1,0.577105,10.932769,9.460000
s1_density,dbr,5,10,5,500.000000,500.000000,3.000000,150.000000,120.000000,6.000000,512,10000.000000,200.000000,165,1,4,0,172,0,0.606061,0.001880,174.925290,0.000000,-1.000000,1,0.588744,10.831523,9.760000
s1_density,dbr,7,10,5,500.000000,500.000000,3.000000,150.000000,120.000000,6.000000,512,10000.000000,200.000000,165,0,0,0,173,0,0.000000,0.000000,0.000000,0.000000,-1.000000,1,0.594838,11.373479,10.470000
s1_density,dbr,6,10,5,500.000000,500.000000,3.000000,150.000000,120.000000,6.000000,512,10000.000000,200.000000,165,1,0,0,171,0,0.606061,0.001880,67.478620,1.000000,-1.000000,1,0.520817,14.160365,10.120000
s1_density,dbr,8,10,5,500.000000,500.000000,3.000000,150.000000,120.000000,6.000000,512,10000.000000,200.000000,164,1,9,0,170,0,0.609756,0.001880,42.401253,0.000000,-1.000000,1,0.613619,10.180875,10.020000
s1_density,dbr,10,10,5,500.000000,500.000000,3.000000,150.000000,120.000000,6.000000,512,10000.000000,200.000000,165,1,11,0,171,0,0.606061,0.001880,75.949341,0.000000,-1.000000,1,0.585127,10.632144,9.460000
s1_density,dbr,9,10,5,500.000000,500.000000,3.000000,150.000000,120.000000,6.000000,512,10000.000000,200.000000,163,0,0,0,170,0,0.000000,0.000000,0.000000,0.000000,-1.000000,1,0.552455,13.004052,10.340000
s1_density,dbr,11,10,5,500.000000,500.000000,3.000000,150.000000,120.000000,6.000000,512,10000.000000,200.000000,165,2,8,0,174,0,1.212121,0.003760,32.356453,0.500000,-1.000000,1,0.637372,9.567241,10.270000
s1_density,dbr,12,10,5,500.000000,500.000000,3.000000,150.000000,120.000000,6.000000,512,10000.000000,200.000000,165,1,2,0,170,0,0.606061,0.001880,174.130291,0.000000,-1.000000,1,0.569866,11.043570,9.320000
s1_density,dbr,13,10,5,500.000000,500.000000,3.000000,150.000000,120.000000,6.000000,512,10000.000000,200.000000,165,2,19,0,171,0,1.212121,0.003760,43.161079,0.000000,-1.000000,1,0.588641,10.657796,9.600000
s1_density,dbr,14,10,5,500.000000,500.000000,3.000000,150.000000,120.000000,6.000000,512,10000.000000,200.000000,165,0,0,0,170,0,0.000000,0.000000,0.000000,0.000000,-1.000000,1,0.547690,11.759079,9.200000
s1_density,dbr,15,10,5,500.000000,500.000000,3.000000,150.000000,120.000000,6.000000,512,10000.000000,200.000000,164,0,0,0,170,0,0.000000,0.000000,0.000000,0.000000,-1.000000,1,0.532865,12.470317,9.280000
s1_density,dbr,16,10,5,500.000000,500.000000,3.000000,150.000000,120.000000,6.000000,512,10000.000000,200.000000,165,1,14,0,171,0,0.606061,0.001880,5.853056,0.000000,-1.000000,1,0.579367,10.996428,9.590000
s1_density,dbr,17,10,5,500.000000,500.000000,3.000000,150.000000,120.000000,6.000000,512,10000.000000,200.000000,163,2,10,0,170,0,1.226994,0.003760,167.832223,0.500000,-1.000000,1,0.576183,11.593771,10.000000
s1_density,dbr,18,10,5,500.000000,500.000000,3.000000,150.000000,120.000000,6.000000,512,10000.000000,200.000000,165,1,0,0,173,0,0.606061,0.001880,176.515072,1.000000,-1.000000,1,0.572221,11.459717,9.750000
s1_density,dbr,19,10,5,500.000000,500.000000,3.000000,150.000000,120.000000,6.000000,512,10000.000000,200.000000,165,0,0,0,174,0,0.000000,0.000000,0.000000,0.000000,-1.000000,1,0.583201,10.930050,9.660000
s1_density,dbr,20,10,5,500.000000,500.000000,3.000000,150.000000,120.000000,6.000000,512,10000.000000,200.000000,164,0,0,0,170,0,0.000000,0.000000,0.000000,0.000000,-1.000000,1,0.558183,13.554473,10.990000
s1_density,adaptive,1,25,5,500.000000,500.000000,3.000000,150.000000,120.000000,6.000000,512,10000.000000,200.000000,164,1,2,150,611,7,0.609756,0.001280,0.126519,0.000000,-1.000000,1,0.892577,3.833883,16.832000
s1_density,adaptive,2,25,5,500.000000,500.000000,3.000000,150.000000,120.000000,6.000000,512,10000.000000,200.000000,164,43,60,104,768,24,26.219512,0.746240,2.589917,1.558140,-1.000000,1,0.854841,7.217769,22.916000
s1_density,adaptive,3,25,5,500.000000,500.000000,3.000000,150.000000,120.000000,6.000000,512,10000.000000,200.000000,165,42,34,130,669,6,25.454545,0.668160,2.414835,1.452381,-1.000000,1,0.879756,4.855856,18.900000
s1_density,adaptive,4,25,5,500.000000,500.000000,3.000000,150.000000,120.000000,6.000000,512,10000.000000,200.000000,163,8,30,155,637,7,4.907975,0.029440,0.389497,0.125000,-1.000000,1,0.912079,3.415036,18.528000
s1_density,adaptive,5,25,5,500.000000,500.000000,3.000000,150.000000,120.000000,6.000000,512,10000.000000,200.000000,165,12,19,157,591,5,7.272727,0.168960,0.822205,0.166667,-1.000000,1,0.938981,2.011001,15.960000
s1_density,adaptive,6,25,5,500.000000,500.000000,3.000000,150.000000,120.000000,6.000000,512,10000.000000,200.000000,165,33,24,97,636,3,20.000000,0.618240,0.951003,0.121212,-1.000000,1,0.885911,4.041380,16.640000
s1_density,adaptive,7,25,5,500.000000,500.000000,3.000000,150.000000,120.000000,6.000000,512,10000.000000,200.000000,165,19,17,145,645,4,11.515152,0.293120,1.338067,0.631579,-1.000000,1,0.909049,3.569441,18.688000
s1_density,adaptive,8,25,5,500.000000,500.000000,3.000000,150.000000,120.000000,6.000000,512,10000.000000,200.000000,164,15,21,147,612,7,9.146341,0.172800,0.531814,0.000000,-1.000000,1,0.899390,3.644376,17.152000
s1_density,adaptive,9,25,5,500.000000,500.000000,3.000000,150.000000,120.000000,6.000000,512,10000.000000,200.000000,163,2,17,165,630,9,1.226994,0.002560,0.119860,0.000000,-1.000000,1,0.846765,6.038330,18.068000
s1_density,adaptive,10,25,5,500.000000,500.000000,3.000000,150.000000,120.000000,6.000000,512,10000.000000,200.000000,165,8,23,168,600,4,4.848485,0.067840,0.412089,0.000000,-1.000000,1,0.936441,2.087677,15.884000
s1_density,adaptive,11,25,5,500.000000,500.000000,3.000000,150.000000,120.000000,6.000000,512,10000.000000,200.000000,165,18,40,138,623,15,10.909091,0.215040,0.626533,0.055556,-1.000000,1,0.862146,5.301152,17.804000
s1_density,adaptive,12,25,5,500.000000,500.000000,3.000000,150.000000,120.000000,6.000000,512,10000.000000,200.000000,165,16,21,153,586,4,9.696970,0.231680,1.833938,0.937500,-1.000000,1,0.930444,2.252408,15.608000
s1_density,adaptive,14,25,5,500.000000,500.000000,3.000000,150.000000,120.000000,6.000000,512,10000.000000,200.000000,165,2,2,147,621,10,1.212121,0.002560,0.118201,0.000000,-1.000000,1,0.906434,3.102982,15.768000
s1_density,adaptive,13,25,5,500.000000,500.000000,3.000000,150.000000,120.000000,6.000000,512,10000.000000,200.000000,165,51,36,136,610,10,30.909091,0.929280,1.178715,0.333333,-1.000000,1,0.886340,4.099650,16.948000
s1_density,adaptive,15,25,5,500.000000,500.000000,3.000000,150.000000,120.000000,6.000000,512,10000.000000,200.000000,164,13,30,142,651,5,7.926829,0.151040,2.317678,1.538462,-1.000000,1,0.880512,4.424008,17.336000
s1_density,adaptive,16,25,5,500.000000,500.000000,3.000000,150.000000,120.000000,6.000000,512,10000.000000,200.000000,165,2,10,180,593,7,1.212121,0.002560,0.109332,0.000000,-1.000000,1,0.905053,3.095349,15.488000
s1_density,adaptive,17,25,5,500.000000,500.000000,3.000000,150.000000,120.000000,6.000000,512,10000.000000,200.000000,163,35,33,112,707,21,21.472393,0.544000,1.784540,0.885714,-1.000000,1,0.868802,5.694939,20.180000
s1_density,adaptive,19,25,5,500.000000,500.000000,3.000000,150.000000,120.000000,6.000000,512,10000.000000,200.000000,165,22,13,130,662,6,13.333333,0.392960,1.018069,0.227273,-1.000000,1,0.933869,2.430488,17.748000
s1_density,adaptive,18,25,5,500.000000,500.000000,3.000000,150.000000,120.000000,6.000000,512,10000.000000,200.000000,165,54,38,85,679,1,32.727273,1.009920,1.323801,0.462963,-1.000000,1,0.886381,4.524598,18.712000
s1_density,adaptive,20,25,5,500.000000,500.000000,3.000000,150.000000,120.000000,6.000000,512,10000.000000,200.000000,164,15,19,138,655,21,9.146341,0.268800,1.747159,0.933333,-1.000000,1,0.897630,3.807162,17.592000
s1_density,vbf,1,25,5,500.000000,500.000000,3.000000,150.000000,120.000000,6.000000,512,10000.000000,200.000000,164,1,1,0,289,0,0.609756,0.021680,2.733588,1.000000,-1.000000,1,0.509132,11.930974,8.200000
s1_density,vbf,2,25,5,500.000000,500.000000,3.000000,150.000000,120.000000,6.000000,512,10000.000000,200.000000,164,8,50,0,432,0,4.878049,0.173440,4.252975,1.000000,-1.000000,1,0.620239,13.277503,13.384000
s1_density,vbf,3,25,5,500.000000,500.000000,3.000000,150.000000,120.000000,6.000000,512,10000.000000,200.000000,165,9,32,0,335,0,5.454545,0.195120,3.414087,1.000000,-1.000000,1,0.513018,13.351209,9.296000
s1_density,vbf,5,25,5,500.000000,500.000000,3.000000,150.000000,120.000000,6.000000,512,10000.000000,200.000000,165,2,20,0,298,0,1.212121,0.043360,0.942018,1.000000,-1.000000,1,0.572578,9.630752,8.204000
s1_density,vbf,6,25,5,500.000000,500.000000,3.000000,150.000000,120.000000,6.000000,512,10000.000000,200.000000,165,3,39,0,298,0,1.818182,0.065040,1.614482,1.000000,-1.000000,1,0.472573,13.746252,8.364000
s1_density,vbf,4,25,5,500.000000,500.000000,3.000000,150.000000,120.000000,6.000000,512,10000.000000,200.000000,163,3,4,0,303,0,1.840491,0.065040,3.663269,1.000000,-1.000000,1,0.628548,8.492408,8.824000
s1_density,vbf,8,25,5,500.000000,500.000000,3.000000,150.000000,120.000000,6.000000,512,10000.000000,200.000000,164,5,20,0,281,0,3.048780,0.108400,2.137150,1.000000,-1.000000,1,0.401014,16.984058,8.116000
s1_density,vbf,9,25,5,500.000000,500.000000,3.000000,150.000000,120.000000,6.000000,512,10000.000000,200.000000,163,0,0,0,309,0,0.000000,0.000000,0.000000,0.000000,-1.000000,1,0.500852,13.503611,9.028000
s1_density,vbf,7,25,5,500.000000,500.000000,3.000000,150.000000,120.000000,6.000000,512,10000.000000,200.000000,165,4,18,0,341,0,2.424242,0.086720,3.212888,1.000000,-1.000000,1,0.681715,7.848605,9.996000
s1_density,vbf,11,25,5,500.000000,500.000000,3.000000,150.000000,120.000000,6.000000,512,10000.000000,200.000000,165,4,12,0,279,0,2.424242,0.086720,1.865871,1.000000,-1.000000,1,0.490362,12.850090,8.296000
s1_density,vbf,12,25,5,500.000000,500.000000,3.000000,150.000000,120.000000,6.000000,512,10000.000000,200.000000,165,2,4,0,238,0,1.212121,0.043360,3.866565,1.000000,-1.000000,1,0.485732,9.840802,6.256000
s1_density,vbf,10,25,5,500.000000,500.000000,3.000000,150.000000,120.000000,6.000000,512,10000.000000,200.000000,165,3,13,0,300,0,1.818182,0.065040,3.566454,1.000000,-1.000000,1,0.552373,9.676525,7.692000
s1_density,vbf,13,25,5,500.000000,500.000000,3.000000,150.000000,120.000000,6.000000,512,10000.000000,200.000000,165,6,61,0,249,0,3.636364,0.130080,2.520273,1.000000,-1.000000,1,0.362159,16.361570,6.820000
s1_density,vbf,14,25,5,500.000000,500.000000,3.000000,150.000000,120.000000,6.000000,512,10000.000000,200.000000,165,0,0,0,296,0,0.000000,0.000000,0.000000,0.000000,-1.000000,1,0.529883,10.397130,7.660000
s1_density,vbf,15,25,5,500.000000,500.000000,3.000000,150.000000,120.000000,6.000000,512,10000.000000,200.000000,164,2,8,0,326,0,1.219512,0.043360,8.232521,1.000000,-1.000000,1,0.413125,18.018887,8.976000
s1_density,vbf,16,25,5,500.000000,500.000000,3.000000,150.000000,120.000000,6.000000,512,10000.000000,200.000000,165,0,0,0,271,0,0.000000,0.000000,0.000000,0.000000,-1.000000,1,0.436174,13.767704,7.416000
s1_density,vbf,18,25,5,500.000000,500.000000,3.000000,150.000000,120.000000,6.000000,512,10000.000000,200.000000,165,5,62,0,280,0,3.030303,0.108400,2.759522,1.000000,-1.000000,1,0.538074,10.695276,8.100000
s1_density,vbf,17,25,5,500.000000,500.000000,3.000000,150.000000,120.000000,6.000000,512,10000.000000,200.000000,163,8,39,0,355,0,4.907975,0.173440,2.646016,1.000000,-1.000000,1,0.527844,14.557618,10.652000
s1_density,vbf,19,25,5,500.000000,500.000000,3.000000,150.000000,120.000000,6.000000,512,10000.000000,200.000000,165,3,20,0,344,0,1.818182,0.065040,2.756448,1.000000,-1.000000,1,0.662312,8.099205,9.556000
s1_density,vbf,20,25,5,500.000000,500.000000,3.000000,150.000000,120.000000,6.000000,512,10000.000000,200.000000,164,2,23,0,324,0,1.219512,0.043360,1.650981,1.000000,-1.000000,1,0.533504,12.084163,9.012000
s1_density,hhvbf,1,25,5,500.000000,500.000000,3.000000,150.000000,120.000000,6.000000,512,10000.000000,200.000000,164,1,1,0,289,0,0.609756,0.021680,2.733588,1.000000,-1.000000,1,0.515345,11.668725,8.188000
s1_density,hhvbf,2,25,5,500.000000,500.000000,3.000000,150.000000,120.000000,6.000000,512,10000.000000,200.000000,164,8,46,0,450,0,4.878049,0.173440,4.419519,1.000000,-1.000000,1,0.652459,12.160901,13.816000
s1_density,hhvbf,3,25,5,500.000000,500.000000,3.000000,150.000000,120.000000,6.000000,512,10000.000000,200.000000,165,9,34,0,342,0,5.454545,0.195120,3.257385,1.000000,-1.000000,1,0.530775,12.753157,9.424000
s1_density,hhvbf,4,25,5,500.000000,500.000000,3.000000,150.000000,120.000000,6.000000,512,10000.000000,200.000000,163,4,12,0,394,0,2.453988,0.086720,7.224674,1.000000,-1.000000,1,0.717919,7.627440,11.300000
s1_density,hhvbf,5,25,5,500.000000,500.000000,3.000000,150.000000,120.000000,6.000000,512,10000.000000,200.000000,165,2,20,0,314,0,1.212121,0.043360,0.942018,1.000000,-1.000000,1,0.589929,9.553270,8.644000
s1_density,hhvbf,6,25,5,500.000000,500.000000,3.000000,150.000000,120.000000,6.000000,512,10000.000000,200.000000,165,3,38,0,315,0,1.818182,0.065040,1.614482,1.000000,-1.000000,1,0.497506,13.328323,8.812000
s1_density,hhvbf,7,25,5,500.000000,500.000000,3.000000,150.000000,120.000000,6.000000,512,10000.000000,200.000000,165,3,21,0,384,0,1.818182,0.065040,5.146659,1.000000,-1.000000,1,0.725127,7.342456,11.228000
s1_density,hhvbf,8,25,5,500.000000,500.000000,3.000000,150.000000,120.000000,6.000000,512,10000.000000,200.000000,164,5,19,0,285,0,3.048780,0.108400,2.878013,1.000000,-1.000000,1,0.415903,16.257989,8.176000
s1_density,hhvbf,9,25,5,500.000000,500.000000,3.000000,150.000000,120.000000,6.000000,512,10000.000000,200.000000,163,0,0,0,342,0,0.000000,0.000000,0.000000,0.000000,-1.000000,1,0.531656,13.476404,9.988000
s1_density,hhvbf,10,25,5,500.000000,500.000000,3.000000,150.000000,120.000000,6.000000,512,10000.000000,200.000000,165,3,13,0,320,0,1.818182,0.065040,3.505802,1.000000,-1.000000,1,0.564271,9.953320,8.240000
s1_density,hhvbf,11,25,5,500.000000,500.000000,3.000000,150.000000,120.000000,6.000000,512,10000.000000,200.000000,165,4,12,0,286,0,2.424242,0.086720,1.865871,1.000000,-1.000000,1,0.507440,12.332175,8.428000
s1_density,hhvbf,12,25,5,500.000000,500.000000,3.000000,150.000000,120.000000,6.000000,512,10000.000000,200.000000,165,2,5,0,250,0,1.212121,0.043360,2.917808,1.000000,-1.000000,1,0.515024,9.307368,6.524000
s1_density,hhvbf,13,25,5,500.000000,500.000000,3.000000,150.000000,120.000000,6.000000,512,10000.000000,200.000000,165,6,60,0,250,0,3.636364,0.130080,2.511307,1.000000,-1.000000,1,0.362753,16.374557,6.840000
s1_density,hhvbf,14,25,5,500.000000,500.000000,3.000000,150.000000,120.000000,6.000000,512,10000.000000,200.000000,165,0,0,0,323,0,0.000000,0.000000,0.000000,0.000000,-1.000000,1,0.577356,9.666945,8.372000
s1_density,hhvbf,15,25,5,500.000000,500.000000,3.000000,150.000000,120.000000,6.000000,512,10000.000000,200.000000,164,2,10,0,329,0,1.219512,0.043360,8.261589,1.000000,-1.000000,1,0.444776,16.022723,8.884000
s1_density,hhvbf,16,25,5,500.000000,500.000000,3.000000,150.000000,120.000000,6.000000,512,10000.000000,200.000000,165,0,0,0,280,0,0.000000,0.000000,0.000000,0.000000,-1.000000,1,0.446531,13.784239,7.688000
s1_density,hhvbf,18,25,5,500.000000,500.000000,3.000000,150.000000,120.000000,6.000000,512,10000.000000,200.000000,165,5,61,0,297,0,3.030303,0.108400,2.733924,1.000000,-1.000000,1,0.560250,10.502762,8.576000
s1_density,hhvbf,17,25,5,500.000000,500.000000,3.000000,150.000000,120.000000,6.000000,512,10000.000000,200.000000,163,9,41,0,375,0,5.521472,0.195120,3.264831,1.000000,-1.000000,1,0.552475,14.260755,11.340000
s1_density,hhvbf,19,25,5,500.000000,500.000000,3.000000,150.000000,120.000000,6.000000,512,10000.000000,200.000000,165,3,21,0,355,0,1.818182,0.065040,2.765793,1.000000,-1.000000,1,0.673874,7.980924,9.852000
s1_density,hhvbf,20,25,5,500.000000,500.000000,3.000000,150.000000,120.000000,6.000000,512,10000.000000,200.000000,164,2,24,0,344,0,1.219512,0.043360,1.650981,1.000000,-1.000000,1,0.537612,12.595153,9.524000
s1_density,dbr,1,25,5,500.000000,500.000000,3.000000,150.000000,120.000000,6.000000,512,10000.000000,200.000000,164,0,0,0,181,0,0.000000,0.000000,0.000000,0.000000,-1.000000,1,0.386232,11.446177,5.196000
s1_density,dbr,2,25,5,500.000000,500.000000,3.000000,150.000000,120.000000,6.000000,512,10000.000000,200.000000,164,3,1,0,186,0,1.829268,0.005640,127.950221,0.666667,-1.000000,1,0.403302,12.781277,6.156000
s1_density,dbr,3,25,5,500.000000,500.000000,3.000000,150.000000,120.000000,6.000000,512,10000.000000,200.000000,165,4,13,0,180,0,2.424242,0.007520,167.937398,0.250000,-1.000000,1,0.349760,12.657145,5.044000
s1_density,dbr,4,25,5,500.000000,500.000000,3.000000,150.000000,120.000000,6.000000,512,10000.000000,200.000000,163,1,0,0,187,0,0.613497,0.001880,122.437610,1.000000,-1.000000,1,0.414712,10.422253,5.220000
s1_density,dbr,5,25,5,500.000000,500.000000,3.000000,150.000000,120.000000,6.000000,512,10000.000000,200.000000,165,2,19,0,184,0,1.212121,0.003760,91.459018,0.000000,-1.000000,1,0.361683,12.188890,5.072000
s1_density,dbr,6,25,5,500.000000,500.000000,3.000000,150.000000,120.000000,6.000000,512,10000.000000,200.000000,165,2,26,0,182,0,1.212121,0.003760,54.513178,0.000000,-1.000000,1,0.368457,11.596472,4.944000
s1_density,dbr,7,25,5,500.000000,500.000000,3.000000,150.000000,120.000000,6.000000,512,10000.000000,200.000000,165,2,1,0,185,0,1.212121,0.003760,136.680047,0.500000,-1.000000,1,0.406993,10.545463,5.144000
s1_density,dbr,8,25,5,500.000000,500.000000,3.000000,150.000000,120.000000,6.000000,512,10000.000000,200.000000,164,2,12,0,183,0,1.219512,0.003760,116.767616,0.000000,-1.000000,1,0.344181,14.097196,5.504000
s1_density,dbr,9,25,5,500.000000,500.000000,3.000000,150.000000,120.000000,6.000000,512,10000.000000,200.000000,163,0,0,0,181,0,0.000000,0.000000,0.000000,0.000000,-1.000000,1,0.383987,12.673306,5.708000
s1_density,dbr,10,25,5,500.000000,500.000000,3.000000,150.000000,120.000000,6.000000,512,10000.000000,200.000000,165,4,10,0,186,0,2.424242,0.007520,93.408110,1.250000,-1.000000,1,0.367099,11.407705,4.840000
s1_density,dbr,11,25,5,500.000000,500.000000,3.000000,150.000000,120.000000,6.000000,512,10000.000000,200.000000,165,4,8,0,185,0,2.424242,0.007520,105.357060,0.500000,-1.000000,1,0.405493,11.465404,5.564000
s1_density,dbr,12,25,5,500.000000,500.000000,3.000000,150.000000,120.000000,6.000000,512,10000.000000,200.000000,165,1,2,0,185,0,0.606061,0.001880,174.130291,0.000000,-1.000000,1,0.340087,11.909565,4.580000
s1_density,dbr,13,25,5,500.000000,500.000000,3.000000,150.000000,120.000000,6.000000,512,10000.000000,200.000000,165,4,46,0,177,0,2.424242,0.007520,61.885581,0.000000,-1.000000,1,0.330774,13.429892,4.988000
s1_density,dbr,14,25,5,500.000000,500.000000,3.000000,150.000000,120.000000,6.000000,512,10000.000000,200.000000,165,0,0,0,183,0,0.000000,0.000000,0.000000,0.000000,-1.000000,1,0.331883,12.258572,4.572000
s1_density,dbr,15,25,5,500.000000,500.000000,3.000000,150.000000,120.000000,6.000000,512,10000.000000,200.000000,164,1,0,0,183,0,0.609756,0.001880,93.698956,3.000000,-1.000000,1,0.309161,14.673810,5.016000
s1_density,dbr,16,25,5,500.000000,500.000000,3.000000,150.000000,120.000000,6.000000,512,10000.000000,200.000000,165,0,0,0,184,0,0.000000,0.000000,0.000000,0.000000,-1.000000,1,0.346867,12.944168,5.104000
s1_density,dbr,17,25,5,500.000000,500.000000,3.000000,150.000000,120.000000,6.000000,512,10000.000000,200.000000,163,5,25,0,182,0,3.067485,0.009400,143.481972,0.600000,-1.000000,1,0.400411,12.162718,5.800000
s1_density,dbr,18,25,5,500.000000,500.000000,3.000000,150.000000,120.000000,6.000000,512,10000.000000,200.000000,165,2,41,0,187,0,1.212121,0.003760,28.356383,0.000000,-1.000000,1,0.415137,10.742083,5.388000
s1_density,dbr,19,25,5,500.000000,500.000000,3.000000,150.000000,120.000000,6.000000,512,10000.000000,200.000000,165,1,14,0,186,0,0.606061,0.001880,48.407807,0.000000,-1.000000,1,0.407456,11.118219,5.432000
s1_density,dbr,20,25,5,500.000000,500.000000,3.000000,150.000000,120.000000,6.000000,512,10000.000000,200.000000,164,2,4,0,185,0,1.219512,0.003760,12.399982,0.500000,-1.000000,1,0.400958,10.775105,5.148000
s1_density,adaptive,1,50,5,500.000000,500.000000,3.000000,150.000000,120.000000,6.000000,512,10000.000000,200.000000,164,25,35,119,1269,19,15.243902,0.416000,2.659563,1.600000,-1.000000,1,0.899313,4.612335,21.690000
s1_density,adaptive,3,50,5,500.000000,500.000000,3.000000,150.000000,120.000000,6.000000,512,10000.000000,200.000000,165,56,47,108,1386,16,33.939394,0.897280,2.271296,1.303571,-1.000000,1,0.873438,6.050918,22.290000
s1_density,adaptive,2,50,5,500.000000,500.000000,3.000000,150.000000,120.000000,6.000000,512,10000.000000,200.000000,164,69,82,120,1336,6,42.073171,1.105920,2.453398,1.521739,-1.000000,1,0.927110,3.585062,23.662000
s1_density,adaptive,4,50,5,500.000000,500.000000,3.000000,150.000000,120.000000,6.000000,512,10000.000000,200.000000,163,76,83,107,1327,19,46.625767,1.326080,1.188928,0.407895,-1.000000,1,0.890891,5.272157,22.766000
s1_density,adaptive,5,50,5,500.000000,500.000000,3.000000,150.000000,120.000000,6.000000,512,10000.000000,200.000000,165,28,18,133,1374,25,16.969697,0.458240,1.649601,0.785714,-1.000000,1,0.905982,4.389007,22.190000
s1_density,adaptive,6,50,5,500.000000,500.000000,3.000000,150.000000,120.000000,6.000000,512,10000.000000,200.000000,165,18,28,136,1281,20,10.909091,0.272640,2.798182,1.833333,-1.000000,1,0.899248,4.420540,20.774000
s1_density,adaptive,7,50,5,500.000000,500.000000,3.000000,150.000000,120.000000,6.000000,512,10000.000000,200.000000,165,33,43,86,1342,13,20.000000,0.464640,3.441284,2.363636,-1.000000,1,0.926631,3.433521,22.508000
s1_density,adaptive,8,50,5,500.000000,500.000000,3.000000,150.000000,120.000000,6.000000,512,10000.000000,200.000000,164,23,38,135,1277,16,14.024390,0.240640,2.240542,1.434783,-1.000000,1,0.915453,3.753855,21.220000
s1_density,adaptive,9,50,5,500.000000,500.000000,3.000000,150.000000,120.000000,6.000000,512,10000.000000,200.000000,163,44,64,121,1347,18,26.993865,0.747520,1.698175,0.818182,-1.000000,1,0.890130,5.069149,21.728000
s1_density,adaptive,10,50,5,500.000000,500.000000,3.000000,150.000000,120.000000,6.000000,512,10000.000000,200.000000,165,19,68,156,1302,6,11.515152,0.177920,1.453989,0.842105,-1.000000,1,0.953577,2.065138,21.714000
s1_density,adaptive,11,50,5,500.000000,500.000000,3.000000,150.000000,120.000000,6.000000,512,10000.000000,200.000000,165,52,56,131,1200,13,31.515152,0.815360,1.505054,0.673077,-1.000000,1,0.912141,3.812532,20.700000
s1_density,adaptive,12,50,5,500.000000,500.000000,3.000000,150.000000,120.000000,6.000000,512,10000.000000,200.000000,165,44,76,137,1255,13,26.666667,0.574720,2.677137,1.750000,-1.000000,1,0.915384,3.780797,21.354000
s1_density,adaptive,14,50,5,500.000000,500.000000,3.000000,150.000000,120.000000,6.000000,512,10000.000000,200.000000,165,15,33,121,1350,24,9.090909,0.134400,1.733641,1.066667,-1.000000,1,0.908679,4.141010,21.588000
s1_density,adaptive,15,50,5,500.000000,500.000000,3.000000,150.000000,120.000000,6.000000,512,10000.000000,200.000000,164,40,57,138,1227,4,24.390244,0.665600,3.080237,1.950000,-1.000000,1,0.914728,3.467761,19.428000
s1_density,adaptive,13,50,5,500.000000,500.000000,3.000000,150.000000,120.000000,6.000000,512,10000.000000,200.000000,165,63,42,115,1314,14,38.181818,1.079040,1.785963,0.841270,-1.000000,1,0.892408,5.092911,22.322000
s1_density,adaptive,16,50,5,500.000000,500.000000,3.000000,150.000000,120.000000,6.000000,512,10000.000000,200.000000,165,16,26,116,1355,13,9.696970,0.250880,2.526214,1.562500,-1.000000,1,0.929526,3.181544,21.748000
s1_density,adaptive,17,50,5,500.000000,500.000000,3.000000,150.000000,120.000000,6.000000,512,10000.000000,200.000000,163,24,27,141,1278,14,14.723926,0.280320,1.582355,0.916667,-1.000000,1,0.915422,3.721320,21.028000
s1_density,adaptive,18,50,5,500.000000,500.000000,3.000000,150.000000,120.000000,6.000000,512,10000.000000,200.000000,165,45,42,95,1293,12,27.272727,0.768000,2.754728,1.733333,-1.000000,1,0.910068,4.088356,21.660000
s1_density,vbf,1,50,5,500.000000,500.000000,3.000000,150.000000,120.000000,6.000000,512,10000.000000,200.000000,164,5,36,0,480,0,3.048780,0.108400,5.734793,1.000000,-1.000000,1,0.543511,10.915517,8.420000
s1_density,adaptive,20,50,5,500.000000,500.000000,3.000000,150.000000,120.000000,6.000000,512,10000.000000,200.000000,164,29,38,129,1328,12,17.682927,0.497920,1.607450,0.724138,-1.000000,1,0.926317,3.402567,22.206000
s1_density,adaptive,19,50,5,500.000000,500.000000,3.000000,150.000000,120.000000,6.000000,512,10000.000000,200.000000,165,45,67,116,1291,8,27.272727,0.729600,3.677830,2.577778,-1.000000,1,0.912975,3.920441,21.500000
s1_density,vbf,2,50,5,500.000000,500.000000,3.000000,150.000000,120.000000,6.000000,512,10000.000000,200.000000,164,15,72,0,530,0,9.146341,0.325200,4.361571,1.000000,-1.000000,1,0.634918,9.222285,9.810000
s1_density,vbf,3,50,5,500.000000,500.000000,3.000000,150.000000,120.000000,6.000000,512,10000.000000,200.000000,165,11,63,0,526,0,6.666667,0.238480,4.689858,1.000000,-1.000000,1,0.571323,10.761913,9.128000
s1_density,vbf,4,50,5,500.000000,500.000000,3.000000,150.000000,120.000000,6.000000,512,10000.000000,200.000000,163,8,80,0,503,0,4.907975,0.173440,3.607539,1.000000,-1.000000,1,0.580520,10.411138,9.116000
s1_density,vbf,5,50,5,500.000000,500.000000,3.000000,150.000000,120.000000,6.000000,512,10000.000000,200.000000,165,5,28,0,578,0,3.030303,0.108400,4.389355,1.000000,-1.000000,1,0.615441,9.916450,9.824000
s1_density,vbf,6,50,5,500.000000,500.000000,3.000000,150.000000,120.000000,6.000000,512,10000.000000,200.000000,165,4,14,0,418,0,2.424242,0.086720,5.905155,1.000000,-1.000000,1,0.556407,8.770262,7.068000
s1_density,vbf,7,50,5,500.000000,500.000000,3.000000,150.000000,120.000000,6.000000,512,10000.000000,200.000000,165,8,47,0,571,0,4.848485,0.173440,7.279366,1.000000,-1.000000,1,0.675086,8.229767,10.208000
s1_density,vbf,9,50,5,500.000000,500.000000,3.000000,150.000000,120.000000,6.000000,512,10000.000000,200.000000,163,6,56,0,532,0,3.680982,0.130080,4.008450,1.000000,-1.000000,1,0.556707,11.299915,9.116000
s1_density,vbf,8,50,5,500.000000,500.000000,3.000000,150.000000,120.000000,6.000000,512,10000.000000,200.000000,164,4,22,0,485,0,2.439024,0.086720,5.556594,1.000000,-1.000000,1,0.537422,10.988788,8.304000
s1_density,vbf,10,50,5,500.000000,500.000000,3.000000,150.000000,120.000000,6.000000,512,10000.000000,200.000000,165,8,12,0,525,0,4.848485,0.173440,6.297370,1.000000,-1.000000,1,0.695555,6.667425,8.984000
s1_density,vbf,11,50,5,500.000000,500.000000,3.000000,150.000000,120.000000,6.000000,512,10000.000000,200.000000,165,11,34,0,378,0,6.666667,0.238480,3.518179,1.000000,-1.000000,1,0.524626,9.496400,6.874000
s1_density,vbf,12,50,5,500.000000,500.000000,3.000000,150.000000,120.000000,6.000000,512,10000.000000,200.000000,165,9,42,0,458,0,5.454545,0.195120,4.401150,1.000000,-1.000000,1,0.566562,9.345655,7.798000
s1_density,vbf,13,50,5,500.000000,500.000000,3.000000,150.000000,120.000000,6.000000,512,10000.000000,200.000000,165,10,59,0,499,0,6.060606,0.216800,3.618522,1.000000,-1.000000,1,0.575596,10.195380,8.776000
s1_density,vbf,14,50,5,500.000000,500.000000,3.000000,150.000000,120.000000,6.000000,512,10000.000000,200.000000,165,6,7,0,520,0,3.636364,0.130080,6.786467,1.000000,-1.000000,1,0.530101,11.924888,8.792000
s1_density,vbf,15,50,5,500.000000,500.000000,3.000000,150.000000,120.000000,6.000000,512,10000.000000,200.000000,164,7,55,0,449,0,4.268293,0.151760,5.447545,1.000000,-1.000000,1,0.500382,11.034928,7.366000
s1_density,vbf,17,50,5,500.000000,500.000000,3.000000,150.000000,120.000000,6.000000,512,10000.000000,200.000000,163,6,16,0,457,0,3.680982,0.130080,5.978693,1.000000,-1.000000,1,0.575147,8.882445,7.634000
s1_density,vbf,16,50,5,500.000000,500.000000,3.000000,150.000000,120.000000,6.000000,512,10000.000000,200.000000,165,3,15,0,564,0,1.818182,0.065040,2.738510,1.000000,-1.000000,1,0.689569,7.216685,9.488000
s1_density,vbf,18,50,5,500.000000,500.000000,3.000000,150.000000,120.000000,6.000000,512,10000.000000,200.000000,165,6,56,0,418,0,3.636364,0.130080,5.472010,1.000000,-1.000000,1,0.524630,10.253297,7.422000
s1_density,vbf,19,50,5,500.000000,500.000000,3.000000,150.000000,120.000000,6.000000,512,10000.000000,200.000000,165,8,42,0,499,0,4.848485,0.173440,6.300254,1.000000,-1.000000,1,0.458866,14.107446,8.200000
s1_density,vbf,20,50,5,500.000000,500.000000,3.000000,150.000000,120.000000,6.000000,512,10000.000000,200.000000,164,3,45,0,542,0,1.829268,0.065040,2.256422,1.000000,-1.000000,1,0.653496,8.388617,9.568000
s1_density,hhvbf,1,50,5,500.000000,500.000000,3.000000,150.000000,120.000000,6.000000,512,10000.000000,200.000000,164,5,45,0,523,0,3.048780,0.108400,5.733629,1.000000,-1.000000,1,0.598877,9.582556,8.948000
s1_density,hhvbf,2,50,5,500.000000,500.000000,3.000000,150.000000,120.000000,6.000000,512,10000.000000,200.000000,164,14,59,0,607,0,8.536585,0.303520,4.330142,1.000000,-1.000000,1,0.657364,9.457585,10.948000
s1_density,hhvbf,3,50,5,500.000000,500.000000,3.000000,150.000000,120.000000,6.000000,512,10000.000000,200.000000,165,12,70,0,607,0,7.272727,0.260160,3.990707,1.000000,-1.000000,1,0.610788,10.592868,10.320000
s1_density,hhvbf,4,50,5,500.000000,500.000000,3.000000,150.000000,120.000000,6.000000,512,10000.000000,200.000000,163,8,79,0,546,0,4.907975,0.173440,3.648937,1.000000,-1.000000,1,0.591632,10.447752,9.510000
s1_density,hhvbf,6,50,5,500.000000,500.000000,3.000000,150.000000,120.000000,6.000000,512,10000.000000,200.000000,165,5,25,0,524,0,3.030303,0.108400,7.599971,1.000000,-1.000000,1,0.606419,9.043565,8.674000
s1_density,hhvbf,5,50,5,500.000000,500.000000,3.000000,150.000000,120.000000,6.000000,512,10000.000000,200.000000,165,4,27,0,698,0,2.424242,0.086720,3.166100,1.000000,-1.000000,1,0.650376,10.259546,11.564000
s1_density,hhvbf,7,50,5,500.000000,500.000000,3.000000,150.000000,120.000000,6.000000,512,10000.000000,200.000000,165,9,43,0,615,0,5.454545,0.195120,8.058923,1.000000,-1.000000,1,0.701012,7.815057,10.772000
s1_density,hhvbf,8,50,5,500.000000,500.000000,3.000000,150.000000,120.000000,6.000000,512,10000.000000,200.000000,164,7,22,0,545,0,4.268293,0.151760,7.290638,1.000000,-1.000000,1,0.595170,9.984388,9.202000
s1_density,hhvbf,9,50,5,500.000000,500.000000,3.000000,150.000000,120.000000,6.000000,512,10000.000000,200.000000,163,6,65,0,627,0,3.680982,0.130080,4.405294,1.000000,-1.000000,1,0.637375,9.801862,10.522000
s1_density,hhvbf,10,50,5,500.000000,500.000000,3.000000,150.000000,120.000000,6.000000,512,10000.000000,200.000000,165,8,14,0,607,0,4.848485,0.173440,7.775874,1.000000,-1.000000,1,0.748982,5.998806,10.234000
s1_density,hhvbf,11,50,5,500.000000,500.000000,3.000000,150.000000,120.000000,6.000000,512,10000.000000,200.000000,165,11,39,0,436,0,6.666667,0.238480,3.655387,1.000000,-1.000000,1,0.573570,9.066706,7.750000
s1_density,hhvbf,12,50,5,500.000000,500.000000,3.000000,150.000000,120.000000,6.000000,512,10000.000000,200.000000,165,11,49,0,542,0,6.666667,0.238480,5.801049,1.000000,-1.000000,1,0.620893,8.923061,9.016000
s1_density,hhvbf,13,50,5,500.000000,500.000000,3.000000,150.000000,120.000000,6.000000,512,10000.000000,200.000000,165,10,74,0,613,0,6.060606,0.216800,4.566200,1.000000,-1.000000,1,0.642406,9.637946,10.542000
s1_density,hhvbf,14,50,5,500.000000,500.000000,3.000000,150.000000,120.000000,6.000000,512,10000.000000,200.000000,165,8,15,0,611,0,4.848485,0.173440,6.667409,1.000000,-1.000000,1,0.584333,11.556466,10.254000
s1_density,hhvbf,15,50,5,500.000000,500.000000,3.000000,150.000000,120.000000,6.000000,512,10000.000000,200.000000,164,7,57,0,493,0,4.268293,0.151760,5.919621,1.000000,-1.000000,1,0.525747,10.982933,7.980000
s1_density,hhvbf,16,50,5,500.000000,500.000000,3.000000,150.000000,120.000000,6.000000,512,10000.000000,200.000000,165,4,16,0,633,0,2.424242,0.086720,3.174642,1.000000,-1.000000,1,0.716200,7.174611,10.550000
s1_density,hhvbf,17,50,5,500.000000,500.000000,3.000000,150.000000,120.000000,6.000000,512,10000.000000,200.000000,163,6,17,0,483,0,3.680982,0.130080,5.234737,1.000000,-1.000000,1,0.583023,9.123075,8.058000
s1_density,hhvbf,18,50,5,500.000000,500.000000,3.000000,150.000000,120.000000,6.000000,512,10000.000000,200.000000,165,6,64,0,468,0,3.636364,0.130080,5.332120,1.000000,-1.000000,1,0.573683,9.697002,8.292000
s1_density,hhvbf,19,50,5,500.000000,500.000000,3.000000,150.000000,120.000000,6.000000,512,10000.000000,200.000000,165,8,48,0,571,0,4.848485,0.173440,6.838341,1.000000,-1.000000,1,0.529470,12.806469,9.422000
s1_density,dbr,1,50,5,500.000000,500.000000,3.000000,150.000000,120.000000,6.000000,512,10000.000000,200.000000,164,2,5,0,209,0,1.219512,0.003760,79.519904,1.000000,-1.000000,1,0.377390,9.362240,4.120000
s1_density,hhvbf,20,50,5,500.000000,500.000000,3.000000,150.000000,120.000000,6.000000,512,10000.000000,200.000000,164,4,52,0,593,0,2.439024,0.086720,2.933798,1.000000,-1.000000,1,0.671094,8.440721,10.306000
s1_density,dbr,2,50,5,500.000000,500.000000,3.000000,150.000000,120.000000,6.000000,512,10000.000000,200.000000,164,2,12,0,210,0,1.219512,0.003760,66.282580,2.000000,-1.000000,1,0.410609,7.993912,3.948000
s1_density,dbr,3,50,5,500.000000,500.000000,3.000000,150.000000,120.000000,6.000000,512,10000.000000,200.000000,165,5,20,0,207,0,3.030303,0.009400,114.439553,0.600000,-1.000000,1,0.375877,9.156560,4.008000
s1_density,dbr,4,50,5,500.000000,500.000000,3.000000,150.000000,120.000000,6.000000,512,10000.000000,200.000000,163,3,43,0,209,0,1.840491,0.005640,37.097082,0.333333,-1.000000,1,0.403855,8.579249,4.140000
s1_density,dbr,5,50,5,500.000000,500.000000,3.000000,150.000000,120.000000,6.000000,512,10000.000000,200.000000,165,2,8,0,207,0,1.212121,0.003760,129.664390,0.500000,-1.000000,1,0.342955,9.329252,3.626000
s1_density,dbr,6,50,5,500.000000,500.000000,3.000000,150.000000,120.000000,6.000000,512,10000.000000,200.000000,165,1,0,0,205,0,0.606061,0.001880,43.588282,2.000000,-1.000000,1,0.361029,8.734428,3.626000
s1_density,dbr,7,50,5,500.000000,500.000000,3.000000,150.000000,120.000000,6.000000,512,10000.000000,200.000000,165,1,0,0,208,0,0.606061,0.001880,133.315357,2.000000,-1.000000,1,0.358161,9.375295,3.852000
s1_density,dbr,8,50,5,500.000000,500.000000,3.000000,150.000000,120.000000,6.000000,512,10000.000000,200.000000,164,0,0,0,203,0,0.000000,0.000000,0.000000,0.000000,-1.000000,1,0.325655,9.777973,3.562000
s1_density,dbr,9,50,5,500.000000,500.000000,3.000000,150.000000,120.000000,6.000000,512,10000.000000,200.000000,163,3,22,0,205,0,1.840491,0.005640,7.601132,1.000000,-1.000000,1,0.355911,9.348915,3.810000
s1_density,dbr,10,50,5,500.000000,500.000000,3.000000,150.000000,120.000000,6.000000,512,10000.000000,200.000000,165,8,0,0,211,0,4.848485,0.015040,91.894830,2.625000,-1.000000,1,0.343043,8.914706,3.466000
s1_density,dbr,11,50,5,500.000000,500.000000,3.000000,150.000000,120.000000,6.000000,512,10000.000000,200.000000,165,7,15,0,210,0,4.242424,0.013160,95.048119,1.571429,-1.000000,1,0.367946,9.225490,3.926000
s1_density,dbr,12,50,5,500.000000,500.000000,3.000000,150.000000,120.000000,6.000000,512,10000.000000,200.000000,165,3,2,0,212,0,1.818182,0.005640,69.254042,1.666667,-1.000000,1,0.348451,9.147617,3.628000
s1_density,dbr,13,50,5,500.000000,500.000000,3.000000,150.000000,120.000000,6.000000,512,10000.000000,200.000000,165,3,30,0,210,0,1.818182,0.005640,42.518610,0.333333,-1.000000,1,0.367015,9.058175,3.842000
s1_density,dbr,14,50,5,500.000000,500.000000,3.000000,150.000000,120.000000,6.000000,512,10000.000000,200.000000,165,2,2,0,209,0,1.212121,0.003760,6.323116,0.500000,-1.000000,1,0.287111,11.089663,3.470000
s1_density,dbr,15,50,5,500.000000,500.000000,3.000000,150.000000,120.000000,6.000000,512,10000.000000,200.000000,164,5,12,0,209,0,3.048780,0.009400,82.365259,3.000000,-1.000000,1,0.309652,10.213408,3.498000
s1_density,dbr,17,50,5,500.000000,500.000000,3.000000,150.000000,120.000000,6.000000,512,10000.000000,200.000000,163,0,0,0,204,0,0.000000,0.000000,0.000000,0.000000,-1.000000,1,0.326013,9.808539,3.578000
s1_density,dbr,16,50,5,500.000000,500.000000,3.000000,150.000000,120.000000,6.000000,512,10000.000000,200.000000,165,1,8,0,206,0,0.606061,0.001880,24.109245,0.000000,-1.000000,1,0.342183,9.221751,3.574000
s1_density,dbr,18,50,5,500.000000,500.000000,3.000000,150.000000,120.000000,6.000000,512,10000.000000,200.000000,165,3,3,0,206,0,1.818182,0.005640,85.400977,2.333333,-1.000000,1,0.293121,10.827214,3.472000
s1_density,dbr,19,50,5,500.000000,500.000000,3.000000,150.000000,120.000000,6.000000,512,10000.000000,200.000000,165,1,0,0,207,0,0.606061,0.001880,7.387036,2.000000,-1.000000,1,0.273127,11.845032,3.496000
s1_density,dbr,20,50,5,500.000000,500.000000,3.000000,150.000000,120.000000,6.000000,512,10000.000000,200.000000,164,1,23,0,210,0,0.609756,0.001880,5.850429,0.000000,-1.000000,1,0.404382,8.191376,3.960000
s1_density,adaptive,2,75,5,500.000000,500.000000,3.000000,150.000000,120.000000,6.000000,512,10000.000000,200.000000,164,76,78,103,1882,22,46.341463,1.210880,2.881922,1.881579,-1.000000,1,0.929606,3.682382,25.201333
s1_density,adaptive,1,75,5,500.000000,500.000000,3.000000,150.000000,120.000000,6.000000,512,10000.000000,200.000000,164,70,87,62,1895,17,42.682927,1.164800,2.756762,1.700000,-1.000000,1,0.923221,4.014602,25.100000
s1_density,adaptive,3,75,5,500.000000,500.000000,3.000000,150.000000,120.000000,6.000000,512,10000.000000,200.000000,165,67,80,106,1932,11,40.606061,1.026560,4.346356,3.029851,-1.000000,1,0.911796,4.438089,23.997333
s1_density,adaptive,4,75,5,500.000000,500.000000,3.000000,150.000000,120.000000,6.000000,512,10000.000000,200.000000,163,40,66,98,1981,20,24.539877,0.569600,1.974085,1.050000,-1.000000,1,0.919821,4.162708,24.874667
s1_density,adaptive,6,75,5,500.000000,500.000000,3.000000,150.000000,120.000000,6.000000,512,10000.000000,200.000000,165,27,41,104,1842,17,16.363636,0.399360,4.214078,2.925926,-1.000000,1,0.921261,3.719415,22.650667
s1_density,adaptive,5,75,5,500.000000,500.000000,3.000000,150.000000,120.000000,6.000000,512,10000.000000,200.000000,165,24,40,125,1910,23,14.545455,0.280320,3.272495,2.250000,-1.000000,1,0.940814,2.890905,23.677333
s1_density,adaptive,7,75,5,500.000000,500.000000,3.000000,150.000000,120.000000,6.000000,512,10000.000000,200.000000,165,43,44,103,1953,7,26.060606,0.650240,2.991610,1.930233,-1.000000,1,0.928886,3.601626,24.389333
s1_density,adaptive,8,75,5,500.000000,500.000000,3.000000,150.000000,120.000000,6.000000,512,10000.000000,200.000000,164,31,84,123,1774,19,18.902439,0.231680,1.524433,0.903226,-1.000000,1,0.940440,2.841923,23.125333
s1_density,adaptive,9,75,5,500.000000,500.000000,3.000000,150.000000,120.000000,6.000000,512,10000.000000,200.000000,163,33,90,119,1963,25,20.245399,0.445440,3.176010,2.090909,-1.000000,1,0.926964,3.620379,23.845333
s1_density,adaptive,10,75,5,500.000000,500.000000,3.000000,150.000000,120.000000,6.000000,512,10000.000000,200.000000,165,33,88,116,1935,14,20.000000,0.349440,2.110582,1.333333,-1.000000,1,0.931108,3.595477,25.164000
s1_density,adaptive,11,75,5,500.000000,500.000000,3.000000,150.000000,120.000000,6.000000,512,10000.000000,200.000000,165,46,117,149,1764,15,27.878788,0.519680,2.700775,1.804348,-1.000000,1,0.945337,2.532324,22.512000
s1_density,adaptive,12,75,5,500.000000,500.000000,3.000000,150.000000,120.000000,6.000000,512,10000.000000,200.000000,165,63,92,122,1890,30,38.181818,0.887040,1.899312,1.126984,-1.000000,1,0.923825,3.868079,24.384000
s1_density,adaptive,13,75,5,500.000000,500.000000,3.000000,150.000000,120.000000,6.000000,512,10000.000000,200.000000,165,50,69,68,1871,6,30.303030,0.774400,1.778013,0.940000,-1.000000,1,0.919781,3.992308,23.844000
s1_density,adaptive,14,75,5,500.000000,500.000000,3.000000,150.000000,120.000000,6.000000,512,10000.000000,200.000000,165,61,67,119,1913,17,36.969697,0.942080,2.637702,1.672131,-1.000000,1,0.932265,3.276737,23.340000
s1_density,adaptive,15,75,5,500.000000,500.000000,3.000000,150.000000,120.000000,6.000000,512,10000.000000,200.000000,164,57,61,100,1853,14,34.756098,0.898560,1.639415,0.807018,-1.000000,1,0.924459,3.560271,22.640000
s1_density,adaptive,17,75,5,500.000000,500.000000,3.000000,150.000000,120.000000,6.000000,512,10000.000000,200.000000,163,63,58,137,1756,25,38.650307,0.944640,2.379613,1.444444,-1.000000,1,0.940861,2.674638,21.924000
s1_density,adaptive,16,75,5,500.000000,500.000000,3.000000,150.000000,120.000000,6.000000,512,10000.000000,200.000000,165,48,58,86,1889,9,29.090909,0.848640,2.197885,1.187500,-1.000000,1,0.924931,3.740589,23.942667
s1_density,adaptive,18,75,5,500.000000,500.000000,3.000000,150.000000,120.000000,6.000000,512,10000.000000,200.000000,165,56,56,74,1988,13,33.939394,0.974080,5.040890,3.607143,-1.000000,1,0.927845,3.698437,24.669333
s1_density,adaptive,19,75,5,500.000000,500.000000,3.000000,150.000000,120.000000,6.000000,512,10000.000000,200.000000,165,70,72,91,1894,12,42.424242,1.164800,3.575579,2.442857,-1.000000,1,0.930359,3.460963,23.952000
s1_density,vbf,1,75,5,500.000000,500.000000,3.000000,150.000000,120.000000,6.000000,512,10000.000000,200.000000,164,9,71,0,664,0,5.487805,0.195120,7.847678,1.000000,-1.000000,1,0.628091,8.560630,8.880000
s1_density,adaptive,20,75,5,500.000000,500.000000,3.000000,150.000000,120.000000,6.000000,512,10000.000000,200.000000,164,47,58,93,2007,18,28.658537,0.751360,3.504265,2.361702,-1.000000,1,0.942452,3.140150,26.474667
s1_density,vbf,2,75,5,500.000000,500.000000,3.000000,150.000000,120.000000,6.000000,512,10000.000000,200.000000,164,15,70,0,641,0,9.146341,0.325200,4.683616,1.000000,-1.000000,1,0.567937,10.166012,8.522667
s1_density,vbf,3,75,5,500.000000,500.000000,3.000000,150.000000,120.000000,6.000000,512,10000.000000,200.000000,165,15,73,0,756,0,9.090909,0.325200,6.711737,1.000000,-1.000000,1,0.582395,11.355585,10.008000
s1_density,vbf,4,75,5,500.000000,500.000000,3.000000,150.000000,120.000000,6.000000,512,10000.000000,200.000000,163,7,41,0,709,0,4.294479,0.151760,4.395030,1.000000,-1.000000,1,0.640931,8.821602,9.596000
s1_density,vbf,5,75,5,500.000000,500.000000,3.000000,150.000000,120.000000,6.000000,512,10000.000000,200.000000,165,5,17,0,632,0,3.030303,0.108400,7.159943,1.000000,-1.000000,1,0.621764,7.870152,7.977333
s1_density,vbf,6,75,5,500.000000,500.000000,3.000000,150.000000,120.000000,6.000000,512,10000.000000,200.000000,165,7,17,0,514,0,4.242424,0.151760,8.400500,1.000000,-1.000000,1,0.475107,10.758088,6.601333
s1_density,vbf,7,75,5,500.000000,500.000000,3.000000,150.000000,120.000000,6.000000,512,10000.000000,200.000000,165,12,63,0,688,0,7.272727,0.260160,6.821805,1.000000,-1.000000,1,0.605795,9.394590,8.990667
s1_density,vbf,8,75,5,500.000000,500.000000,3.000000,150.000000,120.000000,6.000000,512,10000.000000,200.000000,164,5,10,0,527,0,3.048780,0.108400,6.290611,1.000000,-1.000000,1,0.487031,10.215984,6.522667
s1_density,vbf,9,75,5,500.000000,500.000000,3.000000,150.000000,120.000000,6.000000,512,10000.000000,200.000000,163,8,53,0,708,0,4.907975,0.173440,6.230683,1.000000,-1.000000,1,0.599422,9.517040,8.904000
s1_density,vbf,11,75,5,500.000000,500.000000,3.000000,150.000000,120.000000,6.000000,512,10000.000000,200.000000,165,12,27,0,608,0,7.272727,0.260160,7.095074,1.000000,-1.000000,1,0.555380,9.388720,7.540000
s1_density,vbf,10,75,5,500.000000,500.000000,3.000000,150.000000,120.000000,6.000000,512,10000.000000,200.000000,165,12,41,0,688,0,7.272727,0.260160,8.454716,1.000000,-1.000000,1,0.631591,8.751944,9.196000
s1_density,vbf,12,75,5,500.000000,500.000000,3.000000,150.000000,120.000000,6.000000,512,10000.000000,200.000000,165,13,64,0,648,0,7.878788,0.281840,5.495603,1.000000,-1.000000,1,0.568850,10.126221,8.516000
s1_density,vbf,13,75,5,500.000000,500.000000,3.000000,150.000000,120.000000,6.000000,512,10000.000000,200.000000,165,12,57,0,581,0,7.272727,0.260160,4.722976,1.000000,-1.000000,1,0.470665,12.316688,7.446667
s1_density,vbf,14,75,5,500.000000,500.000000,3.000000,150.000000,120.000000,6.000000,512,10000.000000,200.000000,165,13,77,0,727,0,7.878788,0.281840,6.153021,1.000000,-1.000000,1,0.598056,9.893931,9.212000
s1_density,vbf,15,75,5,500.000000,500.000000,3.000000,150.000000,120.000000,6.000000,512,10000.000000,200.000000,164,9,80,0,639,0,5.487805,0.195120,5.653058,1.000000,-1.000000,1,0.609863,8.599923,8.350667
s1_density,vbf,17,75,5,500.000000,500.000000,3.000000,150.000000,120.000000,6.000000,512,10000.000000,200.000000,163,11,65,0,497,0,6.748466,0.238480,3.792573,1.000000,-1.000000,1,0.511789,9.087402,6.301333
s1_density,vbf,16,75,5,500.000000,500.000000,3.000000,150.000000,120.000000,6.000000,512,10000.000000,200.000000,165,7,84,0,623,0,4.242424,0.151760,5.573651,1.000000,-1.000000,1,0.501383,12.076204,8.088000
s1_density,vbf,18,75,5,500.000000,500.000000,3.000000,150.000000,120.000000,6.000000,512,10000.000000,200.000000,165,7,65,0,705,0,4.242424,0.151760,7.879683,1.000000,-1.000000,1,0.681419,6.955460,8.848000
s1_density,vbf,19,75,5,500.000000,500.000000,3.000000,150.000000,120.000000,6.000000,512,10000.000000,200.000000,165,12,75,0,642,0,7.272727,0.260160,5.547450,1.000000,-1.000000,1,0.660274,7.146083,8.365333
s1_density,vbf,20,75,5,500.000000,500.000000,3.000000,150.000000,120.000000,6.000000,512,10000.000000,200.000000,164,10,57,0,790,0,6.097561,0.216800,6.469109,1.000000,-1.000000,1,0.704814,7.420843,10.393333
s1_density,hhvbf,1,75,5,500.000000,500.000000,3.000000,150.000000,120.000000,6.000000,512,10000.000000,200.000000,164,12,80,0,827,0,7.317073,0.260160,7.062595,1.000000,-1.000000,1,0.692114,8.159652,10.840000
s1_density,hhvbf,2,75,5,500.000000,500.000000,3.000000,150.000000,120.000000,6.000000,512,10000.000000,200.000000,164,16,80,0,821,0,9.756098,0.346880,6.757894,1.000000,-1.000000,1,0.658098,9.061118,10.518667
s1_density,hhvbf,3,75,5,500.000000,500.000000,3.000000,150.000000,120.000000,6.000000,512,10000.000000,200.000000,165,16,59,0,931,0,9.696970,0.346880,7.230971,1.000000,-1.000000,1,0.645551,10.542210,11.668000
s1_density,hhvbf,4,75,5,500.000000,500.000000,3.000000,150.000000,120.000000,6.000000,512,10000.000000,200.000000,163,14,46,0,903,0,8.588957,0.303520,6.119407,1.000000,-1.000000,1,0.683201,9.072484,11.624000
s1_density,hhvbf,5,75,5,500.000000,500.000000,3.000000,150.000000,120.000000,6.000000,512,10000.000000,200.000000,165,6,25,0,801,0,3.636364,0.130080,7.926632,1.000000,-1.000000,1,0.716575,6.655555,9.802667
s1_density,hhvbf,6,75,5,500.000000,500.000000,3.000000,150.000000,120.000000,6.000000,512,10000.000000,200.000000,165,7,17,0,631,0,4.242424,0.151760,8.845351,1.000000,-1.000000,1,0.537247,10.449738,7.892000
s1_density,hhvbf,7,75,5,500.000000,500.000000,3.000000,150.000000,120.000000,6.000000,512,10000.000000,200.000000,165,9,51,0,807,0,5.454545,0.195120,6.273606,1.000000,-1.000000,1,0.659203,8.796267,10.254667
s1_density,hhvbf,8,75,5,500.000000,500.000000,3.000000,150.000000,120.000000,6.000000,512,10000.000000,200.000000,164,7,11,0,615,0,4.268293,0.151760,6.977210,1.000000,-1.000000,1,0.500744,11.272012,7.533333
s1_density,hhvbf,9,75,5,500.000000,500.000000,3.000000,150.000000,120.000000,6.000000,512,10000.000000,200.000000,163,9,61,0,902,0,5.521472,0.195120,7.702943,1.000000,-1.000000,1,0.652378,9.658226,10.969333
s1_density,hhvbf,10,75,5,500.000000,500.000000,3.000000,150.000000,120.000000,6.000000,512,10000.000000,200.000000,165,14,31,0,819,0,8.484848,0.303520,9.108127,1.000000,-1.000000,1,0.669241,8.667868,10.506667
s1_density,hhvbf,11,75,5,500.000000,500.000000,3.000000,150.000000,120.000000,6.000000,512,10000.000000,200.000000,165,12,24,0,677,0,7.272727,0.260160,6.528388,1.000000,-1.000000,1,0.590356,9.106393,8.252000
s1_density,hhvbf,12,75,5,500.000000,500.000000,3.000000,150.000000,120.000000,6.000000,512,10000.000000,200.000000,165,15,63,0,773,0,9.090909,0.325200,7.425476,1.000000,-1.000000,1,0.611423,10.099058,9.861333
s1_density,hhvbf,13,75,5,500.000000,500.000000,3.000000,150.000000,120.000000,6.000000,512,10000.000000,200.000000,165,13,70,0,723,0,7.878788,0.281840,4.643084,1.000000,-1.000000,1,0.554810,11.459716,9.185333
s1_density,hhvbf,14,75,5,500.000000,500.000000,3.000000,150.000000,120.000000,6.000000,512,10000.000000,200.000000,165,14,83,0,854,0,8.484848,0.303520,7.993650,1.000000,-1.000000,1,0.635336,9.775572,10.414667
s1_density,hhvbf,15,75,5,500.000000,500.000000,3.000000,150.000000,120.000000,6.000000,512,10000.000000,200.000000,164,13,80,0,761,0,7.926829,0.281840,7.023752,1.000000,-1.000000,1,0.661286,8.079196,9.494667
s1_density,hhvbf,16,75,5,500.000000,500.000000,3.000000,150.000000,120.000000,6.000000,512,10000.000000,200.000000,165,7,67,0,711,0,4.242424,0.151760,6.081448,1.000000,-1.000000,1,0.583713,10.291628,9.112000
s1_density,hhvbf,17,75,5,500.000000,500.000000,3.000000,150.000000,120.000000,6.000000,512,10000.000000,200.000000,163,14,62,0,564,0,8.588957,0.303520,4.992329,1.000000,-1.000000,1,0.527229,9.595493,7.006667
s1_density,hhvbf,18,75,5,500.000000,500.000000,3.000000,150.000000,120.000000,6.000000,512,10000.000000,200.000000,165,9,66,0,856,0,5.454545,0.195120,10.631218,1.000000,-1.000000,1,0.739441,6.586971,10.746667
s1_density,hhvbf,19,75,5,500.000000,500.000000,3.000000,150.000000,120.000000,6.000000,512,10000.000000,200.000000,165,12,72,0,794,0,7.272727,0.260160,6.169927,1.000000,-1.000000,1,0.709782,7.051595,10.086667
s1_density,dbr,1,75,5,500.000000,500.000000,3.000000,150.000000,120.000000,6.000000,512,10000.000000,200.000000,164,3,30,0,233,0,1.829268,0.005640,10.390160,0.666667,-1.000000,1,0.403541,7.075492,3.410667
s1_density,hhvbf,20,75,5,500.000000,500.000000,3.000000,150.000000,120.000000,6.000000,512,10000.000000,200.000000,164,10,66,0,927,0,6.097561,0.216800,6.424065,1.000000,-1.000000,1,0.726899,7.892955,12.165333
s1_density,dbr,2,75,5,500.000000,500.000000,3.000000,150.000000,120.000000,6.000000,512,10000.000000,200.000000,164,5,22,0,236,0,3.048780,0.009400,81.239102,1.800000,-1.000000,1,0.355103,8.800473,3.576000
s1_density,dbr,3,75,5,500.000000,500.000000,3.000000,150.000000,120.000000,6.000000,512,10000.000000,200.000000,165,5,3,0,232,0,3.030303,0.009400,96.737217,2.800000,-1.000000,1,0.324629,9.410164,3.414667
s1_density,dbr,4,75,5,500.000000,500.000000,3.000000,150.000000,120.000000,6.000000,512,10000.000000,200.000000,163,3,13,0,235,0,1.840491,0.005640,27.114475,0.333333,-1.000000,1,0.393562,7.381098,3.437333
s1_density,dbr,5,75,5,500.000000,500.000000,3.000000,150.000000,120.000000,6.000000,512,10000.000000,200.000000,165,1,0,0,238,0,0.606061,0.001880,7.473978,3.000000,-1.000000,1,0.319563,8.339229,2.968000
s1_density,dbr,7,75,5,500.000000,500.000000,3.000000,150.000000,120.000000,6.000000,512,10000.000000,200.000000,165,0,0,0,236,0,0.000000,0.000000,0.000000,0.000000,-1.000000,1,0.402896,6.858369,3.298667
s1_density,dbr,6,75,5,500.000000,500.000000,3.000000,150.000000,120.000000,6.000000,512,10000.000000,200.000000,165,0,0,0,233,0,0.000000,0.000000,0.000000,0.000000,-1.000000,1,0.374394,7.517497,3.273333
s1_density,dbr,8,75,5,500.000000,500.000000,3.000000,150.000000,120.000000,6.000000,512,10000.000000,200.000000,164,0,0,0,237,0,0.000000,0.000000,0.000000,0.000000,-1.000000,1,0.360527,7.490547,3.104000
s1_density,dbr,9,75,5,500.000000,500.000000,3.000000,150.000000,120.000000,6.000000,512,10000.000000,200.000000,163,5,6,0,233,0,3.067485,0.009400,8.756234,4.000000,-1.000000,1,0.364986,8.011153,3.373333
s1_density,dbr,10,75,5,500.000000,500.000000,3.000000,150.000000,120.000000,6.000000,512,10000.000000,200.000000,165,3,0,0,236,0,1.818182,0.005640,91.306201,2.000000,-1.000000,1,0.358646,7.829846,3.222667
s1_density,dbr,11,75,5,500.000000,500.000000,3.000000,150.000000,120.000000,6.000000,512,10000.000000,200.000000,165,4,1,0,231,0,2.424242,0.007520,20.914900,4.750000,-1.000000,1,0.366711,7.222309,3.060000
s1_density,dbr,12,75,5,500.000000,500.000000,3.000000,150.000000,120.000000,6.000000,512,10000.000000,200.000000,165,4,30,0,236,0,2.424242,0.007520,103.319452,1.000000,-1.000000,1,0.390681,7.481441,3.449333
s1_density,dbr,13,75,5,500.000000,500.000000,3.000000,150.000000,120.000000,6.000000,512,10000.000000,200.000000,165,2,23,0,237,0,1.212121,0.003760,30.497473,0.500000,-1.000000,1,0.347854,8.365769,3.310667
s1_density,dbr,15,75,5,500.000000,500.000000,3.000000,150.000000,120.000000,6.000000,512,10000.000000,200.000000,164,2,27,0,234,0,1.219512,0.003760,6.142564,0.500000,-1.000000,1,0.340820,7.686481,2.964000
s1_density,dbr,14,75,5,500.000000,500.000000,3.000000,150.000000,120.000000,6.000000,512,10000.000000,200.000000,165,3,16,0,237,0,1.818182,0.005640,37.838823,2.333333,-1.000000,1,0.362400,7.628797,3.182667
s1_density,dbr,16,75,5,500.000000,500.000000,3.000000,150.000000,120.000000,6.000000,512,10000.000000,200.000000,165,2,15,0,236,0,1.212121,0.003760,56.425641,0.500000,-1.000000,1,0.361379,8.157264,3.390667
s1_density,dbr,17,75,5,500.000000,500.000000,3.000000,150.000000,120.000000,6.000000,512,10000.000000,200.000000,163,2,0,0,230,0,1.226994,0.003760,84.593967,3.000000,-1.000000,1,0.367466,7.049073,2.994667
s1_density,dbr,18,75,5,500.000000,500.000000,3.000000,150.000000,120.000000,6.000000,512,10000.000000,200.000000,165,2,0,0,236,0,1.212121,0.003760,8.424021,3.000000,-1.000000,1,0.358286,7.327526,3.012000
s1_density,dbr,19,75,5,500.000000,500.000000,3.000000,150.000000,120.000000,6.000000,512,10000.000000,200.000000,165,2,5,0,235,0,1.212121,0.003760,7.116765,0.500000,-1.000000,1,0.380592,7.061246,3.142667
s1_density,dbr,20,75,5,500.000000,500.000000,3.000000,150.000000,120.000000,6.000000,512,10000.000000,200.000000,164,1,0,0,236,0,0.609756,0.001880,8.278512,3.000000,-1.000000,1,0.430750,6.501773,3.438667
s1_density,adaptive,1,100,5,500.000000,500.000000,3.000000,150.000000,120.000000,6.000000,512,10000.000000,200.000000,164,80,99,63,2456,14,48.780488,1.331200,3.656045,2.425000,-1.000000,1,0.929578,3.850795,26.343000
s1_density,adaptive,3,100,5,500.000000,500.000000,3.000000,150.000000,120.000000,6.000000,512,10000.000000,200.000000,165,84,88,82,2513,15,50.909091,1.221120,3.232178,2.130952,-1.000000,1,0.939164,3.260678,25.958000
s1_density,adaptive,2,100,5,500.000000,500.000000,3.000000,150.000000,120.000000,6.000000,512,10000.000000,200.000000,164,86,105,99,2431,10,52.439024,1.262080,3.252575,2.186047,-1.000000,1,0.957373,2.359042,27.068000
s1_density,adaptive,4,100,5,500.000000,500.000000,3.000000,150.000000,120.000000,6.000000,512,10000.000000,200.000000,163,55,105,54,2404,10,33.742331,0.627200,1.441386,0.781818,-1.000000,1,0.925369,3.965083,25.535000
s1_density,adaptive,5,100,5,500.000000,500.000000,3.000000,150.000000,120.000000,6.000000,512,10000.000000,200.000000,165,57,58,80,2437,19,34.545455,0.879360,2.835883,1.754386,-1.000000,1,0.938775,3.103180,24.542000
s1_density,adaptive,6,100,5,500.000000,500.000000,3.000000,150.000000,120.000000,6.000000,512,10000.000000,200.000000,165,52,66,61,2471,18,31.515152,0.815360,3.562454,2.346154,-1.000000,1,0.924203,3.969553,25.154000
s1_density,adaptive,8,100,5,500.000000,500.000000,3.000000,150.000000,120.000000,6.000000,512,10000.000000,200.000000,164,70,93,84,2376,12,42.682927,0.953600,2.222998,1.342857,-1.000000,1,0.930036,3.650987,25.146000
s1_density,adaptive,7,100,5,500.000000,500.000000,3.000000,150.000000,120.000000,6.000000,512,10000.000000,200.000000,165,61,70,81,2527,23,36.969697,0.903680,3.735998,2.557377,-1.000000,1,0.937997,3.301001,25.768000
s1_density,adaptive,9,100,5,500.000000,500.000000,3.000000,150.000000,120.000000,6.000000,512,10000.000000,200.000000,163,61,97,80,2601,23,37.423313,0.942080,4.995804,3.622951,-1.000000,1,0.949716,2.721854,26.367000
s1_density,adaptive,10,100,5,500.000000,500.000000,3.000000,150.000000,120.000000,6.000000,512,10000.000000,200.000000,165,65,102,116,2489,29,39.393939,0.870400,2.745009,1.861538,-1.000000,1,0.955637,2.464208,27.143000
s1_density,adaptive,11,100,5,500.000000,500.000000,3.000000,150.000000,120.000000,6.000000,512,10000.000000,200.000000,165,84,98,99,2401,21,50.909091,1.125120,2.040016,1.250000,-1.000000,1,0.947005,2.797229,25.673000
s1_density,adaptive,12,100,5,500.000000,500.000000,3.000000,150.000000,120.000000,6.000000,512,10000.000000,200.000000,165,85,109,98,2581,24,51.515152,1.184000,3.344663,2.235294,-1.000000,1,0.937019,3.552095,27.283000
s1_density,adaptive,13,100,5,500.000000,500.000000,3.000000,150.000000,120.000000,6.000000,512,10000.000000,200.000000,165,46,66,54,2454,12,27.878788,0.673280,2.292423,1.369565,-1.000000,1,0.931868,3.750938,26.556000
s1_density,adaptive,14,100,5,500.000000,500.000000,3.000000,150.000000,120.000000,6.000000,512,10000.000000,200.000000,165,39,63,93,2566,23,23.636364,0.510720,3.418347,2.358974,-1.000000,1,0.956695,2.314954,26.137000
s1_density,adaptive,15,100,5,500.000000,500.000000,3.000000,150.000000,120.000000,6.000000,512,10000.000000,200.000000,164,73,71,96,2501,34,44.512195,1.091840,2.595832,1.589041,-1.000000,1,0.941528,3.201056,26.548000
s1_density,adaptive,17,100,5,500.000000,500.000000,3.000000,150.000000,120.000000,6.000000,512,10000.000000,200.000000,163,72,96,98,2505,36,44.171779,0.975360,3.046435,1.986111,-1.000000,1,0.932051,3.641466,25.853000
s1_density,adaptive,16,100,5,500.000000,500.000000,3.000000,150.000000,120.000000,6.000000,512,10000.000000,200.000000,165,57,65,71,2361,13,34.545455,0.956160,2.835814,1.771930,-1.000000,1,0.945175,2.837689,25.150000
s1_density,adaptive,18,100,5,500.000000,500.000000,3.000000,150.000000,120.000000,6.000000,512,10000.000000,200.000000,165,52,66,70,2478,10,31.515152,0.834560,4.819179,3.461538,-1.000000,1,0.940333,3.173276,25.774000
s1_density,adaptive,19,100,5,500.000000,500.000000,3.000000,150.000000,120.000000,6.000000,512,10000.000000,200.000000,165,71,95,51,2406,14,43.030303,1.108480,3.887292,2.619718,-1.000000,1,0.948586,2.760115,26.134000
s1_density,vbf,1,100,5,500.000000,500.000000,3.000000,150.000000,120.000000,6.000000,512,10000.000000,200.000000,164,14,77,0,806,0,8.536585,0.303520,6.977509,1.000000,-1.000000,1,0.617023,8.847285,8.815000
s1_density,adaptive,20,100,5,500.000000,500.000000,3.000000,150.000000,120.000000,6.000000,512,10000.000000,200.000000,164,67,70,122,2470,27,40.853659,1.122560,2.681595,1.626866,-1.000000,1,0.936419,3.656058,27.807000
s1_density,vbf,2,100,5,500.000000,500.000000,3.000000,150.000000,120.000000,6.000000,512,10000.000000,200.000000,164,26,66,0,930,0,15.853659,0.563680,7.423835,1.000000,-1.000000,1,0.722493,6.758288,10.215000
s1_density,vbf,3,100,5,500.000000,500.000000,3.000000,150.000000,120.000000,6.000000,512,10000.000000,200.000000,165,20,69,0,830,0,12.121212,0.433600,6.446272,1.000000,-1.000000,1,0.629179,8.463154,8.814000
s1_density,vbf,4,100,5,500.000000,500.000000,3.000000,150.000000,120.000000,6.000000,512,10000.000000,200.000000,163,15,61,0,768,0,9.202454,0.325200,6.342846,1.000000,-1.000000,1,0.584611,9.368850,8.321000
s1_density,vbf,5,100,5,500.000000,500.000000,3.000000,150.000000,120.000000,6.000000,512,10000.000000,200.000000,165,12,65,0,798,0,7.272727,0.260160,4.768604,1.000000,-1.000000,1,0.579319,9.413294,8.208000
s1_density,vbf,6,100,5,500.000000,500.000000,3.000000,150.000000,120.000000,6.000000,512,10000.000000,200.000000,165,10,61,0,787,0,6.060606,0.216800,7.693011,1.000000,-1.000000,1,0.599384,9.175205,8.583000
s1_density,vbf,7,100,5,500.000000,500.000000,3.000000,150.000000,120.000000,6.000000,512,10000.000000,200.000000,165,17,64,0,885,0,10.303030,0.368560,7.878982,1.000000,-1.000000,1,0.628449,8.797788,9.138000
s1_density,vbf,8,100,5,500.000000,500.000000,3.000000,150.000000,120.000000,6.000000,512,10000.000000,200.000000,164,15,31,0,717,0,9.146341,0.325200,5.045204,1.000000,-1.000000,1,0.548882,9.705383,7.624000
s1_density,vbf,9,100,5,500.000000,500.000000,3.000000,150.000000,120.000000,6.000000,512,10000.000000,200.000000,163,11,58,0,892,0,6.748466,0.238480,8.563472,1.000000,-1.000000,1,0.640089,8.367069,9.073000
s1_density,vbf,10,100,5,500.000000,500.000000,3.000000,150.000000,120.000000,6.000000,512,10000.000000,200.000000,165,18,50,0,827,0,10.909091,0.390240,9.228778,1.000000,-1.000000,1,0.675073,7.226405,8.963000
s1_density,vbf,11,100,5,500.000000,500.000000,3.000000,150.000000,120.000000,6.000000,512,10000.000000,200.000000,165,15,68,0,751,0,9.090909,0.325200,5.458399,1.000000,-1.000000,1,0.551102,10.136618,8.023000
s1_density,vbf,12,100,5,500.000000,500.000000,3.000000,150.000000,120.000000,6.000000,512,10000.000000,200.000000,165,21,73,0,979,0,12.727273,0.455280,6.775090,1.000000,-1.000000,1,0.726357,6.832858,10.506000
s1_density,vbf,13,100,5,500.000000,500.000000,3.000000,150.000000,120.000000,6.000000,512,10000.000000,200.000000,165,12,29,0,895,0,7.272727,0.260160,5.413452,1.000000,-1.000000,1,0.664655,8.194747,9.757000
s1_density,vbf,14,100,5,500.000000,500.000000,3.000000,150.000000,120.000000,6.000000,512,10000.000000,200.000000,165,13,27,0,931,0,7.878788,0.281840,9.378516,1.000000,-1.000000,1,0.709687,6.604293,9.443000
s1_density,vbf,16,100,5,500.000000,500.000000,3.000000,150.000000,120.000000,6.000000,512,10000.000000,200.000000,165,9,76,0,623,0,5.454545,0.195120,6.388928,1.000000,-1.000000,1,0.479214,10.317176,6.418000
s1_density,vbf,15,100,5,500.000000,500.000000,3.000000,150.000000,120.000000,6.000000,512,10000.000000,200.000000,164,16,68,0,866,0,9.756098,0.346880,6.359244,1.000000,-1.000000,1,0.662839,7.671626,9.070000
s1_density,vbf,17,100,5,500.000000,500.000000,3.000000,150.000000,120.000000,6.000000,512,10000.000000,200.000000,163,18,73,0,881,0,11.042945,0.390240,6.690812,1.000000,-1.000000,1,0.632915,8.788851,9.280000
s1_density,vbf,18,100,5,500.000000,500.000000,3.000000,150.000000,120.000000,6.000000,512,10000.000000,200.000000,165,12,57,0,785,0,7.272727,0.260160,10.204888,1.000000,-1.000000,1,0.686299,6.680448,8.667000
s1_density,vbf,19,100,5,500.000000,500.000000,3.000000,150.000000,120.000000,6.000000,512,10000.000000,200.000000,165,15,74,0,842,0,9.090909,0.325200,6.762841,1.000000,-1.000000,1,0.639310,8.349773,9.028000
s1_density,vbf,20,100,5,500.000000,500.000000,3.000000,150.000000,120.000000,6.000000,512,10000.000000,200.000000,164,11,69,0,786,0,6.707317,0.238480,5.199430,1.000000,-1.000000,1,0.627322,8.444613,8.735000
s1_density,hhvbf,1,100,5,500.000000,500.000000,3.000000,150.000000,120.000000,6.000000,512,10000.000000,200.000000,164,15,84,0,1036,0,9.146341,0.325200,8.345815,1.000000,-1.000000,1,0.703630,7.632104,10.636000
s1_density,hhvbf,2,100,5,500.000000,500.000000,3.000000,150.000000,120.000000,6.000000,512,10000.000000,200.000000,164,22,77,0,1153,0,13.414634,0.476960,7.595620,1.000000,-1.000000,1,0.786395,5.864027,12.085000
s1_density,hhvbf,3,100,5,500.000000,500.000000,3.000000,150.000000,120.000000,6.000000,512,10000.000000,200.000000,165,21,66,0,1043,0,12.727273,0.455280,6.989795,1.000000,-1.000000,1,0.695964,7.760841,10.475000
s1_density,hhvbf,4,100,5,500.000000,500.000000,3.000000,150.000000,120.000000,6.000000,512,10000.000000,200.000000,163,19,65,0,976,0,11.656442,0.411920,6.379031,1.000000,-1.000000,1,0.646917,9.298876,10.345000
s1_density,hhvbf,5,100,5,500.000000,500.000000,3.000000,150.000000,120.000000,6.000000,512,10000.000000,200.000000,165,13,62,0,1023,0,7.878788,0.281840,5.501861,1.000000,-1.000000,1,0.658814,8.727237,10.159000
s1_density,hhvbf,6,100,5,500.000000,500.000000,3.000000,150.000000,120.000000,6.000000,512,10000.000000,200.000000,165,12,56,0,950,0,7.272727,0.260160,7.691283,1.000000,-1.000000,1,0.641183,8.999741,9.799000
s1_density,hhvbf,7,100,5,500.000000,500.000000,3.000000,150.000000,120.000000,6.000000,512,10000.000000,200.000000,165,15,67,0,1014,0,9.090909,0.325200,10.419854,1.000000,-1.000000,1,0.686164,7.973583,10.339000
s1_density,hhvbf,8,100,5,500.000000,500.000000,3.000000,150.000000,120.000000,6.000000,512,10000.000000,200.000000,164,16,39,0,873,0,9.756098,0.346880,6.723042,1.000000,-1.000000,1,0.620228,9.129129,9.202000
s1_density,hhvbf,9,100,5,500.000000,500.000000,3.000000,150.000000,120.000000,6.000000,512,10000.000000,200.000000,163,11,59,0,1137,0,6.748466,0.238480,10.327453,1.000000,-1.000000,1,0.728921,7.190968,11.184000
s1_density,hhvbf,10,100,5,500.000000,500.000000,3.000000,150.000000,120.000000,6.000000,512,10000.000000,200.000000,165,20,52,0,1088,0,12.121212,0.433600,9.765361,1.000000,-1.000000,1,0.740310,6.684085,10.949000
s1_density,hhvbf,11,100,5,500.000000,500.000000,3.000000,150.000000,120.000000,6.000000,512,10000.000000,200.000000,165,14,67,0,853,0,8.484848,0.303520,5.899255,1.000000,-1.000000,1,0.575735,10.226485,8.807000
s1_density,hhvbf,12,100,5,500.000000,500.000000,3.000000,150.000000,120.000000,6.000000,512,10000.000000,200.000000,165,25,58,0,1204,0,15.151515,0.542000,7.672107,1.000000,-1.000000,1,0.781664,6.118705,12.295000
s1_density,hhvbf,13,100,5,500.000000,500.000000,3.000000,150.000000,120.000000,6.000000,512,10000.000000,200.000000,165,15,45,0,1126,0,9.090909,0.325200,6.828834,1.000000,-1.000000,1,0.756586,6.559025,11.606000
s1_density,hhvbf,14,100,5,500.000000,500.000000,3.000000,150.000000,120.000000,6.000000,512,10000.000000,200.000000,165,13,57,0,1214,0,7.878788,0.281840,10.904734,1.000000,-1.000000,1,0.786460,5.755257,11.865000
s1_density,hhvbf,15,100,5,500.000000,500.000000,3.000000,150.000000,120.000000,6.000000,512,10000.000000,200.000000,164,18,72,0,1047,0,10.975610,0.390240,8.616089,1.000000,-1.000000,1,0.720053,7.080557,10.588000
s1_density,hhvbf,16,100,5,500.000000,500.000000,3.000000,150.000000,120.000000,6.000000,512,10000.000000,200.000000,165,8,80,0,784,0,4.848485,0.173440,4.564852,1.000000,-1.000000,1,0.527336,10.775307,7.871000
s1_density,hhvbf,17,100,5,500.000000,500.000000,3.000000,150.000000,120.000000,6.000000,512,10000.000000,200.000000,163,19,70,0,1068,0,11.656442,0.411920,6.744783,1.000000,-1.000000,1,0.668782,8.802773,10.651000
s1_density,hhvbf,19,100,5,500.000000,500.000000,3.000000,150.000000,120.000000,6.000000,512,10000.000000,200.000000,165,16,87,0,929,0,9.696970,0.346880,7.532781,1.000000,-1.000000,1,0.690103,7.427130,9.786000
s1_density,hhvbf,18,100,5,500.000000,500.000000,3.000000,150.000000,120.000000,6.000000,512,10000.000000,200.000000,165,12,62,0,983,0,7.272727,0.260160,12.450592,1.000000,-1.000000,1,0.729288,6.483964,10.101000
s1_density,dbr,2,100,5,500.000000,500.000000,3.000000,150.000000,120.000000,6.000000,512,10000.000000,200.000000,164,1,0,0,258,0,0.609756,0.001880,7.646186,4.000000,-1.000000,1,0.422151,5.878946,3.020000
s1_density,dbr,1,100,5,500.000000,500.000000,3.000000,150.000000,120.000000,6.000000,512,10000.000000,200.000000,164,4,0,0,263,0,2.439024,0.007520,6.753386,2.250000,-1.000000,1,0.440753,6.336171,3.466000
s1_density,hhvbf,20,100,5,500.000000,500.000000,3.000000,150.000000,120.000000,6.000000,512,10000.000000,200.000000,164,11,78,0,998,0,6.707317,0.238480,5.135279,1.000000,-1.000000,1,0.697555,7.876927,10.702000
s1_density,dbr,3,100,5,500.000000,500.000000,3.000000,150.000000,120.000000,6.000000,512,10000.000000,200.000000,165,4,29,0,261,0,2.424242,0.007520,62.285777,0.500000,-1.000000,1,0.370565,6.674423,2.867000
s1_density,dbr,4,100,5,500.000000,500.000000,3.000000,150.000000,120.000000,6.000000,512,10000.000000,200.000000,163,3,15,0,262,0,1.840491,0.005640,23.883434,2.666667,-1.000000,1,0.465475,5.563559,3.306000
s1_density,dbr,5,100,5,500.000000,500.000000,3.000000,150.000000,120.000000,6.000000,512,10000.000000,200.000000,165,7,6,0,258,0,4.242424,0.013160,88.980894,2.428571,-1.000000,1,0.368294,6.803755,2.899000
s1_density,dbr,6,100,5,500.000000,500.000000,3.000000,150.000000,120.000000,6.000000,512,10000.000000,200.000000,165,3,0,0,259,0,1.818182,0.005640,7.822484,4.333333,-1.000000,1,0.399590,7.227917,3.437000
s1_density,dbr,7,100,5,500.000000,500.000000,3.000000,150.000000,120.000000,6.000000,512,10000.000000,200.000000,165,0,0,0,260,0,0.000000,0.000000,0.000000,0.000000,-1.000000,1,0.375713,6.405067,2.802000
s1_density,dbr,8,100,5,500.000000,500.000000,3.000000,150.000000,120.000000,6.000000,512,10000.000000,200.000000,164,1,12,0,261,0,0.609756,0.001880,54.489472,0.000000,-1.000000,1,0.427720,6.109013,3.198000
s1_density,dbr,9,100,5,500.000000,500.000000,3.000000,150.000000,120.000000,6.000000,512,10000.000000,200.000000,163,5,0,0,259,0,3.067485,0.009400,7.658970,4.400000,-1.000000,1,0.397899,6.269750,2.964000
s1_density,dbr,10,100,5,500.000000,500.000000,3.000000,150.000000,120.000000,6.000000,512,10000.000000,200.000000,165,5,0,0,263,0,3.030303,0.009400,7.674165,3.400000,-1.000000,1,0.377726,6.221239,2.741000
s1_density,dbr,11,100,5,500.000000,500.000000,3.000000,150.000000,120.000000,6.000000,512,10000.000000,200.000000,165,4,15,0,258,0,2.424242,0.007520,29.205644,5.250000,-1.000000,1,0.417326,6.292840,3.180000
s1_density,dbr,12,100,5,500.000000,500.000000,3.000000,150.000000,120.000000,6.000000,512,10000.000000,200.000000,165,4,6,0,260,0,2.424242,0.007520,91.267576,1.750000,-1.000000,1,0.417909,5.747114,2.910000
s1_density,dbr,13,100,5,500.000000,500.000000,3.000000,150.000000,120.000000,6.000000,512,10000.000000,200.000000,165,2,8,0,264,0,1.212121,0.003760,30.874804,0.500000,-1.000000,1,0.420380,6.507832,3.323000
s1_density,dbr,14,100,5,500.000000,500.000000,3.000000,150.000000,120.000000,6.000000,512,10000.000000,200.000000,165,3,0,0,264,0,1.818182,0.005640,7.557956,3.000000,-1.000000,1,0.380449,6.292214,2.799000
s1_density,dbr,15,100,5,500.000000,500.000000,3.000000,150.000000,120.000000,6.000000,512,10000.000000,200.000000,164,4,18,0,262,0,2.439024,0.007520,74.744412,1.500000,-1.000000,1,0.437237,6.130419,3.314000
s1_density,dbr,16,100,5,500.000000,500.000000,3.000000,150.000000,120.000000,6.000000,512,10000.000000,200.000000,165,2,15,0,263,0,1.212121,0.003760,56.084975,0.500000,-1.000000,1,0.389974,6.248944,2.874000
s1_density,dbr,17,100,5,500.000000,500.000000,3.000000,150.000000,120.000000,6.000000,512,10000.000000,200.000000,163,3,8,0,251,0,1.840491,0.005640,40.810429,1.666667,-1.000000,1,0.381340,6.312880,2.817000
s1_density,dbr,19,100,5,500.000000,500.000000,3.000000,150.000000,120.000000,6.000000,512,10000.000000,200.000000,165,3,6,0,261,0,1.818182,0.005640,10.096428,0.666667,-1.000000,1,0.381191,6.459686,2.881000
s1_density,dbr,18,100,5,500.000000,500.000000,3.000000,150.000000,120.000000,6.000000,512,10000.000000,200.000000,165,3,0,0,262,0,1.818182,0.005640,10.590389,7.666667,-1.000000,1,0.380758,6.761441,3.011000
s1_density,dbr,20,100,5,500.000000,500.000000,3.000000,150.000000,120.000000,6.000000,512,10000.000000,200.000000,164,5,11,0,263,0,3.048780,0.009400,82.316027,1.000000,-1.000000,1,0.462014,5.698007,3.347000
s1_density,adaptive,3,150,5,500.000000,500.000000,3.000000,150.000000,120.000000,6.000000,512,10000.000000,200.000000,165,94,117,56,3450,24,56.969697,1.214720,3.455481,2.308511,-1.000000,1,0.957057,2.539695,28.921333
s1_density,adaptive,1,150,5,500.000000,500.000000,3.000000,150.000000,120.000000,6.000000,512,10000.000000,200.000000,164,95,117,37,3365,16,57.926829,1.427200,3.572945,2.315789,-1.000000,1,0.939596,3.752057,30.090667
s1_density,adaptive,2,150,5,500.000000,500.000000,3.000000,150.000000,120.000000,6.000000,512,10000.000000,200.000000,164,89,170,59,3461,13,54.268293,0.977920,2.856666,1.955056,-1.000000,1,0.958044,2.805586,32.718667
s1_density,adaptive,4,150,5,500.000000,500.000000,3.000000,150.000000,120.000000,6.000000,512,10000.000000,200.000000,163,66,124,75,3599,28,40.490798,0.583680,2.342352,1.545455,-1.000000,1,0.949827,2.988268,29.013333
s1_density,adaptive,5,150,5,500.000000,500.000000,3.000000,150.000000,120.000000,6.000000,512,10000.000000,200.000000,165,54,77,72,3593,14,32.727273,0.721920,3.339529,2.203704,-1.000000,1,0.959690,2.428976,29.509333
s1_density,adaptive,6,150,5,500.000000,500.000000,3.000000,150.000000,120.000000,6.000000,512,10000.000000,200.000000,165,54,69,74,3441,40,32.727273,0.837120,3.316269,2.148148,-1.000000,1,0.950862,2.908005,28.844667
s1_density,adaptive,7,150,5,500.000000,500.000000,3.000000,150.000000,120.000000,6.000000,512,10000.000000,200.000000,165,105,98,72,3522,18,63.636364,1.593600,3.238879,2.104762,-1.000000,1,0.946417,3.398248,30.837333
s1_density,adaptive,8,150,5,500.000000,500.000000,3.000000,150.000000,120.000000,6.000000,512,10000.000000,200.000000,164,94,103,64,3540,23,57.317073,1.195520,2.198704,1.372340,-1.000000,1,0.950329,3.065058,30.068000
s1_density,adaptive,9,150,5,500.000000,500.000000,3.000000,150.000000,120.000000,6.000000,512,10000.000000,200.000000,163,78,103,83,3484,16,47.852761,1.079040,3.153450,2.153846,-1.000000,1,0.948963,3.167332,30.217333
s1_density,adaptive,10,150,5,500.000000,500.000000,3.000000,150.000000,120.000000,6.000000,512,10000.000000,200.000000,165,102,113,49,3641,20,61.818182,1.416960,3.031938,2.039216,-1.000000,1,0.955408,2.801967,30.701333
s1_density,adaptive,11,150,5,500.000000,500.000000,3.000000,150.000000,120.000000,6.000000,512,10000.000000,200.000000,165,61,129,79,3415,21,36.969697,0.615680,2.036531,1.295082,-1.000000,1,0.960095,2.357978,28.943333
s1_density,adaptive,12,150,5,500.000000,500.000000,3.000000,150.000000,120.000000,6.000000,512,10000.000000,200.000000,165,95,137,72,3491,21,57.575758,1.196800,2.778332,1.810526,-1.000000,1,0.944778,3.428588,30.162000
s1_density,adaptive,13,150,5,500.000000,500.000000,3.000000,150.000000,120.000000,6.000000,512,10000.000000,200.000000,165,41,84,68,3359,16,24.848485,0.513280,1.573033,0.804878,-1.000000,1,0.943104,3.666214,31.275333
s1_density,adaptive,14,150,5,500.000000,500.000000,3.000000,150.000000,120.000000,6.000000,512,10000.000000,200.000000,165,71,114,87,3484,21,43.030303,1.012480,2.886500,1.901408,-1.000000,1,0.954507,2.762467,29.654667
s1_density,adaptive,15,150,5,500.000000,500.000000,3.000000,150.000000,120.000000,6.000000,512,10000.000000,200.000000,164,64,155,114,3453,18,39.024390,0.619520,2.164319,1.375000,-1.000000,1,0.956409,2.678294,30.036000
s1_density,adaptive,16,150,5,500.000000,500.000000,3.000000,150.000000,120.000000,6.000000,512,10000.000000,200.000000,165,63,111,42,3614,12,38.181818,0.906240,5.053885,3.746032,-1.000000,1,0.949954,3.146439,30.628667
s1_density,adaptive,17,150,5,500.000000,500.000000,3.000000,150.000000,120.000000,6.000000,512,10000.000000,200.000000,163,100,131,50,3324,14,61.349693,1.395200,2.203163,1.360000,-1.000000,1,0.944713,3.287525,28.886000
s1_density,adaptive,18,150,5,500.000000,500.000000,3.000000,150.000000,120.000000,6.000000,512,10000.000000,200.000000,165,90,84,23,3506,6,54.545455,1.516800,4.269288,2.933333,-1.000000,1,0.951448,2.928038,29.403333
s1_density,adaptive,19,150,5,500.000000,500.000000,3.000000,150.000000,120.000000,6.000000,512,10000.000000,200.000000,165,96,112,35,3564,17,58.181818,1.543680,4.006865,2.677083,-1.000000,1,0.948534,3.107803,29.395333
s1_density,vbf,1,150,5,500.000000,500.000000,3.000000,150.000000,120.000000,6.000000,512,10000.000000,200.000000,164,21,90,0,964,0,12.804878,0.455280,7.340033,1.000000,-1.000000,1,0.617462,8.228335,8.211333
s1_density,adaptive,20,150,5,500.000000,500.000000,3.000000,150.000000,120.000000,6.000000,512,10000.000000,200.000000,164,67,72,61,3485,11,40.853659,1.026560,3.222643,2.089552,-1.000000,1,0.943293,3.602209,30.834667
s1_density,vbf,2,150,5,500.000000,500.000000,3.000000,150.000000,120.000000,6.000000,512,10000.000000,200.000000,164,29,76,0,1034,0,17.682927,0.628720,5.994516,1.000000,-1.000000,1,0.645381,7.798101,8.625333
s1_density,vbf,3,150,5,500.000000,500.000000,3.000000,150.000000,120.000000,6.000000,512,10000.000000,200.000000,165,24,59,0,1063,0,14.545455,0.520320,7.454224,1.000000,-1.000000,1,0.609417,9.044166,8.768000
s1_density,vbf,4,150,5,500.000000,500.000000,3.000000,150.000000,120.000000,6.000000,512,10000.000000,200.000000,163,26,58,0,1232,0,15.950920,0.563680,7.826088,1.000000,-1.000000,1,0.690180,7.534575,9.930667
s1_density,vbf,5,150,5,500.000000,500.000000,3.000000,150.000000,120.000000,6.000000,512,10000.000000,200.000000,165,13,52,0,1154,0,7.878788,0.281840,5.806013,1.000000,-1.000000,1,0.692133,6.968771,9.258667
s1_density,vbf,6,150,5,500.000000,500.000000,3.000000,150.000000,120.000000,6.000000,512,10000.000000,200.000000,165,10,72,0,1020,0,6.060606,0.216800,7.742161,1.000000,-1.000000,1,0.622417,8.290450,8.423333
s1_density,vbf,7,150,5,500.000000,500.000000,3.000000,150.000000,120.000000,6.000000,512,10000.000000,200.000000,165,22,63,0,1123,0,13.333333,0.476960,7.965177,1.000000,-1.000000,1,0.679659,7.274353,9.188667
s1_density,vbf,8,150,5,500.000000,500.000000,3.000000,150.000000,120.000000,6.000000,512,10000.000000,200.000000,164,22,49,0,1056,0,13.414634,0.476960,5.316724,1.000000,-1.000000,1,0.681930,6.798973,8.666667
s1_density,vbf,9,150,5,500.000000,500.000000,3.000000,150.000000,120.000000,6.000000,512,10000.000000,200.000000,163,15,74,0,960,0,9.202454,0.325200,7.463010,1.000000,-1.000000,1,0.561556,9.300144,7.628000
s1_density,vbf,11,150,5,500.000000,500.000000,3.000000,150.000000,120.000000,6.000000,512,10000.000000,200.000000,165,14,36,0,996,0,8.484848,0.303520,5.243678,1.000000,-1.000000,1,0.659163,7.053181,8.221333
s1_density,vbf,10,150,5,500.000000,500.000000,3.000000,150.000000,120.000000,6.000000,512,10000.000000,200.000000,165,31,55,0,1321,0,18.787879,0.672080,8.436771,1.000000,-1.000000,1,0.718403,7.086904,10.521333
s1_density,vbf,12,150,5,500.000000,500.000000,3.000000,150.000000,120.000000,6.000000,512,10000.000000,200.000000,165,27,62,0,1143,0,16.363636,0.585360,8.344431,1.000000,-1.000000,1,0.722665,6.429876,9.726000
s1_density,vbf,13,150,5,500.000000,500.000000,3.000000,150.000000,120.000000,6.000000,512,10000.000000,200.000000,165,9,20,0,883,0,5.454545,0.195120,4.020376,1.000000,-1.000000,1,0.560928,9.035052,7.394667
s1_density,vbf,14,150,5,500.000000,500.000000,3.000000,150.000000,120.000000,6.000000,512,10000.000000,200.000000,165,21,75,0,1016,0,12.727273,0.455280,6.234400,1.000000,-1.000000,1,0.583230,9.237186,8.164667
s1_density,vbf,15,150,5,500.000000,500.000000,3.000000,150.000000,120.000000,6.000000,512,10000.000000,200.000000,164,16,38,0,788,0,9.756098,0.346880,5.509787,1.000000,-1.000000,1,0.477499,9.962390,6.162000
s1_density,vbf,17,150,5,500.000000,500.000000,3.000000,150.000000,120.000000,6.000000,512,10000.000000,200.000000,163,24,76,0,824,0,14.723926,0.520320,5.109906,1.000000,-1.000000,1,0.498412,10.382811,6.885333
s1_density,vbf,16,150,5,500.000000,500.000000,3.000000,150.000000,120.000000,6.000000,512,10000.000000,200.000000,165,17,83,0,1379,0,10.303030,0.368560,9.542572,1.000000,-1.000000,1,0.755821,6.319105,11.140000
s1_density,vbf,18,150,5,500.000000,500.000000,3.000000,150.000000,120.000000,6.000000,512,10000.000000,200.000000,165,16,77,0,1108,0,9.696970,0.346880,8.724626,1.000000,-1.000000,1,0.653703,7.904249,9.022667
s1_density,vbf,19,150,5,500.000000,500.000000,3.000000,150.000000,120.000000,6.000000,512,10000.000000,200.000000,165,18,93,0,1131,0,10.909091,0.390240,6.951279,1.000000,-1.000000,1,0.662713,7.837851,9.262000
s1_density,vbf,20,150,5,500.000000,500.000000,3.000000,150.000000,120.000000,6.000000,512,10000.000000,200.000000,164,16,61,0,1131,0,9.756098,0.346880,6.337267,1.000000,-1.000000,1,0.682855,7.458910,9.543333
s1_density,hhvbf,1,150,5,500.000000,500.000000,3.000000,150.000000,120.000000,6.000000,512,10000.000000,200.000000,164,23,83,0,1230,0,14.024390,0.498640,8.461041,1.000000,-1.000000,1,0.697307,7.302964,9.912000
s1_density,hhvbf,2,150,5,500.000000,500.000000,3.000000,150.000000,120.000000,6.000000,512,10000.000000,200.000000,164,34,75,0,1284,0,20.731707,0.737120,8.385963,1.000000,-1.000000,1,0.690824,7.687295,10.158667
s1_density,hhvbf,4,150,5,500.000000,500.000000,3.000000,150.000000,120.000000,6.000000,512,10000.000000,200.000000,163,31,53,0,1629,0,19.018405,0.672080,8.417716,1.000000,-1.000000,1,0.774403,6.236745,12.065333
s1_density,hhvbf,3,150,5,500.000000,500.000000,3.000000,150.000000,120.000000,6.000000,512,10000.000000,200.000000,165,29,62,0,1376,0,17.575758,0.628720,6.969813,1.000000,-1.000000,1,0.676104,8.463171,10.540000
s1_density,hhvbf,6,150,5,500.000000,500.000000,3.000000,150.000000,120.000000,6.000000,512,10000.000000,200.000000,165,9,63,0,1300,0,5.454545,0.195120,10.284121,1.000000,-1.000000,1,0.692262,7.446034,9.898000
s1_density,hhvbf,5,150,5,500.000000,500.000000,3.000000,150.000000,120.000000,6.000000,512,10000.000000,200.000000,165,16,51,0,1531,0,9.696970,0.346880,6.772291,1.000000,-1.000000,1,0.761412,6.339930,11.486667
s1_density,hhvbf,7,150,5,500.000000,500.000000,3.000000,150.000000,120.000000,6.000000,512,10000.000000,200.000000,165,23,54,0,1473,0,13.939394,0.498640,7.916770,1.000000,-1.000000,1,0.745719,6.648346,11.168667
s1_density,hhvbf,8,150,5,500.000000,500.000000,3.000000,150.000000,120.000000,6.000000,512,10000.000000,200.000000,164,27,67,0,1367,0,16.463415,0.585360,6.794479,1.000000,-1.000000,1,0.745519,6.208943,10.420667
s1_density,hhvbf,9,150,5,500.000000,500.000000,3.000000,150.000000,120.000000,6.000000,512,10000.000000,200.000000,163,19,72,0,1280,0,11.656442,0.411920,7.687091,1.000000,-1.000000,1,0.646513,8.847615,9.828000
s1_density,hhvbf,10,150,5,500.000000,500.000000,3.000000,150.000000,120.000000,6.000000,512,10000.000000,200.000000,165,30,75,0,1685,0,18.181818,0.650400,8.905431,1.000000,-1.000000,1,0.791535,5.868665,12.438000
s1_density,hhvbf,11,150,5,500.000000,500.000000,3.000000,150.000000,120.000000,6.000000,512,10000.000000,200.000000,165,19,39,0,1269,0,11.515152,0.411920,8.879694,1.000000,-1.000000,1,0.709539,6.756124,9.654000
s1_density,hhvbf,12,150,5,500.000000,500.000000,3.000000,150.000000,120.000000,6.000000,512,10000.000000,200.000000,165,33,70,0,1515,0,20.000000,0.715440,6.804959,1.000000,-1.000000,1,0.775419,6.098498,11.860000
s1_density,hhvbf,13,150,5,500.000000,500.000000,3.000000,150.000000,120.000000,6.000000,512,10000.000000,200.000000,165,14,32,0,1121,0,8.484848,0.303520,8.605782,1.000000,-1.000000,1,0.641510,8.227054,8.968667
s1_density,hhvbf,15,150,5,500.000000,500.000000,3.000000,150.000000,120.000000,6.000000,512,10000.000000,200.000000,164,20,54,0,1045,0,12.195122,0.433600,7.425015,1.000000,-1.000000,1,0.535987,10.320476,7.761333
s1_density,hhvbf,14,150,5,500.000000,500.000000,3.000000,150.000000,120.000000,6.000000,512,10000.000000,200.000000,165,20,87,0,1250,0,12.121212,0.433600,7.346799,1.000000,-1.000000,1,0.662773,8.191339,9.682000
s1_density,hhvbf,16,150,5,500.000000,500.000000,3.000000,150.000000,120.000000,6.000000,512,10000.000000,200.000000,165,19,76,0,1770,0,11.515152,0.411920,10.988211,1.000000,-1.000000,1,0.825414,5.209266,13.492000
s1_density,hhvbf,17,150,5,500.000000,500.000000,3.000000,150.000000,120.000000,6.000000,512,10000.000000,200.000000,163,28,77,0,1049,0,17.177914,0.607040,5.675758,1.000000,-1.000000,1,0.551833,10.283283,8.159333
s1_density,hhvbf,18,150,5,500.000000,500.000000,3.000000,150.000000,120.000000,6.000000,512,10000.000000,200.000000,165,18,91,0,1411,0,10.909091,0.390240,9.274293,1.000000,-1.000000,1,0.695820,8.079561,10.898667
s1_density,dbr,1,150,5,500.000000,500.000000,3.000000,150.000000,120.000000,6.000000,512,10000.000000,200.000000,164,4,0,0,311,0,2.439024,0.007520,6.044777,2.000000,-1.000000,1,0.486571,5.297787,3.377333
s1_density,dbr,2,150,5,500.000000,500.000000,3.000000,150.000000,120.000000,6.000000,512,10000.000000,200.000000,164,4,0,0,311,0,2.439024,0.007520,7.604124,4.250000,-1.000000,1,0.457804,4.681214,2.711333
s1_density,hhvbf,20,150,5,500.000000,500.000000,3.000000,150.000000,120.000000,6.000000,512,10000.000000,200.000000,164,16,88,0,1588,0,9.756098,0.346880,7.081676,1.000000,-1.000000,1,0.782086,6.035999,12.156000
s1_density,hhvbf,19,150,5,500.000000,500.000000,3.000000,150.000000,120.000000,6.000000,512,10000.000000,200.000000,165,18,98,0,1481,0,10.909091,0.390240,9.745861,1.000000,-1.000000,1,0.751110,6.483344,11.173333
s1_density,dbr,3,150,5,500.000000,500.000000,3.000000,150.000000,120.000000,6.000000,512,10000.000000,200.000000,165,4,1,0,313,0,2.424242,0.007520,53.642114,3.000000,-1.000000,1,0.472209,5.153693,3.132000
s1_density,dbr,4,150,5,500.000000,500.000000,3.000000,150.000000,120.000000,6.000000,512,10000.000000,200.000000,163,4,0,0,311,0,2.453988,0.007520,103.763072,2.750000,-1.000000,1,0.444872,5.234611,2.903333
s1_density,dbr,5,150,5,500.000000,500.000000,3.000000,150.000000,120.000000,6.000000,512,10000.000000,200.000000,165,4,0,0,311,0,2.424242,0.007520,7.436965,3.250000,-1.000000,1,0.418346,5.085187,2.578667
s1_density,dbr,6,150,5,500.000000,500.000000,3.000000,150.000000,120.000000,6.000000,512,10000.000000,200.000000,165,4,0,0,312,0,2.424242,0.007520,7.944041,5.000000,-1.000000,1,0.488429,4.873276,3.126000
s1_density,dbr,7,150,5,500.000000,500.000000,3.000000,150.000000,120.000000,6.000000,512,10000.000000,200.000000,165,5,24,0,314,0,3.030303,0.009400,68.637623,1.000000,-1.000000,1,0.467263,4.807793,2.874000
s1_density,dbr,8,150,5,500.000000,500.000000,3.000000,150.000000,120.000000,6.000000,512,10000.000000,200.000000,164,5,20,0,313,0,3.048780,0.009400,40.117139,2.000000,-1.000000,1,0.470579,4.580653,2.768667
s1_density,dbr,9,150,5,500.000000,500.000000,3.000000,150.000000,120.000000,6.000000,512,10000.000000,200.000000,163,5,0,0,312,0,3.067485,0.009400,8.194769,3.400000,-1.000000,1,0.447135,5.023227,2.807333
s1_density,dbr,10,150,5,500.000000,500.000000,3.000000,150.000000,120.000000,6.000000,512,10000.000000,200.000000,165,6,16,0,313,0,3.636364,0.011280,18.692461,2.333333,-1.000000,1,0.427997,5.388246,2.823333
s1_density,dbr,11,150,5,500.000000,500.000000,3.000000,150.000000,120.000000,6.000000,512,10000.000000,200.000000,165,3,3,0,313,0,1.818182,0.005640,14.533434,1.000000,-1.000000,1,0.485413,4.660033,2.959333
s1_density,dbr,12,150,5,500.000000,500.000000,3.000000,150.000000,120.000000,6.000000,512,10000.000000,200.000000,165,5,10,0,313,0,3.030303,0.009400,55.063045,2.000000,-1.000000,1,0.496052,4.801767,3.159333
s1_density,dbr,13,150,5,500.000000,500.000000,3.000000,150.000000,120.000000,6.000000,512,10000.000000,200.000000,165,5,8,0,313,0,3.030303,0.009400,16.012823,1.400000,-1.000000,1,0.468330,5.110762,3.066000
s1_density,dbr,14,150,5,500.000000,500.000000,3.000000,150.000000,120.000000,6.000000,512,10000.000000,200.000000,165,5,10,0,313,0,3.030303,0.009400,10.976997,2.400000,-1.000000,1,0.451611,4.988395,2.830000
s1_density,dbr,16,150,5,500.000000,500.000000,3.000000,150.000000,120.000000,6.000000,512,10000.000000,200.000000,165,4,0,0,312,0,2.424242,0.007520,8.803318,6.250000,-1.000000,1,0.413466,5.937815,2.961333
s1_density,dbr,15,150,5,500.000000,500.000000,3.000000,150.000000,120.000000,6.000000,512,10000.000000,200.000000,164,4,2,0,311,0,2.439024,0.007520,51.482440,2.500000,-1.000000,1,0.377115,5.590951,2.458000
s1_density,dbr,17,150,5,500.000000,500.000000,3.000000,150.000000,120.000000,6.000000,512,10000.000000,200.000000,163,7,10,0,312,0,4.294479,0.013160,53.223008,1.428571,-1.000000,1,0.467052,4.831276,2.886000
s1_density,dbr,18,150,5,500.000000,500.000000,3.000000,150.000000,120.000000,6.000000,512,10000.000000,200.000000,165,5,0,0,314,0,3.030303,0.009400,8.088589,3.800000,-1.000000,1,0.505659,4.592516,3.120000
s1_density,dbr,19,150,5,500.000000,500.000000,3.000000,150.000000,120.000000,6.000000,512,10000.000000,200.000000,165,6,14,0,311,0,3.636364,0.011280,20.303667,3.166667,-1.000000,1,0.492413,4.623419,3.005333
s1_density,dbr,20,150,5,500.000000,500.000000,3.000000,150.000000,120.000000,6.000000,512,10000.000000,200.000000,164,6,11,0,307,0,3.658537,0.011280,35.700996,1.666667,-1.000000,1,0.464971,4.925611,2.922000
s1_density,adaptive,1,200,5,500.000000,500.000000,3.000000,150.000000,120.000000,6.000000,512,10000.000000,200.000000,164,69,129,34,4534,10,42.073171,0.817920,3.757200,2.652174,-1.000000,1,0.955901,3.014545,33.409000
s1_density,adaptive,3,200,5,500.000000,500.000000,3.000000,150.000000,120.000000,6.000000,512,10000.000000,200.000000,165,100,135,48,4405,15,60.606061,1.145600,2.983452,2.010000,-1.000000,1,0.959547,2.782635,33.683000
s1_density,adaptive,2,200,5,500.000000,500.000000,3.000000,150.000000,120.000000,6.000000,512,10000.000000,200.000000,164,111,154,27,4323,22,67.682927,1.044480,2.076074,1.378378,-1.000000,1,0.952457,3.446185,35.360000
s1_density,adaptive,4,200,5,500.000000,500.000000,3.000000,150.000000,120.000000,6.000000,512,10000.000000,200.000000,163,78,143,79,4363,15,47.852761,0.791040,1.848209,1.076923,-1.000000,1,0.954948,3.093527,33.542000
s1_density,adaptive,5,200,5,500.000000,500.000000,3.000000,150.000000,120.000000,6.000000,512,10000.000000,200.000000,165,58,90,33,4466,11,35.151515,0.765440,3.717316,2.568966,-1.000000,1,0.960682,2.606061,32.476000
s1_density,adaptive,6,200,5,500.000000,500.000000,3.000000,150.000000,120.000000,6.000000,512,10000.000000,200.000000,165,77,97,34,4296,9,46.666667,1.154560,3.371272,2.155844,-1.000000,1,0.956728,2.900385,32.772000
s1_density,adaptive,7,200,5,500.000000,500.000000,3.000000,150.000000,120.000000,6.000000,512,10000.000000,200.000000,165,98,116,39,4358,13,59.393939,1.315840,2.613401,1.632653,-1.000000,1,0.942701,4.189239,35.478000
s1_density,adaptive,8,200,5,500.000000,500.000000,3.000000,150.000000,120.000000,6.000000,512,10000.000000,200.000000,164,82,196,53,4369,23,50.000000,0.546560,1.701913,1.121951,-1.000000,1,0.959271,2.665157,32.038000
s1_density,adaptive,9,200,5,500.000000,500.000000,3.000000,150.000000,120.000000,6.000000,512,10000.000000,200.000000,163,92,124,37,4577,38,56.441718,1.231360,3.252497,2.184783,-1.000000,1,0.958293,2.862731,33.589000
s1_density,adaptive,10,200,5,500.000000,500.000000,3.000000,150.000000,120.000000,6.000000,512,10000.000000,200.000000,165,96,131,46,4425,14,58.181818,1.121280,2.140445,1.312500,-1.000000,1,0.964430,2.377910,32.821000
s1_density,adaptive,11,200,5,500.000000,500.000000,3.000000,150.000000,120.000000,6.000000,512,10000.000000,200.000000,165,103,152,50,4288,25,62.424242,1.053440,1.355077,0.718447,-1.000000,1,0.952934,3.206184,33.239500
s1_density,adaptive,12,200,5,500.000000,500.000000,3.000000,150.000000,120.000000,6.000000,512,10000.000000,200.000000,165,102,156,66,4329,20,61.818182,1.167360,1.961181,1.186275,-1.000000,1,0.952441,3.265395,33.493500
s1_density,adaptive,13,200,5,500.000000,500.000000,3.000000,150.000000,120.000000,6.000000,512,10000.000000,200.000000,165,54,97,62,4378,10,32.727273,0.645120,2.492732,1.648148,-1.000000,1,0.944208,4.120398,35.867000
s1_density,adaptive,14,200,5,500.000000,500.000000,3.000000,150.000000,120.000000,6.000000,512,10000.000000,200.000000,165,60,121,67,4502,22,36.363636,0.729600,2.961157,1.933333,-1.000000,1,0.953384,3.118258,32.648000
s1_density,adaptive,15,200,5,500.000000,500.000000,3.000000,150.000000,120.000000,6.000000,512,10000.000000,200.000000,164,98,161,47,4448,4,59.756098,1.027840,2.237398,1.408163,-1.000000,1,0.963275,2.451619,32.753500
s1_density,adaptive,16,200,5,500.000000,500.000000,3.000000,150.000000,120.000000,6.000000,512,10000.000000,200.000000,165,83,102,35,4342,10,50.303030,1.200640,3.051507,1.975904,-1.000000,1,0.950516,3.526848,34.732000
s1_density,adaptive,17,200,5,500.000000,500.000000,3.000000,150.000000,120.000000,6.000000,512,10000.000000,200.000000,163,97,145,16,4455,8,59.509202,1.045760,3.267524,2.350515,-1.000000,1,0.955848,2.926901,32.397500
s1_density,adaptive,18,200,5,500.000000,500.000000,3.000000,150.000000,120.000000,6.000000,512,10000.000000,200.000000,165,74,103,10,4365,3,44.848485,1.112320,3.815636,2.554054,-1.000000,1,0.953730,3.206173,33.826000
s1_density,adaptive,19,200,5,500.000000,500.000000,3.000000,150.000000,120.000000,6.000000,512,10000.000000,200.000000,165,73,135,14,4520,12,44.242424,0.899840,3.660470,2.589041,-1.000000,1,0.954271,3.080508,32.894000
s1_density,vbf,1,200,5,500.000000,500.000000,3.000000,150.000000,120.000000,6.000000,512,10000.000000,200.000000,164,21,75,0,1513,0,12.804878,0.455280,8.325308,1.000000,-1.000000,1,0.742232,6.000946,9.918000
s1_density,vbf,2,200,5,500.000000,500.000000,3.000000,150.000000,120.000000,6.000000,512,10000.000000,200.000000,164,43,51,0,1292,0,26.219512,0.932240,7.566513,1.000000,-1.000000,1,0.710237,6.411921,9.189500
s1_density,adaptive,20,200,5,500.000000,500.000000,3.000000,150.000000,120.000000,6.000000,512,10000.000000,200.000000,164,61,170,59,4423,15,37.195122,0.654080,3.721077,2.704918,-1.000000,1,0.955889,3.112782,34.487500
s1_density,vbf,3,200,5,500.000000,500.000000,3.000000,150.000000,120.000000,6.000000,512,10000.000000,200.000000,165,30,65,0,1199,0,18.181818,0.650400,6.453223,1.000000,-1.000000,1,0.619548,7.836907,7.880000
s1_density,vbf,4,200,5,500.000000,500.000000,3.000000,150.000000,120.000000,6.000000,512,10000.000000,200.000000,163,24,64,0,1203,0,14.723926,0.520320,6.182270,1.000000,-1.000000,1,0.623850,8.071694,8.244000
s1_density,vbf,6,200,5,500.000000,500.000000,3.000000,150.000000,120.000000,6.000000,512,10000.000000,200.000000,165,17,89,0,1129,0,10.303030,0.368560,9.178931,1.000000,-1.000000,1,0.612832,8.060811,7.911000
s1_density,vbf,5,200,5,500.000000,500.000000,3.000000,150.000000,120.000000,6.000000,512,10000.000000,200.000000,165,14,50,0,1339,0,8.484848,0.303520,9.347141,1.000000,-1.000000,1,0.711231,6.430565,9.255500
s1_density,vbf,7,200,5,500.000000,500.000000,3.000000,150.000000,120.000000,6.000000,512,10000.000000,200.000000,165,23,55,0,986,0,13.939394,0.498640,7.442486,1.000000,-1.000000,1,0.549640,8.528170,6.716500
s1_density,vbf,8,200,5,500.000000,500.000000,3.000000,150.000000,120.000000,6.000000,512,10000.000000,200.000000,164,27,34,0,1092,0,16.463415,0.585360,7.014998,1.000000,-1.000000,1,0.612668,7.599634,7.454000
s1_density,vbf,9,200,5,500.000000,500.000000,3.000000,150.000000,120.000000,6.000000,512,10000.000000,200.000000,163,25,75,0,1577,0,15.337423,0.542000,9.860591,1.000000,-1.000000,1,0.772693,5.374404,10.306000
s1_density,vbf,11,200,5,500.000000,500.000000,3.000000,150.000000,120.000000,6.000000,512,10000.000000,200.000000,165,24,59,0,982,0,14.545455,0.520320,5.199201,1.000000,-1.000000,1,0.574049,8.047253,6.890000
s1_density,vbf,10,200,5,500.000000,500.000000,3.000000,150.000000,120.000000,6.000000,512,10000.000000,200.000000,165,31,50,0,1424,0,18.787879,0.672080,8.728443,1.000000,-1.000000,1,0.692171,7.179029,9.539500
s1_density,vbf,12,200,5,500.000000,500.000000,3.000000,150.000000,120.000000,6.000000,512,10000.000000,200.000000,165,26,83,0,1106,0,15.757576,0.563680,6.419165,1.000000,-1.000000,1,0.624940,7.847530,8.047000
s1_density,vbf,13,200,5,500.000000,500.000000,3.000000,150.000000,120.000000,6.000000,512,10000.000000,200.000000,165,16,42,0,1225,0,9.696970,0.346880,7.782270,1.000000,-1.000000,1,0.640871,7.675114,8.347000
s1_density,vbf,14,200,5,500.000000,500.000000,3.000000,150.000000,120.000000,6.000000,512,10000.000000,200.000000,165,20,70,0,1422,0,12.121212,0.433600,7.718989,1.000000,-1.000000,1,0.722177,6.253911,9.439500
s1_density,vbf,15,200,5,500.000000,500.000000,3.000000,150.000000,120.000000,6.000000,512,10000.000000,200.000000,164,24,52,0,1244,0,14.634146,0.520320,6.230943,1.000000,-1.000000,1,0.659904,7.244962,8.469000
s1_density,vbf,16,200,5,500.000000,500.000000,3.000000,150.000000,120.000000,6.000000,512,10000.000000,200.000000,165,22,82,0,1079,0,13.333333,0.476960,6.616978,1.000000,-1.000000,1,0.603608,7.752897,7.362000
s1_density,vbf,17,200,5,500.000000,500.000000,3.000000,150.000000,120.000000,6.000000,512,10000.000000,200.000000,163,24,66,0,1389,0,14.723926,0.520320,8.582007,1.000000,-1.000000,1,0.693867,6.985672,9.347500
s1_density,vbf,18,200,5,500.000000,500.000000,3.000000,150.000000,120.000000,6.000000,512,10000.000000,200.000000,165,18,71,0,1238,0,10.909091,0.390240,6.599152,1.000000,-1.000000,1,0.693883,6.415034,8.584500
s1_density,vbf,19,200,5,500.000000,500.000000,3.000000,150.000000,120.000000,6.000000,512,10000.000000,200.000000,165,23,75,0,1356,0,13.939394,0.498640,9.945119,1.000000,-1.000000,1,0.707055,6.475691,9.156000
s1_density,vbf,20,200,5,500.000000,500.000000,3.000000,150.000000,120.000000,6.000000,512,10000.000000,200.000000,164,24,70,0,1407,0,14.634146,0.520320,10.975087,1.000000,-1.000000,1,0.739595,6.069835,9.910000
s1_density,hhvbf,1,200,5,500.000000,500.000000,3.000000,150.000000,120.000000,6.000000,512,10000.000000,200.000000,164,24,67,0,2030,0,14.634146,0.520320,9.194386,1.000000,-1.000000,1,0.810171,5.167671,12.184000
s1_density,hhvbf,2,200,5,500.000000,500.000000,3.000000,150.000000,120.000000,6.000000,512,10000.000000,200.000000,164,45,63,0,1708,0,27.439024,0.975600,8.729456,1.000000,-1.000000,1,0.790878,5.274766,11.139000
s1_density,hhvbf,3,200,5,500.000000,500.000000,3.000000,150.000000,120.000000,6.000000,512,10000.000000,200.000000,165,37,50,0,1497,0,22.424242,0.802160,7.556400,1.000000,-1.000000,1,0.689883,7.130341,9.386500
s1_density,hhvbf,4,200,5,500.000000,500.000000,3.000000,150.000000,120.000000,6.000000,512,10000.000000,200.000000,163,32,74,0,1534,0,19.631902,0.693760,7.984143,1.000000,-1.000000,1,0.689522,7.442484,9.783000
s1_density,hhvbf,6,200,5,500.000000,500.000000,3.000000,150.000000,120.000000,6.000000,512,10000.000000,200.000000,165,19,74,0,1531,0,11.515152,0.411920,9.696784,1.000000,-1.000000,1,0.666939,7.915332,9.508500
s1_density,hhvbf,5,200,5,500.000000,500.000000,3.000000,150.000000,120.000000,6.000000,512,10000.000000,200.000000,165,16,69,0,2004,0,9.696970,0.346880,9.656155,1.000000,-1.000000,1,0.794278,5.662933,12.185500
s1_density,hhvbf,7,200,5,500.000000,500.000000,3.000000,150.000000,120.000000,6.000000,512,10000.000000,200.000000,165,26,52,0,1404,0,15.757576,0.563680,8.725375,1.000000,-1.000000,1,0.641929,8.227321,8.983000
s1_density,hhvbf,8,200,5,500.000000,500.000000,3.000000,150.000000,120.000000,6.000000,512,10000.000000,200.000000,164,27,29,0,1567,0,16.463415,0.585360,8.276183,1.000000,-1.000000,1,0.719353,6.496542,9.685000
s1_density,hhvbf,9,200,5,500.000000,500.000000,3.000000,150.000000,120.000000,6.000000,512,10000.000000,200.000000,163,25,68,0,2114,0,15.337423,0.542000,8.947563,1.000000,-1.000000,1,0.831452,4.653028,12.533000
s1_density,hhvbf,10,200,5,500.000000,500.000000,3.000000,150.000000,120.000000,6.000000,512,10000.000000,200.000000,165,34,57,0,2049,0,20.606061,0.737120,8.722346,1.000000,-1.000000,1,0.807719,5.385432,12.514500
s1_density,hhvbf,11,200,5,500.000000,500.000000,3.000000,150.000000,120.000000,6.000000,512,10000.000000,200.000000,165,30,58,0,1288,0,18.181818,0.650400,7.094593,1.000000,-1.000000,1,0.629323,8.192368,8.536500
s1_density,hhvbf,12,200,5,500.000000,500.000000,3.000000,150.000000,120.000000,6.000000,512,10000.000000,200.000000,165,31,68,0,1485,0,18.787879,0.672080,9.639752,1.000000,-1.000000,1,0.728282,6.279186,9.738000
s1_density,hhvbf,13,200,5,500.000000,500.000000,3.000000,150.000000,120.000000,6.000000,512,10000.000000,200.000000,165,22,53,0,1631,0,13.333333,0.476960,8.044501,1.000000,-1.000000,1,0.741935,6.330070,10.447500
s1_density,hhvbf,14,200,5,500.000000,500.000000,3.000000,150.000000,120.000000,6.000000,512,10000.000000,200.000000,165,22,86,0,1959,0,13.333333,0.476960,9.561183,1.000000,-1.000000,1,0.813838,5.019143,12.097000
s1_density,hhvbf,16,200,5,500.000000,500.000000,3.000000,150.000000,120.000000,6.000000,512,10000.000000,200.000000,165,23,71,0,1495,0,13.939394,0.498640,7.309869,1.000000,-1.000000,1,0.720120,6.480139,9.693000
s1_density,hhvbf,15,200,5,500.000000,500.000000,3.000000,150.000000,120.000000,6.000000,512,10000.000000,200.000000,164,34,66,0,1780,0,20.731707,0.737120,7.004212,1.000000,-1.000000,1,0.770316,5.737747,10.870000
s1_density,hhvbf,17,200,5,500.000000,500.000000,3.000000,150.000000,120.000000,6.000000,512,10000.000000,200.000000,163,28,53,0,1879,0,17.177914,0.607040,8.351950,1.000000,-1.000000,1,0.742435,6.809521,11.265000
s1_density,hhvbf,18,200,5,500.000000,500.000000,3.000000,150.000000,120.000000,6.000000,512,10000.000000,200.000000,165,19,88,0,1655,0,11.515152,0.411920,10.361534,1.000000,-1.000000,1,0.768586,5.507428,10.342500
s1_density,hhvbf,19,200,5,500.000000,500.000000,3.000000,150.000000,120.000000,6.000000,512,10000.000000,200.000000,165,24,65,0,1807,0,14.545455,0.520320,12.242977,1.000000,-1.000000,1,0.779618,5.594284,11.120500
s1_density,dbr,1,200,5,500.000000,500.000000,3.000000,150.000000,120.000000,6.000000,512,10000.000000,200.000000,164,6,0,0,360,0,3.658537,0.011280,6.695679,2.333333,-1.000000,1,0.493147,4.191113,2.731000
s1_density,dbr,2,200,5,500.000000,500.000000,3.000000,150.000000,120.000000,6.000000,512,10000.000000,200.000000,164,8,5,0,361,0,4.878049,0.015040,20.040134,3.750000,-1.000000,1,0.520311,4.504098,3.213500
s1_density,dbr,3,200,5,500.000000,500.000000,3.000000,150.000000,120.000000,6.000000,512,10000.000000,200.000000,165,4,8,0,357,0,2.424242,0.007520,91.280352,1.500000,-1.000000,1,0.475265,4.514284,2.771500
s1_density,dbr,4,200,5,500.000000,500.000000,3.000000,150.000000,120.000000,6.000000,512,10000.000000,200.000000,163,3,22,0,362,0,1.840491,0.005640,28.788981,0.333333,-1.000000,1,0.524276,3.952949,2.858000
s1_density,dbr,5,200,5,500.000000,500.000000,3.000000,150.000000,120.000000,6.000000,512,10000.000000,200.000000,165,4,0,0,362,0,2.424242,0.007520,7.767796,5.000000,-1.000000,1,0.454995,4.849431,2.782500
s1_density,hhvbf,20,200,5,500.000000,500.000000,3.000000,150.000000,120.000000,6.000000,512,10000.000000,200.000000,164,26,75,0,1947,0,15.853659,0.563680,10.040547,1.000000,-1.000000,1,0.856789,3.791808,12.217500
s1_density,dbr,6,200,5,500.000000,500.000000,3.000000,150.000000,120.000000,6.000000,512,10000.000000,200.000000,165,8,0,0,364,0,4.848485,0.015040,7.034123,4.000000,-1.000000,1,0.505157,4.720380,3.201500
s1_density,dbr,7,200,5,500.000000,500.000000,3.000000,150.000000,120.000000,6.000000,512,10000.000000,200.000000,165,6,22,0,363,0,3.636364,0.011280,37.103078,1.166667,-1.000000,1,0.498949,4.463113,2.965000
s1_density,dbr,8,200,5,500.000000,500.000000,3.000000,150.000000,120.000000,6.000000,512,10000.000000,200.000000,164,7,6,0,363,0,4.268293,0.013160,15.807411,2.857143,-1.000000,1,0.507349,4.142944,2.830500
s1_density,dbr,9,200,5,500.000000,500.000000,3.000000,150.000000,120.000000,6.000000,512,10000.000000,200.000000,163,7,7,0,361,0,4.294479,0.013160,28.481603,3.714286,-1.000000,1,0.502261,4.020334,2.700500
s1_density,dbr,10,200,5,500.000000,500.000000,3.000000,150.000000,120.000000,6.000000,512,10000.000000,200.000000,165,7,38,0,359,0,4.242424,0.013160,41.066478,1.142857,-1.000000,1,0.516779,4.118695,2.904000
s1_density,dbr,11,200,5,500.000000,500.000000,3.000000,150.000000,120.000000,6.000000,512,10000.000000,200.000000,165,6,25,0,360,0,3.636364,0.011280,54.168648,2.333333,-1.000000,1,0.496838,4.669702,3.080500
s1_density,dbr,12,200,5,500.000000,500.000000,3.000000,150.000000,120.000000,6.000000,512,10000.000000,200.000000,165,5,27,0,363,0,3.030303,0.009400,48.703684,1.400000,-1.000000,1,0.541588,3.940596,3.020000
s1_density,dbr,13,200,5,500.000000,500.000000,3.000000,150.000000,120.000000,6.000000,512,10000.000000,200.000000,165,5,8,0,359,0,3.030303,0.009400,16.230530,1.400000,-1.000000,1,0.524593,4.044765,2.927500
s1_density,dbr,14,200,5,500.000000,500.000000,3.000000,150.000000,120.000000,6.000000,512,10000.000000,200.000000,165,5,9,0,363,0,3.030303,0.009400,15.023424,1.800000,-1.000000,1,0.524457,3.891798,2.815500
s1_density,dbr,15,200,5,500.000000,500.000000,3.000000,150.000000,120.000000,6.000000,512,10000.000000,200.000000,164,7,10,0,358,0,4.268293,0.013160,18.235297,3.428571,-1.000000,1,0.525561,4.002733,2.906500
s1_density,dbr,17,200,5,500.000000,500.000000,3.000000,150.000000,120.000000,6.000000,512,10000.000000,200.000000,163,5,6,0,361,0,3.067485,0.009400,38.217369,4.400000,-1.000000,1,0.502411,4.353115,2.925500
s1_density,dbr,16,200,5,500.000000,500.000000,3.000000,150.000000,120.000000,6.000000,512,10000.000000,200.000000,165,5,0,0,360,0,3.030303,0.009400,7.121258,4.600000,-1.000000,1,0.488214,4.403291,2.822500
s1_density,dbr,18,200,5,500.000000,500.000000,3.000000,150.000000,120.000000,6.000000,512,10000.000000,200.000000,165,5,0,0,364,0,3.030303,0.009400,7.131748,3.200000,-1.000000,1,0.522917,3.816768,2.747000
s1_density,dbr,19,200,5,500.000000,500.000000,3.000000,150.000000,120.000000,6.000000,512,10000.000000,200.000000,165,3,0,0,362,0,1.818182,0.005640,7.809295,4.000000,-1.000000,1,0.490470,4.226328,2.729500
s1_density,dbr,20,200,5,500.000000,500.000000,3.000000,150.000000,120.000000,6.000000,512,10000.000000,200.000000,164,7,0,0,361,0,4.268293,0.013160,7.968851,4.571429,-1.000000,1,0.510375,4.028137,2.780000
