label,protocol,seed,nNodes,nSources,fieldSize,waterDepth,maxSpeed,basePipeR,commRange,packetInterval,payloadBytes,bitRate,simTime,generated,delivered,duplicates,dropped,transmissions,fallbacks,pdr_pct,throughput_kbps,mean_delay_s,mean_hops,lifetime_s,lifetime_censored,jain_fairness,energy_gap_J,mean_consumed_J
s3_area,adaptive,1,50,5,200.000000,200.000000,3.000000,150.000000,120.000000,6.000000,512,10000.000000,200.000000,164,105,252,28,1015,6,64.024390,1.228800,1.243005,0.571429,-1.000000,1,0.983398,1.509613,45.084000
s3_area,adaptive,2,50,5,200.000000,200.000000,3.000000,150.000000,120.000000,6.000000,512,10000.000000,200.000000,164,98,280,24,974,20,59.756098,1.066240,0.853592,0.285714,-1.000000,1,0.989463,0.974153,45.980000
s3_area,adaptive,3,50,5,200.000000,200.000000,3.000000,150.000000,120.000000,6.000000,512,10000.000000,200.000000,165,101,231,26,1053,9,61.212121,1.223680,0.970319,0.356436,-1.000000,1,0.979988,1.801801,44.564000
s3_area,adaptive,4,50,5,200.000000,200.000000,3.000000,150.000000,120.000000,6.000000,512,10000.000000,200.000000,163,106,239,8,1042,1,65.030675,1.345280,1.313464,0.584906,-1.000000,1,0.986511,1.225914,45.134000
s3_area,adaptive,5,50,5,200.000000,200.000000,3.000000,150.000000,120.000000,6.000000,512,10000.000000,200.000000,165,88,187,28,1091,25,53.333333,0.995840,0.900924,0.329545,-1.000000,1,0.984623,1.303634,42.062000
s3_area,adaptive,6,50,5,200.000000,200.000000,3.000000,150.000000,120.000000,6.000000,512,10000.000000,200.000000,165,106,210,19,1071,6,64.242424,1.422080,1.467574,0.707547,-1.000000,1,0.984760,1.267841,41.276000
s3_area,adaptive,7,50,5,200.000000,200.000000,3.000000,150.000000,120.000000,6.000000,512,10000.000000,200.000000,165,101,251,13,984,6,61.212121,1.185280,1.073273,0.455446,-1.000000,1,0.983876,1.403603,43.172000
s3_area,adaptive,8,50,5,200.000000,200.000000,3.000000,150.000000,120.000000,6.000000,512,10000.000000,200.000000,164,102,211,33,1020,26,62.195122,1.205760,1.205334,0.519608,-1.000000,1,0.981667,1.475756,39.876000
s3_area,adaptive,9,50,5,200.000000,200.000000,3.000000,150.000000,120.000000,6.000000,512,10000.000000,200.000000,163,111,227,16,1004,14,68.098160,1.466880,1.173376,0.486486,-1.000000,1,0.987437,1.072549,42.418000
s3_area,adaptive,10,50,5,200.000000,200.000000,3.000000,150.000000,120.000000,6.000000,512,10000.000000,200.000000,165,122,163,16,1085,11,73.939394,1.807360,1.438530,0.647541,-1.000000,1,0.988268,0.985327,41.746000
s3_area,adaptive,11,50,5,200.000000,200.000000,3.000000,150.000000,120.000000,6.000000,512,10000.000000,200.000000,165,113,216,35,1002,10,68.484848,1.431040,1.156475,0.486726,-1.000000,1,0.986176,1.237894,44.462000
s3_area,adaptive,12,50,5,200.000000,200.000000,3.000000,150.000000,120.000000,6.000000,512,10000.000000,200.000000,165,101,266,36,1030,24,61.212121,1.185280,1.020824,0.405941,-1.000000,1,0.987969,1.058328,43.716000
s3_area,adaptive,13,50,5,200.000000,200.000000,3.000000,150.000000,120.000000,6.000000,512,10000.000000,200.000000,165,98,252,4,1040,13,59.393939,1.277440,1.380018,0.632653,-1.000000,1,0.989515,0.942690,44.716000
s3_area,adaptive,14,50,5,200.000000,200.000000,3.000000,150.000000,120.000000,6.000000,512,10000.000000,200.000000,165,94,256,7,1058,6,56.969697,1.176320,1.256402,0.563830,-1.000000,1,0.990622,0.837718,44.454000
s3_area,adaptive,15,50,5,200.000000,200.000000,3.000000,150.000000,120.000000,6.000000,512,10000.000000,200.000000,164,108,198,57,1012,28,65.853659,1.309440,0.889668,0.287037,-1.000000,1,0.988596,0.945124,41.200000
s3_area,adaptive,16,50,5,200.000000,200.000000,3.000000,150.000000,120.000000,6.000000,512,10000.000000,200.000000,165,89,244,2,1075,18,53.939394,1.054720,1.445599,0.741573,-1.000000,1,0.989485,0.879048,41.580000
s3_area,adaptive,17,50,5,200.000000,200.000000,3.000000,150.000000,120.000000,6.000000,512,10000.000000,200.000000,163,87,263,39,1024,11,53.374233,0.898560,1.013457,0.448276,-1.000000,1,0.984170,1.351831,42.358000
s3_area,adaptive,18,50,5,200.000000,200.000000,3.000000,150.000000,120.000000,6.000000,512,10000.000000,200.000000,165,96,209,17,1020,3,58.181818,1.102080,1.263268,0.593750,-1.000000,1,0.983504,1.405111,42.236000
s3_area,adaptive,19,50,5,200.000000,200.000000,3.000000,150.000000,120.000000,6.000000,512,10000.000000,200.000000,165,96,305,7,987,10,58.181818,1.063680,1.158251,0.531250,-1.000000,1,0.984984,1.395421,46.114000
s3_area,vbf,1,50,5,200.000000,200.000000,3.000000,150.000000,120.000000,6.000000,512,10000.000000,200.000000,164,28,59,0,597,0,17.073171,0.607040,4.168453,1.000000,-1.000000,1,0.907963,2.946314,15.234000
s3_area,adaptive,20,50,5,200.000000,200.000000,3.000000,150.000000,120.000000,6.000000,512,10000.000000,200.000000,164,106,175,5,1007,14,64.634146,1.345280,1.129719,0.471698,-1.000000,1,0.988334,1.020152,43.466000
s3_area,vbf,2,50,5,200.000000,200.000000,3.000000,150.000000,120.000000,6.000000,512,10000.000000,200.000000,164,25,55,0,557,0,15.243902,0.542000,3.345513,1.000000,-1.000000,1,0.936147,1.969811,14.916000
s3_area,vbf,3,50,5,200.000000,200.000000,3.000000,150.000000,120.000000,6.000000,512,10000.000000,200.000000,165,34,66,0,586,0,20.606061,0.737120,4.327854,1.000000,-1.000000,1,0.928399,2.331097,15.674000
s3_area,vbf,4,50,5,200.000000,200.000000,3.000000,150.000000,120.000000,6.000000,512,10000.000000,200.000000,163,22,66,0,593,0,13.496933,0.476960,3.925523,1.000000,-1.000000,1,0.927277,2.250617,14.890000
s3_area,vbf,6,50,5,200.000000,200.000000,3.000000,150.000000,120.000000,6.000000,512,10000.000000,200.000000,165,29,70,0,621,0,17.575758,0.628720,4.510756,1.000000,-1.000000,1,0.932222,2.175528,15.486000
s3_area,vbf,5,50,5,200.000000,200.000000,3.000000,150.000000,120.000000,6.000000,512,10000.000000,200.000000,165,26,42,0,630,0,15.757576,0.563680,5.180181,1.000000,-1.000000,1,0.937299,2.143014,16.536000
s3_area,vbf,7,50,5,200.000000,200.000000,3.000000,150.000000,120.000000,6.000000,512,10000.000000,200.000000,165,29,59,0,562,0,17.575758,0.628720,4.225469,1.000000,-1.000000,1,0.937961,1.911198,14.910000
s3_area,vbf,8,50,5,200.000000,200.000000,3.000000,150.000000,120.000000,6.000000,512,10000.000000,200.000000,164,30,51,0,521,0,18.292683,0.650400,4.737109,1.000000,-1.000000,1,0.911977,2.544842,13.790000
s3_area,vbf,9,50,5,200.000000,200.000000,3.000000,150.000000,120.000000,6.000000,512,10000.000000,200.000000,163,25,67,0,505,0,15.337423,0.542000,4.569346,1.000000,-1.000000,1,0.932772,1.985611,14.254000
s3_area,vbf,10,50,5,200.000000,200.000000,3.000000,150.000000,120.000000,6.000000,512,10000.000000,200.000000,165,29,68,0,619,0,17.575758,0.628720,4.456048,1.000000,-1.000000,1,0.943686,1.805931,15.570000
s3_area,vbf,11,50,5,200.000000,200.000000,3.000000,150.000000,120.000000,6.000000,512,10000.000000,200.000000,165,29,65,0,532,0,17.575758,0.628720,4.061753,1.000000,-1.000000,1,0.921045,2.386192,14.490000
s3_area,vbf,12,50,5,200.000000,200.000000,3.000000,150.000000,120.000000,6.000000,512,10000.000000,200.000000,165,28,70,0,580,0,16.969697,0.607040,4.234376,1.000000,-1.000000,1,0.922207,2.484114,15.320000
s3_area,vbf,13,50,5,200.000000,200.000000,3.000000,150.000000,120.000000,6.000000,512,10000.000000,200.000000,165,24,65,0,563,0,14.545455,0.520320,4.170275,1.000000,-1.000000,1,0.920858,2.326394,14.092000
s3_area,vbf,14,50,5,200.000000,200.000000,3.000000,150.000000,120.000000,6.000000,512,10000.000000,200.000000,165,28,74,0,549,0,16.969697,0.607040,5.595860,1.000000,-1.000000,1,0.935777,1.929569,14.524000
s3_area,vbf,15,50,5,200.000000,200.000000,3.000000,150.000000,120.000000,6.000000,512,10000.000000,200.000000,164,27,64,0,586,0,16.463415,0.585360,4.118576,1.000000,-1.000000,1,0.924856,2.405344,15.380000
s3_area,vbf,16,50,5,200.000000,200.000000,3.000000,150.000000,120.000000,6.000000,512,10000.000000,200.000000,165,27,68,0,609,0,16.363636,0.585360,5.326762,1.000000,-1.000000,1,0.941760,1.871835,15.588000
s3_area,vbf,17,50,5,200.000000,200.000000,3.000000,150.000000,120.000000,6.000000,512,10000.000000,200.000000,163,35,65,0,499,0,21.472393,0.758800,5.180067,1.000000,-1.000000,1,0.874169,4.060122,15.050000
s3_area,vbf,18,50,5,200.000000,200.000000,3.000000,150.000000,120.000000,6.000000,512,10000.000000,200.000000,165,29,60,0,546,0,17.575758,0.628720,4.373020,1.000000,-1.000000,1,0.917427,2.578989,14.944000
s3_area,vbf,19,50,5,200.000000,200.000000,3.000000,150.000000,120.000000,6.000000,512,10000.000000,200.000000,165,29,50,0,528,0,17.575758,0.628720,4.285131,1.000000,-1.000000,1,0.923404,2.283737,14.314000
s3_area,vbf,20,50,5,200.000000,200.000000,3.000000,150.000000,120.000000,6.000000,512,10000.000000,200.000000,164,29,70,0,588,0,17.682927,0.628720,4.593612,1.000000,-1.000000,1,0.959598,1.267444,15.362000
s3_area,hhvbf,1,50,5,200.000000,200.000000,3.000000,150.000000,120.000000,6.000000,512,10000.000000,200.000000,164,30,47,0,580,0,18.292683,0.650400,5.152836,1.000000,-1.000000,1,0.918198,2.490568,14.574000
s3_area,hhvbf,3,50,5,200.000000,200.000000,3.000000,150.000000,120.000000,6.000000,512,10000.000000,200.000000,165,30,55,0,564,0,18.181818,0.650400,5.335465,1.000000,-1.000000,1,0.937442,1.918154,14.836000
s3_area,hhvbf,2,50,5,200.000000,200.000000,3.000000,150.000000,120.000000,6.000000,512,10000.000000,200.000000,164,30,60,0,532,0,18.292683,0.650400,4.601110,1.000000,-1.000000,1,0.929922,2.075109,14.268000
s3_area,hhvbf,4,50,5,200.000000,200.000000,3.000000,150.000000,120.000000,6.000000,512,10000.000000,200.000000,163,23,77,0,603,0,14.110429,0.498640,3.900301,1.000000,-1.000000,1,0.912595,2.770433,15.124000
s3_area,hhvbf,5,50,5,200.000000,200.000000,3.000000,150.000000,120.000000,6.000000,512,10000.000000,200.000000,165,28,40,0,638,0,16.969697,0.607040,4.662402,1.000000,-1.000000,1,0.929022,2.302655,15.624000
s3_area,hhvbf,6,50,5,200.000000,200.000000,3.000000,150.000000,120.000000,6.000000,512,10000.000000,200.000000,165,28,72,0,634,0,16.969697,0.607040,4.684704,1.000000,-1.000000,1,0.929222,2.401114,16.340000
s3_area,hhvbf,7,50,5,200.000000,200.000000,3.000000,150.000000,120.000000,6.000000,512,10000.000000,200.000000,165,30,71,0,552,0,18.181818,0.650400,4.457135,1.000000,-1.000000,1,0.942883,1.797186,15.270000
s3_area,hhvbf,9,50,5,200.000000,200.000000,3.000000,150.000000,120.000000,6.000000,512,10000.000000,200.000000,163,28,77,0,607,0,17.177914,0.607040,4.117484,1.000000,-1.000000,1,0.912097,2.831986,15.368000
s3_area,hhvbf,8,50,5,200.000000,200.000000,3.000000,150.000000,120.000000,6.000000,512,10000.000000,200.000000,164,33,66,0,561,0,20.121951,0.715440,4.260064,1.000000,-1.000000,1,0.917796,2.633236,15.330000
s3_area,hhvbf,10,50,5,200.000000,200.000000,3.000000,150.000000,120.000000,6.000000,512,10000.000000,200.000000,165,25,49,0,604,0,15.151515,0.542000,4.651856,1.000000,-1.000000,1,0.948447,1.568506,14.810000
s3_area,hhvbf,11,50,5,200.000000,200.000000,3.000000,150.000000,120.000000,6.000000,512,10000.000000,200.000000,165,32,55,0,533,0,19.393939,0.693760,5.064892,1.000000,-1.000000,1,0.919909,2.448499,14.648000
s3_area,hhvbf,12,50,5,200.000000,200.000000,3.000000,150.000000,120.000000,6.000000,512,10000.000000,200.000000,165,34,59,0,610,0,20.606061,0.737120,5.293338,1.000000,-1.000000,1,0.935958,2.107541,15.910000
s3_area,hhvbf,13,50,5,200.000000,200.000000,3.000000,150.000000,120.000000,6.000000,512,10000.000000,200.000000,165,28,88,0,600,0,16.969697,0.607040,4.783913,1.000000,-1.000000,1,0.930755,2.218401,15.444000
s3_area,hhvbf,14,50,5,200.000000,200.000000,3.000000,150.000000,120.000000,6.000000,512,10000.000000,200.000000,165,27,63,0,663,0,16.363636,0.585360,5.512777,1.000000,-1.000000,1,0.930541,2.313148,16.052000
s3_area,hhvbf,15,50,5,200.000000,200.000000,3.000000,150.000000,120.000000,6.000000,512,10000.000000,200.000000,164,28,69,0,606,0,17.073171,0.607040,3.435045,1.000000,-1.000000,1,0.941478,1.936455,16.046000
s3_area,hhvbf,17,50,5,200.000000,200.000000,3.000000,150.000000,120.000000,6.000000,512,10000.000000,200.000000,163,35,47,0,600,0,21.472393,0.758800,4.736816,1.000000,-1.000000,1,0.863474,4.433113,15.046000
s3_area,hhvbf,16,50,5,200.000000,200.000000,3.000000,150.000000,120.000000,6.000000,512,10000.000000,200.000000,165,30,72,0,662,0,18.181818,0.650400,5.261690,1.000000,-1.000000,1,0.936572,2.088707,15.926000
s3_area,hhvbf,18,50,5,200.000000,200.000000,3.000000,150.000000,120.000000,6.000000,512,10000.000000,200.000000,165,26,69,0,569,0,15.757576,0.563680,4.458329,1.000000,-1.000000,1,0.935498,1.971348,14.772000
s3_area,hhvbf,19,50,5,200.000000,200.000000,3.000000,150.000000,120.000000,6.000000,512,10000.000000,200.000000,165,34,54,0,566,0,20.606061,0.737120,4.660080,1.000000,-1.000000,1,0.933254,2.045777,14.796000
s3_area,dbr,1,50,5,200.000000,200.000000,3.000000,150.000000,120.000000,6.000000,512,10000.000000,200.000000,164,9,94,0,211,0,5.487805,0.016920,10.328706,0.555556,-1.000000,1,0.854706,3.644075,11.558000
s3_area,hhvbf,20,50,5,200.000000,200.000000,3.000000,150.000000,120.000000,6.000000,512,10000.000000,200.000000,164,30,76,0,639,0,18.292683,0.650400,4.432294,1.000000,-1.000000,1,0.961049,1.320016,16.608000
s3_area,dbr,2,50,5,200.000000,200.000000,3.000000,150.000000,120.000000,6.000000,512,10000.000000,200.000000,164,9,124,0,209,0,5.487805,0.016920,10.789751,0.666667,-1.000000,1,0.913681,2.453000,13.568000
s3_area,dbr,3,50,5,200.000000,200.000000,3.000000,150.000000,120.000000,6.000000,512,10000.000000,200.000000,165,14,110,0,211,0,8.484848,0.026320,14.596998,1.714286,-1.000000,1,0.844431,4.535643,13.348000
s3_area,dbr,4,50,5,200.000000,200.000000,3.000000,150.000000,120.000000,6.000000,512,10000.000000,200.000000,163,10,84,0,206,0,6.134969,0.018800,25.221588,1.500000,-1.000000,1,0.879729,3.164005,12.312000
s3_area,dbr,5,50,5,200.000000,200.000000,3.000000,150.000000,120.000000,6.000000,512,10000.000000,200.000000,165,11,39,0,212,0,6.666667,0.020680,39.678758,1.272727,-1.000000,1,0.839382,4.182106,11.882000
s3_area,dbr,6,50,5,200.000000,200.000000,3.000000,150.000000,120.000000,6.000000,512,10000.000000,200.000000,165,12,101,0,211,0,7.272727,0.022560,17.311918,1.416667,-1.000000,1,0.842277,4.024559,11.666000
s3_area,dbr,7,50,5,200.000000,200.000000,3.000000,150.000000,120.000000,6.000000,512,10000.000000,200.000000,165,13,110,0,208,0,7.878788,0.024440,22.885133,1.153846,-1.000000,1,0.866765,4.062056,14.156000
s3_area,dbr,8,50,5,200.000000,200.000000,3.000000,150.000000,120.000000,6.000000,512,10000.000000,200.000000,164,9,80,0,207,0,5.487805,0.016920,23.521468,0.666667,-1.000000,1,0.870844,3.375676,12.166000
s3_area,dbr,9,50,5,200.000000,200.000000,3.000000,150.000000,120.000000,6.000000,512,10000.000000,200.000000,163,12,101,0,207,0,7.361963,0.022560,23.929544,0.750000,-1.000000,1,0.875084,3.411647,12.746000
s3_area,dbr,10,50,5,200.000000,200.000000,3.000000,150.000000,120.000000,6.000000,512,10000.000000,200.000000,165,10,82,0,212,0,6.060606,0.018800,13.596846,1.500000,-1.000000,1,0.857013,3.558101,11.484000
s3_area,dbr,12,50,5,200.000000,200.000000,3.000000,150.000000,120.000000,6.000000,512,10000.000000,200.000000,165,7,103,0,213,0,4.242424,0.013160,28.911276,1.000000,-1.000000,1,0.880167,3.175182,12.404000
s3_area,dbr,11,50,5,200.000000,200.000000,3.000000,150.000000,120.000000,6.000000,512,10000.000000,200.000000,165,11,127,0,211,0,6.666667,0.020680,10.211262,0.818182,-1.000000,1,0.882417,3.343627,13.330000
s3_area,dbr,13,50,5,200.000000,200.000000,3.000000,150.000000,120.000000,6.000000,512,10000.000000,200.000000,165,8,72,0,212,0,4.848485,0.015040,9.278672,1.125000,-1.000000,1,0.885224,2.858397,11.694000
s3_area,dbr,14,50,5,200.000000,200.000000,3.000000,150.000000,120.000000,6.000000,512,10000.000000,200.000000,165,6,57,0,208,0,3.636364,0.011280,32.678357,0.833333,-1.000000,1,0.848443,3.748931,11.354000
s3_area,dbr,15,50,5,200.000000,200.000000,3.000000,150.000000,120.000000,6.000000,512,10000.000000,200.000000,164,12,132,0,211,0,7.317073,0.022560,7.555973,0.750000,-1.000000,1,0.892977,3.191204,14.066000
s3_area,dbr,16,50,5,200.000000,200.000000,3.000000,150.000000,120.000000,6.000000,512,10000.000000,200.000000,165,5,27,0,208,0,3.030303,0.009400,13.855094,1.200000,-1.000000,1,0.810250,4.801513,11.326000
s3_area,dbr,17,50,5,200.000000,200.000000,3.000000,150.000000,120.000000,6.000000,512,10000.000000,200.000000,163,12,112,0,204,0,7.361963,0.022560,13.016551,1.083333,-1.000000,1,0.817967,4.536910,11.214000
s3_area,dbr,18,50,5,200.000000,200.000000,3.000000,150.000000,120.000000,6.000000,512,10000.000000,200.000000,165,14,93,0,211,0,8.484848,0.026320,31.182346,1.142857,-1.000000,1,0.866160,3.373826,11.700000
s3_area,dbr,19,50,5,200.000000,200.000000,3.000000,150.000000,120.000000,6.000000,512,10000.000000,200.000000,165,9,105,0,209,0,5.454545,0.016920,33.330450,0.888889,-1.000000,1,0.807759,5.484609,12.748000
s3_area,dbr,20,50,5,200.000000,200.000000,3.000000,150.000000,120.000000,6.000000,512,10000.000000,200.000000,164,7,85,0,211,0,4.268293,0.013160,42.707525,0.428571,-1.000000,1,0.858164,4.173056,13.588000
s3_area,adaptive,1,50,5,300.000000,300.000000,3.000000,150.000000,120.000000,6.000000,512,10000.000000,200.000000,164,99,123,38,1217,21,60.365854,1.470720,1.500044,0.666667,-1.000000,1,0.960787,2.685386,33.556000
s3_area,adaptive,3,50,5,300.000000,300.000000,3.000000,150.000000,120.000000,6.000000,512,10000.000000,200.000000,165,98,135,70,1234,17,59.393939,1.431040,1.500409,0.673469,-1.000000,1,0.955427,2.877410,31.542000
s3_area,adaptive,2,50,5,300.000000,300.000000,3.000000,150.000000,120.000000,6.000000,512,10000.000000,200.000000,164,78,174,25,1185,4,47.560976,0.887040,1.322823,0.679487,-1.000000,1,0.978956,1.556055,36.578000
s3_area,adaptive,4,50,5,300.000000,300.000000,3.000000,150.000000,120.000000,6.000000,512,10000.000000,200.000000,163,80,127,34,1238,33,49.079755,1.158400,1.390125,0.612500,-1.000000,1,0.965855,2.322475,33.418000
s3_area,adaptive,5,50,5,300.000000,300.000000,3.000000,150.000000,120.000000,6.000000,512,10000.000000,200.000000,165,71,97,55,1331,11,43.030303,1.031680,2.278318,1.323944,-1.000000,1,0.953274,3.099956,32.378000
s3_area,adaptive,6,50,5,300.000000,300.000000,3.000000,150.000000,120.000000,6.000000,512,10000.000000,200.000000,165,70,106,19,1282,5,42.424242,1.068800,2.302566,1.314286,-1.000000,1,0.956652,2.864969,32.314000
s3_area,adaptive,8,50,5,300.000000,300.000000,3.000000,150.000000,120.000000,6.000000,512,10000.000000,200.000000,164,70,134,60,1286,23,42.682927,0.819200,1.722830,0.914286,-1.000000,1,0.972697,1.855196,33.504000
s3_area,adaptive,7,50,5,300.000000,300.000000,3.000000,150.000000,120.000000,6.000000,512,10000.000000,200.000000,165,90,97,47,1183,9,54.545455,1.228800,2.287342,1.366667,-1.000000,1,0.969899,2.025657,33.134000
s3_area,adaptive,9,50,5,300.000000,300.000000,3.000000,150.000000,120.000000,6.000000,512,10000.000000,200.000000,163,96,106,23,1280,12,58.895706,1.639680,2.221936,1.270833,-1.000000,1,0.977537,1.517950,33.404000
s3_area,adaptive,10,50,5,300.000000,300.000000,3.000000,150.000000,120.000000,6.000000,512,10000.000000,200.000000,165,91,110,39,1327,11,55.151515,1.326080,1.908183,1.000000,-1.000000,1,0.974644,1.777362,34.598000
s3_area,adaptive,11,50,5,300.000000,300.000000,3.000000,150.000000,120.000000,6.000000,512,10000.000000,200.000000,165,96,121,97,1203,13,58.181818,1.236480,1.403188,0.645833,-1.000000,1,0.967950,2.202838,33.806000
s3_area,adaptive,12,50,5,300.000000,300.000000,3.000000,150.000000,120.000000,6.000000,512,10000.000000,200.000000,165,101,198,53,1182,22,61.212121,1.319680,1.350037,0.643564,-1.000000,1,0.970165,2.059114,33.986000
s3_area,adaptive,13,50,5,300.000000,300.000000,3.000000,150.000000,120.000000,6.000000,512,10000.000000,200.000000,165,92,120,64,1313,20,55.757576,1.480960,2.003424,1.065217,-1.000000,1,0.969647,2.077180,33.690000
s3_area,adaptive,14,50,5,300.000000,300.000000,3.000000,150.000000,120.000000,6.000000,512,10000.000000,200.000000,165,72,124,74,1320,15,43.636364,1.109760,2.849270,1.777778,-1.000000,1,0.972224,1.898505,33.694000
s3_area,adaptive,15,50,5,300.000000,300.000000,3.000000,150.000000,120.000000,6.000000,512,10000.000000,200.000000,164,91,107,46,1238,17,55.487805,1.249280,1.156318,0.439560,-1.000000,1,0.957942,2.900065,33.736000
s3_area,adaptive,16,50,5,300.000000,300.000000,3.000000,150.000000,120.000000,6.000000,512,10000.000000,200.000000,165,81,150,28,1314,3,49.090909,1.140480,2.821052,1.802469,-1.000000,1,0.977280,1.539486,33.490000
s3_area,adaptive,17,50,5,300.000000,300.000000,3.000000,150.000000,120.000000,6.000000,512,10000.000000,200.000000,163,96,177,44,1207,0,58.895706,1.217280,1.568507,0.812500,-1.000000,1,0.956436,2.990063,33.554000
s3_area,adaptive,18,50,5,300.000000,300.000000,3.000000,150.000000,120.000000,6.000000,512,10000.000000,200.000000,165,113,99,0,1288,0,68.484848,1.815040,2.149804,1.212389,-1.000000,1,0.962945,2.512157,33.258000
s3_area,adaptive,19,50,5,300.000000,300.000000,3.000000,150.000000,120.000000,6.000000,512,10000.000000,200.000000,165,73,157,4,1218,9,44.242424,0.938240,2.283779,1.452055,-1.000000,1,0.965571,2.380281,33.962000
s3_area,vbf,1,50,5,300.000000,300.000000,3.000000,150.000000,120.000000,6.000000,512,10000.000000,200.000000,164,23,71,0,604,0,14.024390,0.498640,5.125691,1.000000,-1.000000,1,0.830219,5.375450,14.362000
s3_area,adaptive,20,50,5,300.000000,300.000000,3.000000,150.000000,120.000000,6.000000,512,10000.000000,200.000000,164,85,98,35,1280,12,51.829268,1.376000,2.024641,1.047059,-1.000000,1,0.975216,1.698006,33.826000
s3_area,vbf,2,50,5,300.000000,300.000000,3.000000,150.000000,120.000000,6.000000,512,10000.000000,200.000000,164,24,59,0,599,0,14.634146,0.520320,3.854126,1.000000,-1.000000,1,0.862002,4.389061,14.724000
s3_area,vbf,3,50,5,300.000000,300.000000,3.000000,150.000000,120.000000,6.000000,512,10000.000000,200.000000,165,25,60,0,656,0,15.151515,0.542000,4.696816,1.000000,-1.000000,1,0.808552,6.464495,15.096000
s3_area,vbf,4,50,5,300.000000,300.000000,3.000000,150.000000,120.000000,6.000000,512,10000.000000,200.000000,163,18,73,0,653,0,11.042945,0.390240,4.169513,1.000000,-1.000000,1,0.856316,4.776188,15.334000
s3_area,vbf,5,50,5,300.000000,300.000000,3.000000,150.000000,120.000000,6.000000,512,10000.000000,200.000000,165,13,73,0,764,0,7.878788,0.281840,5.474680,1.000000,-1.000000,1,0.864686,4.978165,17.060000
s3_area,vbf,6,50,5,300.000000,300.000000,3.000000,150.000000,120.000000,6.000000,512,10000.000000,200.000000,165,17,68,0,636,0,10.303030,0.368560,4.461988,1.000000,-1.000000,1,0.809884,6.319375,14.874000
s3_area,vbf,7,50,5,300.000000,300.000000,3.000000,150.000000,120.000000,6.000000,512,10000.000000,200.000000,165,25,69,0,595,0,15.151515,0.542000,5.373081,1.000000,-1.000000,1,0.886043,3.483802,14.362000
s3_area,vbf,8,50,5,300.000000,300.000000,3.000000,150.000000,120.000000,6.000000,512,10000.000000,200.000000,164,24,45,0,697,0,14.634146,0.520320,4.838955,1.000000,-1.000000,1,0.869382,4.458385,15.874000
s3_area,vbf,9,50,5,300.000000,300.000000,3.000000,150.000000,120.000000,6.000000,512,10000.000000,200.000000,163,17,90,0,690,0,10.429448,0.368560,4.709059,1.000000,-1.000000,1,0.856084,4.842656,15.520000
s3_area,vbf,10,50,5,300.000000,300.000000,3.000000,150.000000,120.000000,6.000000,512,10000.000000,200.000000,165,24,69,0,793,0,14.545455,0.520320,4.708547,1.000000,-1.000000,1,0.950216,1.760481,17.230000
s3_area,vbf,12,50,5,300.000000,300.000000,3.000000,150.000000,120.000000,6.000000,512,10000.000000,200.000000,165,23,75,0,633,0,13.939394,0.498640,4.663760,1.000000,-1.000000,1,0.869558,4.271825,15.232000
s3_area,vbf,11,50,5,300.000000,300.000000,3.000000,150.000000,120.000000,6.000000,512,10000.000000,200.000000,165,27,85,0,600,0,16.363636,0.585360,3.859581,1.000000,-1.000000,1,0.819807,5.739899,14.350000
s3_area,vbf,13,50,5,300.000000,300.000000,3.000000,150.000000,120.000000,6.000000,512,10000.000000,200.000000,165,17,83,0,709,0,10.303030,0.368560,4.360491,1.000000,-1.000000,1,0.871390,4.405989,15.952000
s3_area,vbf,14,50,5,300.000000,300.000000,3.000000,150.000000,120.000000,6.000000,512,10000.000000,200.000000,165,20,90,0,716,0,12.121212,0.433600,6.027591,1.000000,-1.000000,1,0.901742,3.337935,16.108000
s3_area,vbf,15,50,5,300.000000,300.000000,3.000000,150.000000,120.000000,6.000000,512,10000.000000,200.000000,164,23,78,0,619,0,14.024390,0.498640,3.403010,1.000000,-1.000000,1,0.849831,4.916172,15.040000
s3_area,vbf,17,50,5,300.000000,300.000000,3.000000,150.000000,120.000000,6.000000,512,10000.000000,200.000000,163,24,57,0,560,0,14.723926,0.520320,4.291316,1.000000,-1.000000,1,0.734090,7.984925,12.712000
s3_area,vbf,16,50,5,300.000000,300.000000,3.000000,150.000000,120.000000,6.000000,512,10000.000000,200.000000,165,22,74,0,721,0,13.333333,0.476960,6.720933,1.000000,-1.000000,1,0.915753,2.840692,16.118000
s3_area,vbf,18,50,5,300.000000,300.000000,3.000000,150.000000,120.000000,6.000000,512,10000.000000,200.000000,165,23,96,0,665,0,13.939394,0.498640,5.905996,1.000000,-1.000000,1,0.860872,4.482842,14.906000
s3_area,vbf,19,50,5,300.000000,300.000000,3.000000,150.000000,120.000000,6.000000,512,10000.000000,200.000000,165,23,83,0,590,0,13.939394,0.498640,4.728333,1.000000,-1.000000,1,0.819414,5.741879,14.320000
s3_area,vbf,20,50,5,300.000000,300.000000,3.000000,150.000000,120.000000,6.000000,512,10000.000000,200.000000,164,19,94,0,752,0,11.585366,0.411920,4.538030,1.000000,-1.000000,1,0.905396,3.385382,17.004000
s3_area,hhvbf,1,50,5,300.000000,300.000000,3.000000,150.000000,120.000000,6.000000,512,10000.000000,200.000000,164,21,74,0,705,0,12.804878,0.455280,4.481336,1.000000,-1.000000,1,0.861444,4.668791,15.594000
s3_area,hhvbf,2,50,5,300.000000,300.000000,3.000000,150.000000,120.000000,6.000000,512,10000.000000,200.000000,164,29,66,0,628,0,17.682927,0.628720,5.130369,1.000000,-1.000000,1,0.863113,4.412152,14.932000
s3_area,hhvbf,3,50,5,300.000000,300.000000,3.000000,150.000000,120.000000,6.000000,512,10000.000000,200.000000,165,25,71,0,695,0,15.151515,0.542000,4.693768,1.000000,-1.000000,1,0.807940,6.656351,15.488000
s3_area,hhvbf,4,50,5,300.000000,300.000000,3.000000,150.000000,120.000000,6.000000,512,10000.000000,200.000000,163,23,82,0,730,0,14.110429,0.498640,4.790124,1.000000,-1.000000,1,0.882610,4.168036,16.646000
s3_area,hhvbf,6,50,5,300.000000,300.000000,3.000000,150.000000,120.000000,6.000000,512,10000.000000,200.000000,165,18,68,0,752,0,10.909091,0.390240,6.516989,1.000000,-1.000000,1,0.893688,3.657481,16.236000
s3_area,hhvbf,5,50,5,300.000000,300.000000,3.000000,150.000000,120.000000,6.000000,512,10000.000000,200.000000,165,16,80,0,846,0,9.696970,0.346880,6.451088,1.000000,-1.000000,1,0.896441,3.947421,18.018000
s3_area,hhvbf,7,50,5,300.000000,300.000000,3.000000,150.000000,120.000000,6.000000,512,10000.000000,200.000000,165,27,53,0,709,0,16.363636,0.585360,5.274754,1.000000,-1.000000,1,0.921485,2.647030,16.168000
s3_area,hhvbf,8,50,5,300.000000,300.000000,3.000000,150.000000,120.000000,6.000000,512,10000.000000,200.000000,164,26,62,0,790,0,15.853659,0.563680,6.722922,1.000000,-1.000000,1,0.885080,4.196180,17.144000
s3_area,hhvbf,9,50,5,300.000000,300.000000,3.000000,150.000000,120.000000,6.000000,512,10000.000000,200.000000,163,17,84,0,762,0,10.429448,0.368560,4.980431,1.000000,-1.000000,1,0.885741,4.104725,16.874000
s3_area,hhvbf,10,50,5,300.000000,300.000000,3.000000,150.000000,120.000000,6.000000,512,10000.000000,200.000000,165,23,82,0,827,0,13.939394,0.498640,6.324157,1.000000,-1.000000,1,0.950708,1.794606,17.744000
s3_area,hhvbf,11,50,5,300.000000,300.000000,3.000000,150.000000,120.000000,6.000000,512,10000.000000,200.000000,165,31,68,0,629,0,18.787879,0.672080,4.697018,1.000000,-1.000000,1,0.848910,4.866311,14.788000
s3_area,hhvbf,12,50,5,300.000000,300.000000,3.000000,150.000000,120.000000,6.000000,512,10000.000000,200.000000,165,29,60,0,708,0,17.575758,0.628720,6.011869,1.000000,-1.000000,1,0.874500,4.313863,16.036000
s3_area,hhvbf,13,50,5,300.000000,300.000000,3.000000,150.000000,120.000000,6.000000,512,10000.000000,200.000000,165,15,94,0,822,0,9.090909,0.325200,5.119109,1.000000,-1.000000,1,0.890519,4.072494,17.522000
s3_area,hhvbf,14,50,5,300.000000,300.000000,3.000000,150.000000,120.000000,6.000000,512,10000.000000,200.000000,165,20,96,0,808,0,12.121212,0.433600,6.977839,1.000000,-1.000000,1,0.900400,3.599775,17.124000
s3_area,hhvbf,15,50,5,300.000000,300.000000,3.000000,150.000000,120.000000,6.000000,512,10000.000000,200.000000,164,25,72,0,726,0,15.243902,0.542000,4.460085,1.000000,-1.000000,1,0.852349,5.252145,16.368000
s3_area,hhvbf,17,50,5,300.000000,300.000000,3.000000,150.000000,120.000000,6.000000,512,10000.000000,200.000000,163,29,62,0,616,0,17.791411,0.628720,4.814466,1.000000,-1.000000,1,0.761720,7.753936,14.070000
s3_area,hhvbf,16,50,5,300.000000,300.000000,3.000000,150.000000,120.000000,6.000000,512,10000.000000,200.000000,165,23,85,0,792,0,13.939394,0.498640,6.466901,1.000000,-1.000000,1,0.929429,2.472338,16.876000
s3_area,hhvbf,18,50,5,300.000000,300.000000,3.000000,150.000000,120.000000,6.000000,512,10000.000000,200.000000,165,21,79,0,709,0,12.727273,0.455280,7.088214,1.000000,-1.000000,1,0.903589,3.198545,15.748000
s3_area,hhvbf,19,50,5,300.000000,300.000000,3.000000,150.000000,120.000000,6.000000,512,10000.000000,200.000000,165,25,69,0,664,0,15.151515,0.542000,4.881315,1.000000,-1.000000,1,0.857626,4.561005,14.790000
s3_area,hhvbf,20,50,5,300.000000,300.000000,3.000000,150.000000,120.000000,6.000000,512,10000.000000,200.000000,164,17,91,0,805,0,10.365854,0.368560,5.103241,1.000000,-1.000000,1,0.927508,2.580936,17.132000
s3_area,dbr,1,50,5,300.000000,300.000000,3.000000,150.000000,120.000000,6.000000,512,10000.000000,200.000000,164,8,45,0,213,0,4.878049,0.015040,34.281221,0.625000,-1.000000,1,0.660250,6.005925,7.030000
s3_area,dbr,2,50,5,300.000000,300.000000,3.000000,150.000000,120.000000,6.000000,512,10000.000000,200.000000,164,7,47,0,213,0,4.268293,0.013160,23.192616,1.571429,-1.000000,1,0.757495,4.636203,8.240000
s3_area,dbr,3,50,5,300.000000,300.000000,3.000000,150.000000,120.000000,6.000000,512,10000.000000,200.000000,165,15,81,0,214,0,9.090909,0.028200,21.118253,1.466667,-1.000000,1,0.655842,7.368417,8.480000
s3_area,dbr,4,50,5,300.000000,300.000000,3.000000,150.000000,120.000000,6.000000,512,10000.000000,200.000000,163,11,53,0,210,0,6.748466,0.020680,22.363248,1.272727,-1.000000,1,0.691122,5.449329,7.210000
s3_area,dbr,5,50,5,300.000000,300.000000,3.000000,150.000000,120.000000,6.000000,512,10000.000000,200.000000,165,5,15,0,214,0,3.030303,0.009400,18.858093,2.600000,-1.000000,1,0.657633,5.906170,6.844000
s3_area,dbr,6,50,5,300.000000,300.000000,3.000000,150.000000,120.000000,6.000000,512,10000.000000,200.000000,165,6,43,0,213,0,3.636364,0.011280,27.749733,1.166667,-1.000000,1,0.649047,5.975987,6.702000
s3_area,dbr,7,50,5,300.000000,300.000000,3.000000,150.000000,120.000000,6.000000,512,10000.000000,200.000000,165,5,50,0,213,0,3.030303,0.009400,100.061180,0.200000,-1.000000,1,0.702871,6.491735,9.018000
s3_area,dbr,8,50,5,300.000000,300.000000,3.000000,150.000000,120.000000,6.000000,512,10000.000000,200.000000,164,7,6,0,212,0,4.268293,0.013160,39.442877,1.714286,-1.000000,1,0.649771,6.190827,6.962000
s3_area,dbr,9,50,5,300.000000,300.000000,3.000000,150.000000,120.000000,6.000000,512,10000.000000,200.000000,163,6,44,0,211,0,3.680982,0.011280,33.504876,1.000000,-1.000000,1,0.672601,5.824525,7.154000
s3_area,dbr,10,50,5,300.000000,300.000000,3.000000,150.000000,120.000000,6.000000,512,10000.000000,200.000000,165,8,42,0,212,0,4.848485,0.015040,33.821142,1.625000,-1.000000,1,0.627160,6.206375,6.416000
s3_area,dbr,11,50,5,300.000000,300.000000,3.000000,150.000000,120.000000,6.000000,512,10000.000000,200.000000,165,8,66,0,214,0,4.848485,0.015040,37.743579,0.500000,-1.000000,1,0.680559,6.116524,7.754000
s3_area,dbr,12,50,5,300.000000,300.000000,3.000000,150.000000,120.000000,6.000000,512,10000.000000,200.000000,165,7,50,0,214,0,4.242424,0.013160,46.685804,0.857143,-1.000000,1,0.693274,5.705583,7.616000
s3_area,dbr,13,50,5,300.000000,300.000000,3.000000,150.000000,120.000000,6.000000,512,10000.000000,200.000000,165,7,61,0,214,0,4.242424,0.013160,8.174048,1.142857,-1.000000,1,0.681939,5.394001,6.876000
s3_area,dbr,14,50,5,300.000000,300.000000,3.000000,150.000000,120.000000,6.000000,512,10000.000000,200.000000,165,6,3,0,212,0,3.636364,0.011280,6.455949,0.833333,-1.000000,1,0.623011,6.257919,6.372000
s3_area,dbr,15,50,5,300.000000,300.000000,3.000000,150.000000,120.000000,6.000000,512,10000.000000,200.000000,164,13,76,0,213,0,7.926829,0.024440,21.526711,0.769231,-1.000000,1,0.685911,6.078769,7.874000
s3_area,dbr,17,50,5,300.000000,300.000000,3.000000,150.000000,120.000000,6.000000,512,10000.000000,200.000000,163,10,60,0,212,0,6.134969,0.018800,33.083495,0.700000,-1.000000,1,0.611422,6.818517,6.658000
s3_area,dbr,16,50,5,300.000000,300.000000,3.000000,150.000000,120.000000,6.000000,512,10000.000000,200.000000,165,8,10,0,214,0,4.848485,0.015040,6.544783,2.500000,-1.000000,1,0.625006,6.544053,6.712000
s3_area,dbr,18,50,5,300.000000,300.000000,3.000000,150.000000,120.000000,6.000000,512,10000.000000,200.000000,165,8,38,0,214,0,4.848485,0.015040,55.804630,1.125000,-1.000000,1,0.619957,6.510484,6.556000
s3_area,dbr,19,50,5,300.000000,300.000000,3.000000,150.000000,120.000000,6.000000,512,10000.000000,200.000000,165,8,5,0,214,0,4.848485,0.015040,50.615597,1.500000,-1.000000,1,0.534098,10.004515,7.476000
s3_area,dbr,20,50,5,300.000000,300.000000,3.000000,150.000000,120.000000,6.000000,512,10000.000000,200.000000,164,4,45,0,211,0,2.439024,0.007520,18.420609,0.500000,-1.000000,1,0.669693,6.237412,7.574000
s3_area,adaptive,1,50,5,400.000000,400.000000,3.000000,150.000000,120.000000,6.000000,512,10000.000000,200.000000,164,54,47,52,1273,23,32.926829,0.894720,2.547378,1.518519,-1.000000,1,0.930980,3.722915,26.006000
s3_area,adaptive,2,50,5,400.000000,400.000000,3.000000,150.000000,120.000000,6.000000,512,10000.000000,200.000000,164,76,111,57,1336,14,46.341463,1.038080,1.640477,0.881579,-1.000000,1,0.948385,3.061755,28.874000
s3_area,adaptive,3,50,5,400.000000,400.000000,3.000000,150.000000,120.000000,6.000000,512,10000.000000,200.000000,165,94,97,72,1376,29,56.969697,1.502720,2.335881,1.329787,-1.000000,1,0.911963,4.895632,26.524000
s3_area,adaptive,4,50,5,400.000000,400.000000,3.000000,150.000000,120.000000,6.000000,512,10000.000000,200.000000,163,79,88,81,1331,32,48.466258,1.329920,1.301541,0.481013,-1.000000,1,0.932687,3.793702,27.198000
s3_area,adaptive,5,50,5,400.000000,400.000000,3.000000,150.000000,120.000000,6.000000,512,10000.000000,200.000000,165,53,58,94,1406,19,32.121212,0.855040,2.179908,1.226415,-1.000000,1,0.921544,4.425821,27.054000
s3_area,adaptive,6,50,5,400.000000,400.000000,3.000000,150.000000,120.000000,6.000000,512,10000.000000,200.000000,165,66,56,112,1333,17,40.000000,1.140480,2.758635,1.666667,-1.000000,1,0.928163,3.952625,26.486000
s3_area,adaptive,7,50,5,400.000000,400.000000,3.000000,150.000000,120.000000,6.000000,512,10000.000000,200.000000,165,57,62,57,1384,14,34.545455,0.898560,3.123912,2.000000,-1.000000,1,0.946020,3.151527,28.382000
s3_area,adaptive,8,50,5,400.000000,400.000000,3.000000,150.000000,120.000000,6.000000,512,10000.000000,200.000000,164,41,62,115,1404,27,25.000000,0.474880,2.717569,1.756098,-1.000000,1,0.949665,2.942670,28.476000
s3_area,adaptive,9,50,5,400.000000,400.000000,3.000000,150.000000,120.000000,6.000000,512,10000.000000,200.000000,163,67,81,93,1361,18,41.104294,1.122560,2.167166,1.223881,-1.000000,1,0.931486,3.756258,26.440000
s3_area,adaptive,11,50,5,400.000000,400.000000,3.000000,150.000000,120.000000,6.000000,512,10000.000000,200.000000,165,82,73,115,1246,14,49.696970,1.314560,1.847126,0.951220,-1.000000,1,0.942155,3.062603,25.684000
s3_area,adaptive,10,50,5,400.000000,400.000000,3.000000,150.000000,120.000000,6.000000,512,10000.000000,200.000000,165,49,72,119,1445,16,29.696970,0.696320,2.930140,1.897959,-1.000000,1,0.964677,2.031740,28.242000
s3_area,adaptive,12,50,5,400.000000,400.000000,3.000000,150.000000,120.000000,6.000000,512,10000.000000,200.000000,165,81,111,99,1357,28,49.090909,1.198080,2.509935,1.530864,-1.000000,1,0.941925,3.354136,28.014000
s3_area,adaptive,13,50,5,400.000000,400.000000,3.000000,150.000000,120.000000,6.000000,512,10000.000000,200.000000,165,69,65,80,1403,16,41.818182,1.144320,1.556873,0.710145,-1.000000,1,0.926141,4.287206,27.910000
s3_area,adaptive,14,50,5,400.000000,400.000000,3.000000,150.000000,120.000000,6.000000,512,10000.000000,200.000000,165,34,59,108,1428,18,20.606061,0.504320,2.958386,1.882353,-1.000000,1,0.951537,2.757224,27.740000
s3_area,adaptive,15,50,5,400.000000,400.000000,3.000000,150.000000,120.000000,6.000000,512,10000.000000,200.000000,164,79,79,90,1320,5,48.170732,1.272320,1.995658,1.050633,-1.000000,1,0.932528,3.647245,26.084000
s3_area,adaptive,16,50,5,400.000000,400.000000,3.000000,150.000000,120.000000,6.000000,512,10000.000000,200.000000,165,54,74,63,1453,19,32.727273,0.856320,3.493413,2.314815,-1.000000,1,0.944571,3.178451,27.854000
s3_area,adaptive,17,50,5,400.000000,400.000000,3.000000,150.000000,120.000000,6.000000,512,10000.000000,200.000000,163,78,99,72,1288,17,47.852761,1.098240,1.867425,1.025641,-1.000000,1,0.929744,3.895731,26.716000
s3_area,adaptive,18,50,5,400.000000,400.000000,3.000000,150.000000,120.000000,6.000000,512,10000.000000,200.000000,165,78,70,39,1359,8,47.272727,1.347840,2.921612,1.833333,-1.000000,1,0.925932,4.192310,27.212000
s3_area,adaptive,19,50,5,400.000000,400.000000,3.000000,150.000000,120.000000,6.000000,512,10000.000000,200.000000,165,64,99,47,1324,7,38.787879,1.041920,3.291758,2.156250,-1.000000,1,0.927325,4.084901,27.044000
s3_area,adaptive,20,50,5,400.000000,400.000000,3.000000,150.000000,120.000000,6.000000,512,10000.000000,200.000000,164,44,57,107,1379,29,26.829268,0.728320,1.865096,0.954545,-1.000000,1,0.947606,2.908767,27.012000
s3_area,vbf,1,50,5,400.000000,400.000000,3.000000,150.000000,120.000000,6.000000,512,10000.000000,200.000000,164,11,79,0,578,0,6.707317,0.238480,4.444675,1.000000,-1.000000,1,0.697724,8.393624,11.412000
s3_area,vbf,2,50,5,400.000000,400.000000,3.000000,150.000000,120.000000,6.000000,512,10000.000000,200.000000,164,18,82,0,607,0,10.975610,0.390240,4.281552,1.000000,-1.000000,1,0.733071,8.071166,12.790000
s3_area,vbf,3,50,5,400.000000,400.000000,3.000000,150.000000,120.000000,6.000000,512,10000.000000,200.000000,165,17,74,0,599,0,10.303030,0.368560,3.864090,1.000000,-1.000000,1,0.695188,8.886560,11.956000
s3_area,vbf,4,50,5,400.000000,400.000000,3.000000,150.000000,120.000000,6.000000,512,10000.000000,200.000000,163,12,85,0,588,0,7.361963,0.260160,4.265761,1.000000,-1.000000,1,0.697378,8.959584,12.164000
s3_area,vbf,5,50,5,400.000000,400.000000,3.000000,150.000000,120.000000,6.000000,512,10000.000000,200.000000,165,10,48,0,715,0,6.060606,0.216800,4.636744,1.000000,-1.000000,1,0.734204,8.739192,13.920000
s3_area,vbf,6,50,5,400.000000,400.000000,3.000000,150.000000,120.000000,6.000000,512,10000.000000,200.000000,165,10,74,0,610,0,6.060606,0.216800,4.864491,1.000000,-1.000000,1,0.709602,8.282334,11.838000
s3_area,vbf,7,50,5,400.000000,400.000000,3.000000,150.000000,120.000000,6.000000,512,10000.000000,200.000000,165,14,81,0,701,0,8.484848,0.303520,6.299394,1.000000,-1.000000,1,0.792121,6.746150,14.344000
s3_area,vbf,8,50,5,400.000000,400.000000,3.000000,150.000000,120.000000,6.000000,512,10000.000000,200.000000,164,9,14,0,669,0,5.487805,0.195120,5.272604,1.000000,-1.000000,1,0.732146,8.173479,12.898000
s3_area,vbf,9,50,5,400.000000,400.000000,3.000000,150.000000,120.000000,6.000000,512,10000.000000,200.000000,163,9,86,0,634,0,5.521472,0.195120,4.074769,1.000000,-1.000000,1,0.693175,9.351800,12.478000
s3_area,vbf,10,50,5,400.000000,400.000000,3.000000,150.000000,120.000000,6.000000,512,10000.000000,200.000000,165,15,42,0,763,0,9.090909,0.325200,6.376171,1.000000,-1.000000,1,0.857878,4.459844,14.490000
s3_area,vbf,11,50,5,400.000000,400.000000,3.000000,150.000000,120.000000,6.000000,512,10000.000000,200.000000,165,18,60,0,505,0,10.909091,0.390240,4.325436,1.000000,-1.000000,1,0.680627,8.259866,10.474000
s3_area,vbf,12,50,5,400.000000,400.000000,3.000000,150.000000,120.000000,6.000000,512,10000.000000,200.000000,165,15,81,0,602,0,9.090909,0.325200,5.137341,1.000000,-1.000000,1,0.731191,7.667834,12.048000
s3_area,vbf,13,50,5,400.000000,400.000000,3.000000,150.000000,120.000000,6.000000,512,10000.000000,200.000000,165,12,67,0,679,0,7.272727,0.260160,5.334042,1.000000,-1.000000,1,0.789698,6.469484,13.574000
s3_area,vbf,14,50,5,400.000000,400.000000,3.000000,150.000000,120.000000,6.000000,512,10000.000000,200.000000,165,10,40,0,697,0,6.060606,0.216800,5.257290,1.000000,-1.000000,1,0.768269,7.097941,13.308000
s3_area,vbf,16,50,5,400.000000,400.000000,3.000000,150.000000,120.000000,6.000000,512,10000.000000,200.000000,165,13,72,0,738,0,7.878788,0.281840,5.796520,1.000000,-1.000000,1,0.828846,5.410977,14.328000
s3_area,vbf,15,50,5,400.000000,400.000000,3.000000,150.000000,120.000000,6.000000,512,10000.000000,200.000000,164,17,76,0,598,0,10.365854,0.368560,3.495960,1.000000,-1.000000,1,0.663435,9.755154,11.560000
s3_area,vbf,17,50,5,400.000000,400.000000,3.000000,150.000000,120.000000,6.000000,512,10000.000000,200.000000,163,17,76,0,553,0,10.429448,0.368560,4.145000,1.000000,-1.000000,1,0.669506,9.241807,11.214000
s3_area,vbf,18,50,5,400.000000,400.000000,3.000000,150.000000,120.000000,6.000000,512,10000.000000,200.000000,165,11,85,0,624,0,6.666667,0.238480,6.014438,1.000000,-1.000000,1,0.707906,8.494597,12.054000
s3_area,vbf,19,50,5,400.000000,400.000000,3.000000,150.000000,120.000000,6.000000,512,10000.000000,200.000000,165,13,73,0,578,0,7.878788,0.281840,4.508424,1.000000,-1.000000,1,0.616848,11.326443,11.278000
s3_area,vbf,20,50,5,400.000000,400.000000,3.000000,150.000000,120.000000,6.000000,512,10000.000000,200.000000,164,6,64,0,700,0,3.658537,0.130080,4.847307,1.000000,-1.000000,1,0.831735,5.056813,13.646000
s3_area,hhvbf,1,50,5,400.000000,400.000000,3.000000,150.000000,120.000000,6.000000,512,10000.000000,200.000000,164,11,66,0,643,0,6.707317,0.238480,4.263636,1.000000,-1.000000,1,0.705298,8.744323,12.272000
s3_area,hhvbf,2,50,5,400.000000,400.000000,3.000000,150.000000,120.000000,6.000000,512,10000.000000,200.000000,164,19,69,0,679,0,11.585366,0.411920,4.858829,1.000000,-1.000000,1,0.745278,8.173304,13.702000
s3_area,hhvbf,3,50,5,400.000000,400.000000,3.000000,150.000000,120.000000,6.000000,512,10000.000000,200.000000,165,18,83,0,721,0,10.909091,0.390240,4.182072,1.000000,-1.000000,1,0.723497,8.869758,13.466000
s3_area,hhvbf,4,50,5,400.000000,400.000000,3.000000,150.000000,120.000000,6.000000,512,10000.000000,200.000000,163,13,85,0,659,0,7.975460,0.281840,5.096022,1.000000,-1.000000,1,0.724014,8.662897,13.182000
s3_area,hhvbf,5,50,5,400.000000,400.000000,3.000000,150.000000,120.000000,6.000000,512,10000.000000,200.000000,165,10,66,0,813,0,6.060606,0.216800,6.175577,1.000000,-1.000000,1,0.773555,7.916431,15.248000
s3_area,hhvbf,6,50,5,400.000000,400.000000,3.000000,150.000000,120.000000,6.000000,512,10000.000000,200.000000,165,11,67,0,669,0,6.666667,0.238480,4.902559,1.000000,-1.000000,1,0.738416,7.819860,12.698000
s3_area,hhvbf,7,50,5,400.000000,400.000000,3.000000,150.000000,120.000000,6.000000,512,10000.000000,200.000000,165,14,85,0,761,0,8.484848,0.303520,5.446217,1.000000,-1.000000,1,0.840968,5.254095,15.092000
s3_area,hhvbf,8,50,5,400.000000,400.000000,3.000000,150.000000,120.000000,6.000000,512,10000.000000,200.000000,164,13,27,0,766,0,7.926829,0.281840,7.401631,1.000000,-1.000000,1,0.791687,6.901862,14.640000
s3_area,hhvbf,9,50,5,400.000000,400.000000,3.000000,150.000000,120.000000,6.000000,512,10000.000000,200.000000,163,11,99,0,729,0,6.748466,0.238480,6.031985,1.000000,-1.000000,1,0.738139,8.517966,13.814000
s3_area,hhvbf,10,50,5,400.000000,400.000000,3.000000,150.000000,120.000000,6.000000,512,10000.000000,200.000000,165,12,52,0,841,0,7.272727,0.260160,7.063901,1.000000,-1.000000,1,0.895189,3.449097,15.544000
s3_area,hhvbf,11,50,5,400.000000,400.000000,3.000000,150.000000,120.000000,6.000000,512,10000.000000,200.000000,165,19,83,0,616,0,11.515152,0.411920,5.600186,1.000000,-1.000000,1,0.721968,8.200313,12.366000
s3_area,hhvbf,12,50,5,400.000000,400.000000,3.000000,150.000000,120.000000,6.000000,512,10000.000000,200.000000,165,16,83,0,702,0,9.696970,0.346880,5.584315,1.000000,-1.000000,1,0.771335,7.090142,13.502000
s3_area,hhvbf,13,50,5,400.000000,400.000000,3.000000,150.000000,120.000000,6.000000,512,10000.000000,200.000000,165,14,65,0,772,0,8.484848,0.303520,4.494518,1.000000,-1.000000,1,0.834741,5.414389,14.906000
s3_area,hhvbf,14,50,5,400.000000,400.000000,3.000000,150.000000,120.000000,6.000000,512,10000.000000,200.000000,165,10,46,0,791,0,6.060606,0.216800,7.516380,1.000000,-1.000000,1,0.813582,6.188383,14.892000
s3_area,hhvbf,15,50,5,400.000000,400.000000,3.000000,150.000000,120.000000,6.000000,512,10000.000000,200.000000,164,19,104,0,667,0,11.585366,0.411920,4.144897,1.000000,-1.000000,1,0.716673,8.534857,12.576000
s3_area,hhvbf,16,50,5,400.000000,400.000000,3.000000,150.000000,120.000000,6.000000,512,10000.000000,200.000000,165,13,80,0,931,0,7.878788,0.281840,7.225782,1.000000,-1.000000,1,0.882055,4.300383,17.088000
s3_area,hhvbf,18,50,5,400.000000,400.000000,3.000000,150.000000,120.000000,6.000000,512,10000.000000,200.000000,165,11,82,0,713,0,6.666667,0.238480,6.897171,1.000000,-1.000000,1,0.761514,7.677998,13.918000
s3_area,hhvbf,17,50,5,400.000000,400.000000,3.000000,150.000000,120.000000,6.000000,512,10000.000000,200.000000,163,20,79,0,675,0,12.269939,0.433600,4.401382,1.000000,-1.000000,1,0.689186,9.970462,13.088000
s3_area,hhvbf,19,50,5,400.000000,400.000000,3.000000,150.000000,120.000000,6.000000,512,10000.000000,200.000000,165,15,84,0,714,0,9.090909,0.325200,6.438156,1.000000,-1.000000,1,0.702334,9.968088,13.816000
s3_area,dbr,1,50,5,400.000000,400.000000,3.000000,150.000000,120.000000,6.000000,512,10000.000000,200.000000,164,5,14,0,213,0,3.048780,0.009400,50.276075,0.800000,-1.000000,1,0.490918,7.949950,5.142000
s3_area,dbr,2,50,5,400.000000,400.000000,3.000000,150.000000,120.000000,6.000000,512,10000.000000,200.000000,164,7,22,0,213,0,4.268293,0.013160,42.504652,1.714286,-1.000000,1,0.561260,6.353650,5.206000
s3_area,hhvbf,20,50,5,400.000000,400.000000,3.000000,150.000000,120.000000,6.000000,512,10000.000000,200.000000,164,6,73,0,780,0,3.658537,0.130080,4.021409,1.000000,-1.000000,1,0.850092,4.974682,15.248000
s3_area,dbr,3,50,5,400.000000,400.000000,3.000000,150.000000,120.000000,6.000000,512,10000.000000,200.000000,165,6,54,0,214,0,3.636364,0.011280,64.367557,0.666667,-1.000000,1,0.507445,8.258378,5.644000
s3_area,dbr,4,50,5,400.000000,400.000000,3.000000,150.000000,120.000000,6.000000,512,10000.000000,200.000000,163,6,49,0,212,0,3.680982,0.011280,12.688428,0.833333,-1.000000,1,0.518617,7.219901,5.122000
s3_area,dbr,5,50,5,400.000000,400.000000,3.000000,150.000000,120.000000,6.000000,512,10000.000000,200.000000,165,4,15,0,213,0,2.424242,0.007520,68.493042,1.000000,-1.000000,1,0.488243,7.418957,4.756000
s3_area,dbr,6,50,5,400.000000,400.000000,3.000000,150.000000,120.000000,6.000000,512,10000.000000,200.000000,165,3,1,0,213,0,1.818182,0.005640,76.572754,1.000000,-1.000000,1,0.478557,7.517204,4.666000
s3_area,dbr,7,50,5,400.000000,400.000000,3.000000,150.000000,120.000000,6.000000,512,10000.000000,200.000000,165,2,5,0,213,0,1.212121,0.003760,87.312035,0.500000,-1.000000,1,0.532007,7.778736,5.772000
s3_area,dbr,8,50,5,400.000000,400.000000,3.000000,150.000000,120.000000,6.000000,512,10000.000000,200.000000,164,2,0,0,212,0,1.219512,0.003760,9.952069,6.000000,-1.000000,1,0.442293,8.383978,4.610000
s3_area,dbr,9,50,5,400.000000,400.000000,3.000000,150.000000,120.000000,6.000000,512,10000.000000,200.000000,163,5,31,0,212,0,3.067485,0.009400,20.501462,0.600000,-1.000000,1,0.477709,7.864817,4.868000
s3_area,dbr,10,50,5,400.000000,400.000000,3.000000,150.000000,120.000000,6.000000,512,10000.000000,200.000000,165,8,5,0,214,0,4.848485,0.015040,64.056843,2.750000,-1.000000,1,0.452373,7.518040,4.276000
s3_area,dbr,11,50,5,400.000000,400.000000,3.000000,150.000000,120.000000,6.000000,512,10000.000000,200.000000,165,6,24,0,214,0,3.636364,0.011280,86.043757,1.666667,-1.000000,1,0.475665,8.182078,5.030000
s3_area,dbr,12,50,5,400.000000,400.000000,3.000000,150.000000,120.000000,6.000000,512,10000.000000,200.000000,165,6,27,0,213,0,3.636364,0.011280,38.081063,1.166667,-1.000000,1,0.484267,7.612705,4.816000
s3_area,dbr,13,50,5,400.000000,400.000000,3.000000,150.000000,120.000000,6.000000,512,10000.000000,200.000000,165,6,38,0,213,0,3.636364,0.011280,15.639478,1.000000,-1.000000,1,0.485444,7.541991,4.790000
s3_area,dbr,14,50,5,400.000000,400.000000,3.000000,150.000000,120.000000,6.000000,512,10000.000000,200.000000,165,4,2,0,213,0,2.424242,0.007520,6.998615,1.250000,-1.000000,1,0.416625,8.866771,4.470000
s3_area,dbr,16,50,5,400.000000,400.000000,3.000000,150.000000,120.000000,6.000000,512,10000.000000,200.000000,165,5,10,0,214,0,3.030303,0.009400,7.832929,4.200000,-1.000000,1,0.476536,7.486878,4.616000
s3_area,dbr,15,50,5,400.000000,400.000000,3.000000,150.000000,120.000000,6.000000,512,10000.000000,200.000000,164,7,38,0,212,0,4.268293,0.013160,68.149130,0.857143,-1.000000,1,0.450470,8.288036,4.684000
s3_area,dbr,17,50,5,400.000000,400.000000,3.000000,150.000000,120.000000,6.000000,512,10000.000000,200.000000,163,5,33,0,212,0,3.067485,0.009400,85.060438,0.400000,-1.000000,1,0.447259,8.248952,4.612000
s3_area,dbr,18,50,5,400.000000,400.000000,3.000000,150.000000,120.000000,6.000000,512,10000.000000,200.000000,165,4,12,0,213,0,2.424242,0.007520,37.616509,2.500000,-1.000000,1,0.418239,8.802351,4.462000
s3_area,dbr,19,50,5,400.000000,400.000000,3.000000,150.000000,120.000000,6.000000,512,10000.000000,200.000000,165,3,0,0,212,0,1.818182,0.005640,6.506757,1.333333,-1.000000,1,0.367619,11.287728,4.798000
s3_area,dbr,20,50,5,400.000000,400.000000,3.000000,150.000000,120.000000,6.000000,512,10000.000000,200.000000,164,2,22,0,211,0,1.219512,0.003760,6.207117,0.500000,-1.000000,1,0.496471,7.412663,4.884000
s3_area,adaptive,1,50,5,500.000000,500.000000,3.000000,150.000000,120.000000,6.000000,512,10000.000000,200.000000,164,25,35,119,1269,19,15.243902,0.416000,2.659563,1.600000,-1.000000,1,0.899313,4.612335,21.690000
s3_area,adaptive,2,50,5,500.000000,500.000000,3.000000,150.000000,120.000000,6.000000,512,10000.000000,200.000000,164,69,82,120,1336,6,42.073171,1.105920,2.453398,1.521739,-1.000000,1,0.927110,3.585062,23.662000
s3_area,adaptive,3,50,5,500.000000,500.000000,3.000000,150.000000,120.000000,6.000000,512,10000.000000,200.000000,165,56,47,108,1386,16,33.939394,0.897280,2.271296,1.303571,-1.000000,1,0.873438,6.050918,22.290000
s3_area,adaptive,4,50,5,500.000000,500.000000,3.000000,150.000000,120.000000,6.000000,512,10000.000000,200.000000,163,76,83,107,1327,19,46.625767,1.326080,1.188928,0.407895,-1.000000,1,0.890891,5.272157,22.766000
s3_area,adaptive,5,50,5,500.000000,500.000000,3.000000,150.000000,120.000000,6.000000,512,10000.000000,200.000000,165,28,18,133,1374,25,16.969697,0.458240,1.649601,0.785714,-1.000000,1,0.905982,4.389007,22.190000
s3_area,adaptive,6,50,5,500.000000,500.000000,3.000000,150.000000,120.000000,6.000000,512,10000.000000,200.000000,165,18,28,136,1281,20,10.909091,0.272640,2.798182,1.833333,-1.000000,1,0.899248,4.420540,20.774000
s3_area,adaptive,7,50,5,500.000000,500.000000,3.000000,150.000000,120.000000,6.000000,512,10000.000000,200.000000,165,33,43,86,1342,13,20.000000,0.464640,3.441284,2.363636,-1.000000,1,0.926631,3.433521,22.508000
s3_area,adaptive,8,50,5,500.000000,500.000000,3.000000,150.000000,120.000000,6.000000,512,10000.000000,200.000000,164,23,38,135,1277,16,14.024390,0.240640,2.240542,1.434783,-1.000000,1,0.915453,3.753855,21.220000
s3_area,adaptive,9,50,5,500.000000,500.000000,3.000000,150.000000,120.000000,6.000000,512,10000.000000,200.000000,163,44,64,121,1347,18,26.993865,0.747520,1.698175,0.818182,-1.000000,1,0.890130,5.069149,21.728000
s3_area,adaptive,10,50,5,500.000000,500.000000,3.000000,150.000000,120.000000,6.000000,512,10000.000000,200.000000,165,19,68,156,1302,6,11.515152,0.177920,1.453989,0.842105,-1.000000,1,0.953577,2.065138,21.714000
s3_area,adaptive,11,50,5,500.000000,500.000000,3.000000,150.000000,120.000000,6.000000,512,10000.000000,200.000000,165,52,56,131,1200,13,31.515152,0.815360,1.505054,0.673077,-1.000000,1,0.912141,3.812532,20.700000
s3_area,adaptive,12,50,5,500.000000,500.000000,3.000000,150.000000,120.000000,6.000000,512,10000.000000,200.000000,165,44,76,137,1255,13,26.666667,0.574720,2.677137,1.750000,-1.000000,1,0.915384,3.780797,21.354000
s3_area,adaptive,13,50,5,500.000000,500.000000,3.000000,150.000000,120.000000,6.000000,512,10000.000000,200.000000,165,63,42,115,1314,14,38.181818,1.079040,1.785963,0.841270,-1.000000,1,0.892408,5.092911,22.322000
s3_area,adaptive,14,50,5,500.000000,500.000000,3.000000,150.000000,120.000000,6.000000,512,10000.000000,200.000000,165,15,33,121,1350,24,9.090909,0.134400,1.733641,1.066667,-1.000000,1,0.908679,4.141010,21.588000
s3_area,adaptive,15,50,5,500.000000,500.000000,3.000000,150.000000,120.000000,6.000000,512,10000.000000,200.000000,164,40,57,138,1227,4,24.390244,0.665600,3.080237,1.950000,-1.000000,1,0.914728,3.467761,19.428000
s3_area,adaptive,18,50,5,500.000000,500.000000,3.000000,150.000000,120.000000,6.000000,512,10000.000000,200.000000,165,45,42,95,1293,12,27.272727,0.768000,2.754728,1.733333,-1.000000,1,0.910068,4.088356,21.660000
s3_area,adaptive,16,50,5,500.000000,500.000000,3.000000,150.000000,120.000000,6.000000,512,10000.000000,200.000000,165,16,26,116,1355,13,9.696970,0.250880,2.526214,1.562500,-1.000000,1,0.929526,3.181544,21.748000
s3_area,adaptive,17,50,5,500.000000,500.000000,3.000000,150.000000,120.000000,6.000000,512,10000.000000,200.000000,163,24,27,141,1278,14,14.723926,0.280320,1.582355,0.916667,-1.000000,1,0.915422,3.721320,21.028000
s3_area,adaptive,19,50,5,500.000000,500.000000,3.000000,150.000000,120.000000,6.000000,512,10000.000000,200.000000,165,45,67,116,1291,8,27.272727,0.729600,3.677830,2.577778,-1.000000,1,0.912975,3.920441,21.500000
s3_area,vbf,1,50,5,500.000000,500.000000,3.000000,150.000000,120.000000,6.000000,512,10000.000000,200.000000,164,5,36,0,480,0,3.048780,0.108400,5.734793,1.000000,-1.000000,1,0.543511,10.915517,8.420000
s3_area,adaptive,20,50,5,500.000000,500.000000,3.000000,150.000000,120.000000,6.000000,512,10000.000000,200.000000,164,29,38,129,1328,12,17.682927,0.497920,1.607450,0.724138,-1.000000,1,0.926317,3.402567,22.206000
s3_area,vbf,3,50,5,500.000000,500.000000,3.000000,150.000000,120.000000,6.000000,512,10000.000000,200.000000,165,11,63,0,526,0,6.666667,0.238480,4.689858,1.000000,-1.000000,1,0.571323,10.761913,9.128000
s3_area,vbf,2,50,5,500.000000,500.000000,3.000000,150.000000,120.000000,6.000000,512,10000.000000,200.000000,164,15,72,0,530,0,9.146341,0.325200,4.361571,1.000000,-1.000000,1,0.634918,9.222285,9.810000
s3_area,vbf,4,50,5,500.000000,500.000000,3.000000,150.000000,120.000000,6.000000,512,10000.000000,200.000000,163,8,80,0,503,0,4.907975,0.173440,3.607539,1.000000,-1.000000,1,0.580520,10.411138,9.116000
s3_area,vbf,5,50,5,500.000000,500.000000,3.000000,150.000000,120.000000,6.000000,512,10000.000000,200.000000,165,5,28,0,578,0,3.030303,0.108400,4.389355,1.000000,-1.000000,1,0.615441,9.916450,9.824000
s3_area,vbf,6,50,5,500.000000,500.000000,3.000000,150.000000,120.000000,6.000000,512,10000.000000,200.000000,165,4,14,0,418,0,2.424242,0.086720,5.905155,1.000000,-1.000000,1,0.556407,8.770262,7.068000
s3_area,vbf,7,50,5,500.000000,500.000000,3.000000,150.000000,120.000000,6.000000,512,10000.000000,200.000000,165,8,47,0,571,0,4.848485,0.173440,7.279366,1.000000,-1.000000,1,0.675086,8.229767,10.208000
s3_area,vbf,8,50,5,500.000000,500.000000,3.000000,150.000000,120.000000,6.000000,512,10000.000000,200.000000,164,4,22,0,485,0,2.439024,0.086720,5.556594,1.000000,-1.000000,1,0.537422,10.988788,8.304000
s3_area,vbf,9,50,5,500.000000,500.000000,3.000000,150.000000,120.000000,6.000000,512,10000.000000,200.000000,163,6,56,0,532,0,3.680982,0.130080,4.008450,1.000000,-1.000000,1,0.556707,11.299915,9.116000
s3_area,vbf,10,50,5,500.000000,500.000000,3.000000,150.000000,120.000000,6.000000,512,10000.000000,200.000000,165,8,12,0,525,0,4.848485,0.173440,6.297370,1.000000,-1.000000,1,0.695555,6.667425,8.984000
s3_area,vbf,11,50,5,500.000000,500.000000,3.000000,150.000000,120.000000,6.000000,512,10000.000000,200.000000,165,11,34,0,378,0,6.666667,0.238480,3.518179,1.000000,-1.000000,1,0.524626,9.496400,6.874000
s3_area,vbf,12,50,5,500.000000,500.000000,3.000000,150.000000,120.000000,6.000000,512,10000.000000,200.000000,165,9,42,0,458,0,5.454545,0.195120,4.401150,1.000000,-1.000000,1,0.566562,9.345655,7.798000
s3_area,vbf,13,50,5,500.000000,500.000000,3.000000,150.000000,120.000000,6.000000,512,10000.000000,200.000000,165,10,59,0,499,0,6.060606,0.216800,3.618522,1.000000,-1.000000,1,0.575596,10.195380,8.776000
s3_area,vbf,14,50,5,500.000000,500.000000,3.000000,150.000000,120.000000,6.000000,512,10000.000000,200.000000,165,6,7,0,520,0,3.636364,0.130080,6.786467,1.000000,-1.000000,1,0.530101,11.924888,8.792000
s3_area,vbf,15,50,5,500.000000,500.000000,3.000000,150.000000,120.000000,6.000000,512,10000.000000,200.000000,164,7,55,0,449,0,4.268293,0.151760,5.447545,1.000000,-1.000000,1,0.500382,11.034928,7.366000
s3_area,vbf,16,50,5,500.000000,500.000000,3.000000,150.000000,120.000000,6.000000,512,10000.000000,200.000000,165,3,15,0,564,0,1.818182,0.065040,2.738510,1.000000,-1.000000,1,0.689569,7.216685,9.488000
s3_area,vbf,17,50,5,500.000000,500.000000,3.000000,150.000000,120.000000,6.000000,512,10000.000000,200.000000,163,6,16,0,457,0,3.680982,0.130080,5.978693,1.000000,-1.000000,1,0.575147,8.882445,7.634000
s3_area,vbf,18,50,5,500.000000,500.000000,3.000000,150.000000,120.000000,6.000000,512,10000.000000,200.000000,165,6,56,0,418,0,3.636364,0.130080,5.472010,1.000000,-1.000000,1,0.524630,10.253297,7.422000
s3_area,vbf,19,50,5,500.000000,500.000000,3.000000,150.000000,120.000000,6.000000,512,10000.000000,200.000000,165,8,42,0,499,0,4.848485,0.173440,6.300254,1.000000,-1.000000,1,0.458866,14.107446,8.200000
s3_area,hhvbf,1,50,5,500.000000,500.000000,3.000000,150.000000,120.000000,6.000000,512,10000.000000,200.000000,164,5,45,0,523,0,3.048780,0.108400,5.733629,1.000000,-1.000000,1,0.598877,9.582556,8.948000
s3_area,vbf,20,50,5,500.000000,500.000000,3.000000,150.000000,120.000000,6.000000,512,10000.000000,200.000000,164,3,45,0,542,0,1.829268,0.065040,2.256422,1.000000,-1.000000,1,0.653496,8.388617,9.568000
s3_area,hhvbf,2,50,5,500.000000,500.000000,3.000000,150.000000,120.000000,6.000000,512,10000.000000,200.000000,164,14,59,0,607,0,8.536585,0.303520,4.330142,1.000000,-1.000000,1,0.657364,9.457585,10.948000
s3_area,hhvbf,4,50,5,500.000000,500.000000,3.000000,150.000000,120.000000,6.000000,512,10000.000000,200.000000,163,8,79,0,546,0,4.907975,0.173440,3.648937,1.000000,-1.000000,1,0.591632,10.447752,9.510000
s3_area,hhvbf,3,50,5,500.000000,500.000000,3.000000,150.000000,120.000000,6.000000,512,10000.000000,200.000000,165,12,70,0,607,0,7.272727,0.260160,3.990707,1.000000,-1.000000,1,0.610788,10.592868,10.320000
s3_area,hhvbf,5,50,5,500.000000,500.000000,3.000000,150.000000,120.000000,6.000000,512,10000.000000,200.000000,165,4,27,0,698,0,2.424242,0.086720,3.166100,1.000000,-1.000000,1,0.650376,10.259546,11.564000
s3_area,hhvbf,6,50,5,500.000000,500.000000,3.000000,150.000000,120.000000,6.000000,512,10000.000000,200.000000,165,5,25,0,524,0,3.030303,0.108400,7.599971,1.000000,-1.000000,1,0.606419,9.043565,8.674000
s3_area,hhvbf,7,50,5,500.000000,500.000000,3.000000,150.000000,120.000000,6.000000,512,10000.000000,200.000000,165,9,43,0,615,0,5.454545,0.195120,8.058923,1.000000,-1.000000,1,0.701012,7.815057,10.772000
s3_area,hhvbf,8,50,5,500.000000,500.000000,3.000000,150.000000,120.000000,6.000000,512,10000.000000,200.000000,164,7,22,0,545,0,4.268293,0.151760,7.290638,1.000000,-1.000000,1,0.595170,9.984388,9.202000
s3_area,hhvbf,9,50,5,500.000000,500.000000,3.000000,150.000000,120.000000,6.000000,512,10000.000000,200.000000,163,6,65,0,627,0,3.680982,0.130080,4.405294,1.000000,-1.000000,1,0.637375,9.801862,10.522000
s3_area,hhvbf,10,50,5,500.000000,500.000000,3.000000,150.000000,120.000000,6.000000,512,10000.000000,200.000000,165,8,14,0,607,0,4.848485,0.173440,7.775874,1.000000,-1.000000,1,0.748982,5.998806,10.234000
s3_area,hhvbf,11,50,5,500.000000,500.000000,3.000000,150.000000,120.000000,6.000000,512,10000.000000,200.000000,165,11,39,0,436,0,6.666667,0.238480,3.655387,1.000000,-1.000000,1,0.573570,9.066706,7.750000
s3_area,hhvbf,12,50,5,500.000000,500.000000,3.000000,150.000000,120.000000,6.000000,512,10000.000000,200.000000,165,11,49,0,542,0,6.666667,0.238480,5.801049,1.000000,-1.000000,1,0.620893,8.923061,9.016000
s3_area,hhvbf,13,50,5,500.000000,500.000000,3.000000,150.000000,120.000000,6.000000,512,10000.000000,200.000000,165,10,74,0,613,0,6.060606,0.216800,4.566200,1.000000,-1.000000,1,0.642406,9.637946,10.542000
s3_area,hhvbf,14,50,5,500.000000,500.000000,3.000000,150.000000,120.000000,6.000000,512,10000.000000,200.000000,165,8,15,0,611,0,4.848485,0.173440,6.667409,1.000000,-1.000000,1,0.584333,11.556466,10.254000
s3_area,hhvbf,15,50,5,500.000000,500.000000,3.000000,150.000000,120.000000,6.000000,512,10000.000000,200.000000,164,7,57,0,493,0,4.268293,0.151760,5.919621,1.000000,-1.000000,1,0.525747,10.982933,7.980000
s3_area,hhvbf,16,50,5,500.000000,500.000000,3.000000,150.000000,120.000000,6.000000,512,10000.000000,200.000000,165,4,16,0,633,0,2.424242,0.086720,3.174642,1.000000,-1.000000,1,0.716200,7.174611,10.550000
s3_area,hhvbf,18,50,5,500.000000,500.000000,3.000000,150.000000,120.000000,6.000000,512,10000.000000,200.000000,165,6,64,0,468,0,3.636364,0.130080,5.332120,1.000000,-1.000000,1,0.573683,9.697002,8.292000
s3_area,hhvbf,17,50,5,500.000000,500.000000,3.000000,150.000000,120.000000,6.000000,512,10000.000000,200.000000,163,6,17,0,483,0,3.680982,0.130080,5.234737,1.000000,-1.000000,1,0.583023,9.123075,8.058000
s3_area,dbr,1,50,5,500.000000,500.000000,3.000000,150.000000,120.000000,6.000000,512,10000.000000,200.000000,164,2,5,0,209,0,1.219512,0.003760,79.519904,1.000000,-1.000000,1,0.377390,9.362240,4.120000
s3_area,hhvbf,20,50,5,500.000000,500.000000,3.000000,150.000000,120.000000,6.000000,512,10000.000000,200.000000,164,4,52,0,593,0,2.439024,0.086720,2.933798,1.000000,-1.000000,1,0.671094,8.440721,10.306000
s3_area,hhvbf,19,50,5,500.000000,500.000000,3.000000,150.000000,120.000000,6.000000,512,10000.000000,200.000000,165,8,48,0,571,0,4.848485,0.173440,6.838341,1.000000,-1.000000,1,0.529470,12.806469,9.422000
s3_area,dbr,2,50,5,500.000000,500.000000,3.000000,150.000000,120.000000,6.000000,512,10000.000000,200.000000,164,2,12,0,210,0,1.219512,0.003760,66.282580,2.000000,-1.000000,1,0.410609,7.993912,3.948000
s3_area,dbr,3,50,5,500.000000,500.000000,3.000000,150.000000,120.000000,6.000000,512,10000.000000,200.000000,165,5,20,0,207,0,3.030303,0.009400,114.439553,0.600000,-1.000000,1,0.375877,9.156560,4.008000
s3_area,dbr,4,50,5,500.000000,500.000000,3.000000,150.000000,120.000000,6.000000,512,10000.000000,200.000000,163,3,43,0,209,0,1.840491,0.005640,37.097082,0.333333,-1.000000,1,0.403855,8.579249,4.140000
s3_area,dbr,7,50,5,500.000000,500.000000,3.000000,150.000000,120.000000,6.000000,512,10000.000000,200.000000,165,1,0,0,208,0,0.606061,0.001880,133.315357,2.000000,-1.000000,1,0.358161,9.375295,3.852000
s3_area,dbr,5,50,5,500.000000,500.000000,3.000000,150.000000,120.000000,6.000000,512,10000.000000,200.000000,165,2,8,0,207,0,1.212121,0.003760,129.664390,0.500000,-1.000000,1,0.342955,9.329252,3.626000
s3_area,dbr,6,50,5,500.000000,500.000000,3.000000,150.000000,120.000000,6.000000,512,10000.000000,200.000000,165,1,0,0,205,0,0.606061,0.001880,43.588282,2.000000,-1.000000,1,0.361029,8.734428,3.626000
s3_area,dbr,8,50,5,500.000000,500.000000,3.000000,150.000000,120.000000,6.000000,512,10000.000000,200.000000,164,0,0,0,203,0,0.000000,0.000000,0.000000,0.000000,-1.000000,1,0.325655,9.777973,3.562000
s3_area,dbr,10,50,5,500.000000,500.000000,3.000000,150.000000,120.000000,6.000000,512,10000.000000,200.000000,165,8,0,0,211,0,4.848485,0.015040,91.894830,2.625000,-1.000000,1,0.343043,8.914706,3.466000
s3_area,dbr,9,50,5,500.000000,500.000000,3.000000,150.000000,120.000000,6.000000,512,10000.000000,200.000000,163,3,22,0,205,0,1.840491,0.005640,7.601132,1.000000,-1.000000,1,0.355911,9.348915,3.810000
s3_area,dbr,11,50,5,500.000000,500.000000,3.000000,150.000000,120.000000,6.000000,512,10000.000000,200.000000,165,7,15,0,210,0,4.242424,0.013160,95.048119,1.571429,-1.000000,1,0.367946,9.225490,3.926000
s3_area,dbr,12,50,5,500.000000,500.000000,3.000000,150.000000,120.000000,6.000000,512,10000.000000,200.000000,165,3,2,0,212,0,1.818182,0.005640,69.254042,1.666667,-1.000000,1,0.348451,9.147617,3.628000
s3_area,dbr,13,50,5,500.000000,500.000000,3.000000,150.000000,120.000000,6.000000,512,10000.000000,200.000000,165,3,30,0,210,0,1.818182,0.005640,42.518610,0.333333,-1.000000,1,0.367015,9.058175,3.842000
s3_area,dbr,14,50,5,500.000000,500.000000,3.000000,150.000000,120.000000,6.000000,512,10000.000000,200.000000,165,2,2,0,209,0,1.212121,0.003760,6.323116,0.500000,-1.000000,1,0.287111,11.089663,3.470000
s3_area,dbr,15,50,5,500.000000,500.000000,3.000000,150.000000,120.000000,6.000000,512,10000.000000,200.000000,164,5,12,0,209,0,3.048780,0.009400,82.365259,3.000000,-1.000000,1,0.309652,10.213408,3.498000
s3_area,dbr,16,50,5,500.000000,500.000000,3.000000,150.000000,120.000000,6.000000,512,10000.000000,200.000000,165,1,8,0,206,0,0.606061,0.001880,24.109245,0.000000,-1.000000,1,0.342183,9.221751,3.574000
s3_area,dbr,17,50,5,500.000000,500.000000,3.000000,150.000000,120.000000,6.000000,512,10000.000000,200.000000,163,0,0,0,204,0,0.000000,0.000000,0.000000,0.000000,-1.000000,1,0.326013,9.808539,3.578000
s3_area,dbr,18,50,5,500.000000,500.000000,3.000000,150.000000,120.000000,6.000000,512,10000.000000,200.000000,165,3,3,0,206,0,1.818182,0.005640,85.400977,2.333333,-1.000000,1,0.293121,10.827214,3.472000
s3_area,dbr,19,50,5,500.000000,500.000000,3.000000,150.000000,120.000000,6.000000,512,10000.000000,200.000000,165,1,0,0,207,0,0.606061,0.001880,7.387036,2.000000,-1.000000,1,0.273127,11.845032,3.496000
s3_area,dbr,20,50,5,500.000000,500.000000,3.000000,150.000000,120.000000,6.000000,512,10000.000000,200.000000,164,1,23,0,210,0,0.609756,0.001880,5.850429,0.000000,-1.000000,1,0.404382,8.191376,3.960000
s3_area,adaptive,1,50,5,600.000000,600.000000,3.000000,150.000000,120.000000,6.000000,512,10000.000000,200.000000,164,9,20,147,1165,12,5.487805,0.126720,3.085012,2.111111,-1.000000,1,0.902557,3.562137,17.342000
s3_area,adaptive,2,50,5,600.000000,600.000000,3.000000,150.000000,120.000000,6.000000,512,10000.000000,200.000000,164,36,53,125,1255,10,21.951220,0.564480,2.766598,1.805556,-1.000000,1,0.907509,3.744702,19.262000
s3_area,adaptive,3,50,5,600.000000,600.000000,3.000000,150.000000,120.000000,6.000000,512,10000.000000,200.000000,165,29,26,161,1264,17,17.575758,0.478720,1.727039,0.862069,-1.000000,1,0.869851,4.937400,17.648000
s3_area,adaptive,4,50,5,600.000000,600.000000,3.000000,150.000000,120.000000,6.000000,512,10000.000000,200.000000,163,59,58,138,1281,8,36.196319,1.035520,1.034152,0.271186,-1.000000,1,0.872903,5.140407,18.850000
s3_area,adaptive,5,50,5,600.000000,600.000000,3.000000,150.000000,120.000000,6.000000,512,10000.000000,200.000000,165,1,2,148,1286,19,0.606061,0.001280,0.128673,0.000000,-1.000000,1,0.899041,3.836876,17.992000
s3_area,adaptive,6,50,5,600.000000,600.000000,3.000000,150.000000,120.000000,6.000000,512,10000.000000,200.000000,165,4,12,154,1213,18,2.424242,0.024320,1.452446,1.000000,-1.000000,1,0.888661,4.104542,17.346000
s3_area,adaptive,7,50,5,600.000000,600.000000,3.000000,150.000000,120.000000,6.000000,512,10000.000000,200.000000,165,9,24,145,1165,14,5.454545,0.088320,2.441394,1.666667,-1.000000,1,0.917444,2.907671,16.852000
s3_area,adaptive,8,50,5,600.000000,600.000000,3.000000,150.000000,120.000000,6.000000,512,10000.000000,200.000000,164,12,29,168,1187,18,7.317073,0.072960,1.690119,1.166667,-1.000000,1,0.921596,2.829138,17.306000
s3_area,adaptive,9,50,5,600.000000,600.000000,3.000000,150.000000,120.000000,6.000000,512,10000.000000,200.000000,163,40,45,119,1222,16,24.539877,0.684800,1.122386,0.325000,-1.000000,1,0.878429,4.515637,17.370000
s3_area,adaptive,10,50,5,600.000000,600.000000,3.000000,150.000000,120.000000,6.000000,512,10000.000000,200.000000,165,9,58,132,1178,18,5.454545,0.011520,0.123111,0.000000,-1.000000,1,0.947767,1.841599,17.156000
s3_area,adaptive,11,50,5,600.000000,600.000000,3.000000,150.000000,120.000000,6.000000,512,10000.000000,200.000000,165,29,35,145,1135,10,17.575758,0.478720,1.196892,0.413793,-1.000000,1,0.906785,3.340841,17.044000
s3_area,adaptive,12,50,5,600.000000,600.000000,3.000000,150.000000,120.000000,6.000000,512,10000.000000,200.000000,165,27,35,163,1173,10,16.363636,0.399360,2.750817,1.666667,-1.000000,1,0.914897,3.017398,16.940000
s3_area,adaptive,14,50,5,600.000000,600.000000,3.000000,150.000000,120.000000,6.000000,512,10000.000000,200.000000,165,7,20,146,1147,4,4.242424,0.028160,0.237165,0.000000,-1.000000,1,0.893125,3.607425,15.924000
s3_area,adaptive,13,50,5,600.000000,600.000000,3.000000,150.000000,120.000000,6.000000,512,10000.000000,200.000000,165,48,40,125,1211,10,29.090909,0.810240,1.469892,0.604167,-1.000000,1,0.886408,4.211129,17.420000
s3_area,adaptive,15,50,5,600.000000,600.000000,3.000000,150.000000,120.000000,6.000000,512,10000.000000,200.000000,164,11,32,154,1128,8,6.707317,0.090880,2.132927,1.363636,-1.000000,1,0.951718,1.494903,15.098000
s3_area,adaptive,16,50,5,600.000000,600.000000,3.000000,150.000000,120.000000,6.000000,512,10000.000000,200.000000,165,4,18,161,1234,12,2.424242,0.024320,0.313746,0.000000,-1.000000,1,0.919314,2.918303,17.324000
s3_area,adaptive,17,50,5,600.000000,600.000000,3.000000,150.000000,120.000000,6.000000,512,10000.000000,200.000000,163,8,8,156,1156,9,4.907975,0.125440,2.324911,1.500000,-1.000000,1,0.922669,2.642108,16.396000
s3_area,adaptive,18,50,5,600.000000,600.000000,3.000000,150.000000,120.000000,6.000000,512,10000.000000,200.000000,165,29,29,120,1243,8,17.575758,0.517120,2.808328,1.758621,-1.000000,1,0.911859,3.327910,18.008000
s3_area,adaptive,19,50,5,600.000000,600.000000,3.000000,150.000000,120.000000,6.000000,512,10000.000000,200.000000,165,6,10,165,1124,10,3.636364,0.046080,1.080775,0.666667,-1.000000,1,0.950348,1.632799,16.024000
s3_area,vbf,1,50,5,600.000000,600.000000,3.000000,150.000000,120.000000,6.000000,512,10000.000000,200.000000,164,1,8,0,403,0,0.609756,0.021680,2.661107,1.000000,-1.000000,1,0.467668,10.478011,6.272000
s3_area,adaptive,20,50,5,600.000000,600.000000,3.000000,150.000000,120.000000,6.000000,512,10000.000000,200.000000,164,24,25,121,1296,6,14.634146,0.414720,1.499473,0.625000,-1.000000,1,0.909293,3.596692,18.884000
s3_area,vbf,2,50,5,600.000000,600.000000,3.000000,150.000000,120.000000,6.000000,512,10000.000000,200.000000,164,9,27,0,420,0,5.487805,0.195120,5.076745,1.000000,-1.000000,1,0.527496,9.241169,6.754000
s3_area,vbf,3,50,5,600.000000,600.000000,3.000000,150.000000,120.000000,6.000000,512,10000.000000,200.000000,165,5,25,0,447,0,3.030303,0.108400,4.253566,1.000000,-1.000000,1,0.449021,12.147631,6.832000
s3_area,vbf,4,50,5,600.000000,600.000000,3.000000,150.000000,120.000000,6.000000,512,10000.000000,200.000000,163,5,61,0,454,0,3.067485,0.108400,1.997235,1.000000,-1.000000,1,0.471876,11.883798,7.214000
s3_area,vbf,5,50,5,600.000000,600.000000,3.000000,150.000000,120.000000,6.000000,512,10000.000000,200.000000,165,0,0,0,407,0,0.000000,0.000000,0.000000,0.000000,-1.000000,1,0.459374,10.459589,6.090000
s3_area,vbf,6,50,5,600.000000,600.000000,3.000000,150.000000,120.000000,6.000000,512,10000.000000,200.000000,165,1,0,0,348,0,0.606061,0.021680,10.093932,1.000000,-1.000000,1,0.444297,9.689796,5.364000
s3_area,vbf,7,50,5,600.000000,600.000000,3.000000,150.000000,120.000000,6.000000,512,10000.000000,200.000000,165,5,11,0,304,0,3.030303,0.108400,8.678279,1.000000,-1.000000,1,0.384901,10.547981,4.766000
s3_area,vbf,8,50,5,600.000000,600.000000,3.000000,150.000000,120.000000,6.000000,512,10000.000000,200.000000,164,4,18,0,382,0,2.439024,0.086720,9.529414,1.000000,-1.000000,1,0.426456,11.253643,5.866000
s3_area,vbf,9,50,5,600.000000,600.000000,3.000000,150.000000,120.000000,6.000000,512,10000.000000,200.000000,163,5,50,0,407,0,3.067485,0.108400,2.893960,1.000000,-1.000000,1,0.410285,13.094696,6.460000
s3_area,vbf,10,50,5,600.000000,600.000000,3.000000,150.000000,120.000000,6.000000,512,10000.000000,200.000000,165,0,0,0,328,0,0.000000,0.000000,0.000000,0.000000,-1.000000,1,0.445979,8.719151,4.854000
s3_area,vbf,11,50,5,600.000000,600.000000,3.000000,150.000000,120.000000,6.000000,512,10000.000000,200.000000,165,4,24,0,310,0,2.424242,0.086720,2.410656,1.000000,-1.000000,1,0.368233,11.859241,5.052000
s3_area,vbf,12,50,5,600.000000,600.000000,3.000000,150.000000,120.000000,6.000000,512,10000.000000,200.000000,165,4,6,0,357,0,2.424242,0.086720,4.873682,1.000000,-1.000000,1,0.436629,10.009685,5.400000
s3_area,vbf,13,50,5,600.000000,600.000000,3.000000,150.000000,120.000000,6.000000,512,10000.000000,200.000000,165,7,54,0,382,0,4.242424,0.151760,3.711427,1.000000,-1.000000,1,0.409747,12.135956,5.976000
s3_area,vbf,14,50,5,600.000000,600.000000,3.000000,150.000000,120.000000,6.000000,512,10000.000000,200.000000,165,1,1,0,320,0,0.606061,0.021680,0.932533,1.000000,-1.000000,1,0.269385,16.201673,4.706000
s3_area,vbf,15,50,5,600.000000,600.000000,3.000000,150.000000,120.000000,6.000000,512,10000.000000,200.000000,164,3,5,0,285,0,1.829268,0.065040,5.309506,1.000000,-1.000000,1,0.284504,13.102464,4.056000
s3_area,vbf,16,50,5,600.000000,600.000000,3.000000,150.000000,120.000000,6.000000,512,10000.000000,200.000000,165,1,2,0,418,0,0.606061,0.021680,0.946054,1.000000,-1.000000,1,0.481478,10.214143,6.402000
s3_area,vbf,18,50,5,600.000000,600.000000,3.000000,150.000000,120.000000,6.000000,512,10000.000000,200.000000,165,3,30,0,373,0,1.818182,0.065040,7.609454,1.000000,-1.000000,1,0.401591,11.720683,5.612000
s3_area,vbf,17,50,5,600.000000,600.000000,3.000000,150.000000,120.000000,6.000000,512,10000.000000,200.000000,163,1,6,0,348,0,0.613497,0.021680,4.614749,1.000000,-1.000000,1,0.401261,11.115128,5.316000
s3_area,vbf,19,50,5,600.000000,600.000000,3.000000,150.000000,120.000000,6.000000,512,10000.000000,200.000000,165,2,3,0,308,0,1.212121,0.043360,6.072909,1.000000,-1.000000,1,0.283743,13.973346,4.312000
s3_area,vbf,20,50,5,600.000000,600.000000,3.000000,150.000000,120.000000,6.000000,512,10000.000000,200.000000,164,3,29,0,439,0,1.829268,0.065040,4.001907,1.000000,-1.000000,1,0.534208,9.313219,6.962000
s3_area,hhvbf,1,50,5,600.000000,600.000000,3.000000,150.000000,120.000000,6.000000,512,10000.000000,200.000000,164,2,10,0,420,0,1.219512,0.043360,5.386623,1.000000,-1.000000,1,0.473792,10.816213,6.608000
s3_area,hhvbf,2,50,5,600.000000,600.000000,3.000000,150.000000,120.000000,6.000000,512,10000.000000,200.000000,164,8,33,0,467,0,4.878049,0.173440,5.027792,1.000000,-1.000000,1,0.562831,9.072687,7.474000
s3_area,hhvbf,3,50,5,600.000000,600.000000,3.000000,150.000000,120.000000,6.000000,512,10000.000000,200.000000,165,5,22,0,489,0,3.030303,0.108400,5.064088,1.000000,-1.000000,1,0.472198,12.061924,7.330000
s3_area,hhvbf,4,50,5,600.000000,600.000000,3.000000,150.000000,120.000000,6.000000,512,10000.000000,200.000000,163,5,68,0,479,0,3.067485,0.108400,1.997235,1.000000,-1.000000,1,0.476571,12.208547,7.528000
s3_area,hhvbf,5,50,5,600.000000,600.000000,3.000000,150.000000,120.000000,6.000000,512,10000.000000,200.000000,165,0,0,0,484,0,0.000000,0.000000,0.000000,0.000000,-1.000000,1,0.496159,10.945217,7.204000
s3_area,hhvbf,6,50,5,600.000000,600.000000,3.000000,150.000000,120.000000,6.000000,512,10000.000000,200.000000,165,1,0,0,408,0,0.606061,0.021680,9.760076,1.000000,-1.000000,1,0.484180,9.942369,6.288000
s3_area,hhvbf,7,50,5,600.000000,600.000000,3.000000,150.000000,120.000000,6.000000,512,10000.000000,200.000000,165,5,8,0,359,0,3.030303,0.108400,8.140444,1.000000,-1.000000,1,0.472567,9.141341,5.562000
s3_area,hhvbf,8,50,5,600.000000,600.000000,3.000000,150.000000,120.000000,6.000000,512,10000.000000,200.000000,164,6,18,0,403,0,3.658537,0.130080,9.502893,1.000000,-1.000000,1,0.446043,11.055525,6.156000
s3_area,hhvbf,9,50,5,600.000000,600.000000,3.000000,150.000000,120.000000,6.000000,512,10000.000000,200.000000,163,5,53,0,438,0,3.067485,0.108400,2.913668,1.000000,-1.000000,1,0.451109,12.168841,6.892000
s3_area,hhvbf,10,50,5,600.000000,600.000000,3.000000,150.000000,120.000000,6.000000,512,10000.000000,200.000000,165,1,0,0,371,0,0.606061,0.021680,5.107035,1.000000,-1.000000,1,0.524964,7.595116,5.504000
s3_area,hhvbf,11,50,5,600.000000,600.000000,3.000000,150.000000,120.000000,6.000000,512,10000.000000,200.000000,165,5,24,0,314,0,3.030303,0.108400,2.970116,1.000000,-1.000000,1,0.369814,11.895334,5.096000
s3_area,hhvbf,12,50,5,600.000000,600.000000,3.000000,150.000000,120.000000,6.000000,512,10000.000000,200.000000,165,6,12,0,395,0,3.636364,0.130080,5.937669,1.000000,-1.000000,1,0.480214,9.517026,5.940000
s3_area,hhvbf,14,50,5,600.000000,600.000000,3.000000,150.000000,120.000000,6.000000,512,10000.000000,200.000000,165,3,2,0,354,0,1.818182,0.065040,4.340935,1.000000,-1.000000,1,0.323853,14.582710,5.276000
s3_area,hhvbf,13,50,5,600.000000,600.000000,3.000000,150.000000,120.000000,6.000000,512,10000.000000,200.000000,165,7,49,0,420,0,4.242424,0.151760,4.035156,1.000000,-1.000000,1,0.446340,11.625804,6.480000
s3_area,hhvbf,15,50,5,600.000000,600.000000,3.000000,150.000000,120.000000,6.000000,512,10000.000000,200.000000,164,4,12,0,311,0,2.439024,0.086720,6.961479,1.000000,-1.000000,1,0.324820,12.287498,4.462000
s3_area,hhvbf,16,50,5,600.000000,600.000000,3.000000,150.000000,120.000000,6.000000,512,10000.000000,200.000000,165,1,2,0,447,0,0.606061,0.021680,0.946054,1.000000,-1.000000,1,0.490207,10.522773,6.790000
s3_area,hhvbf,17,50,5,600.000000,600.000000,3.000000,150.000000,120.000000,6.000000,512,10000.000000,200.000000,163,1,6,0,361,0,0.613497,0.021680,4.484909,1.000000,-1.000000,1,0.403576,11.367018,5.480000
s3_area,hhvbf,18,50,5,600.000000,600.000000,3.000000,150.000000,120.000000,6.000000,512,10000.000000,200.000000,165,3,36,0,423,0,1.818182,0.065040,8.087774,1.000000,-1.000000,1,0.464103,10.880655,6.436000
s3_area,hhvbf,19,50,5,600.000000,600.000000,3.000000,150.000000,120.000000,6.000000,512,10000.000000,200.000000,165,2,2,0,337,0,1.212121,0.043360,6.100553,1.000000,-1.000000,1,0.315832,13.556522,4.756000
s3_area,hhvbf,20,50,5,600.000000,600.000000,3.000000,150.000000,120.000000,6.000000,512,10000.000000,200.000000,164,3,34,0,522,0,1.829268,0.065040,2.309515,1.000000,-1.000000,1,0.587417,9.082395,8.146000
s3_area,dbr,1,50,5,600.000000,600.000000,3.000000,150.000000,120.000000,6.000000,512,10000.000000,200.000000,164,0,0,0,201,0,0.000000,0.000000,0.000000,0.000000,-1.000000,1,0.284825,10.794556,3.346000
s3_area,dbr,2,50,5,600.000000,600.000000,3.000000,150.000000,120.000000,6.000000,512,10000.000000,200.000000,164,6,6,0,203,0,3.658537,0.011280,109.213686,2.333333,-1.000000,1,0.313575,9.477501,3.296000
s3_area,dbr,3,50,5,600.000000,600.000000,3.000000,150.000000,120.000000,6.000000,512,10000.000000,200.000000,165,2,5,0,203,0,1.212121,0.003760,60.950843,1.000000,-1.000000,1,0.299788,9.812025,3.232000
s3_area,dbr,4,50,5,600.000000,600.000000,3.000000,150.000000,120.000000,6.000000,512,10000.000000,200.000000,163,4,40,0,207,0,2.453988,0.007520,48.235674,1.000000,-1.000000,1,0.329456,9.627400,3.558000
s3_area,dbr,5,50,5,600.000000,600.000000,3.000000,150.000000,120.000000,6.000000,512,10000.000000,200.000000,165,0,0,0,202,0,0.000000,0.000000,0.000000,0.000000,-1.000000,1,0.265801,10.454286,2.990000
s3_area,dbr,6,50,5,600.000000,600.000000,3.000000,150.000000,120.000000,6.000000,512,10000.000000,200.000000,165,0,0,0,202,0,0.000000,0.000000,0.000000,0.000000,-1.000000,1,0.293376,9.837863,3.158000
s3_area,dbr,7,50,5,600.000000,600.000000,3.000000,150.000000,120.000000,6.000000,512,10000.000000,200.000000,165,0,0,0,200,0,0.000000,0.000000,0.000000,0.000000,-1.000000,1,0.251926,11.137620,2.996000
s3_area,dbr,8,50,5,600.000000,600.000000,3.000000,150.000000,120.000000,6.000000,512,10000.000000,200.000000,164,0,0,0,198,0,0.000000,0.000000,0.000000,0.000000,-1.000000,1,0.256785,10.985303,3.020000
s3_area,dbr,9,50,5,600.000000,600.000000,3.000000,150.000000,120.000000,6.000000,512,10000.000000,200.000000,163,2,22,0,198,0,1.226994,0.003760,7.145968,0.500000,-1.000000,1,0.289575,10.491036,3.316000
s3_area,dbr,10,50,5,600.000000,600.000000,3.000000,150.000000,120.000000,6.000000,512,10000.000000,200.000000,165,3,0,0,204,0,1.818182,0.005640,151.748186,1.666667,-1.000000,1,0.262739,10.374825,2.928000
s3_area,dbr,11,50,5,600.000000,600.000000,3.000000,150.000000,120.000000,6.000000,512,10000.000000,200.000000,165,3,13,0,205,0,1.818182,0.005640,121.145625,0.666667,-1.000000,1,0.308355,9.977827,3.400000
s3_area,dbr,12,50,5,600.000000,600.000000,3.000000,150.000000,120.000000,6.000000,512,10000.000000,200.000000,165,0,0,0,208,0,0.000000,0.000000,0.000000,0.000000,-1.000000,1,0.275130,10.320425,3.072000
s3_area,dbr,13,50,5,600.000000,600.000000,3.000000,150.000000,120.000000,6.000000,512,10000.000000,200.000000,165,1,17,0,200,0,0.606061,0.001880,96.591233,0.000000,-1.000000,1,0.268726,10.530221,3.050000
s3_area,dbr,14,50,5,600.000000,600.000000,3.000000,150.000000,120.000000,6.000000,512,10000.000000,200.000000,165,1,2,0,193,0,0.606061,0.001880,5.880533,0.000000,-1.000000,1,0.203944,13.130038,2.794000
s3_area,dbr,15,50,5,600.000000,600.000000,3.000000,150.000000,120.000000,6.000000,512,10000.000000,200.000000,164,4,2,0,203,0,2.439024,0.007520,170.425395,1.750000,-1.000000,1,0.239502,11.516237,2.926000
s3_area,dbr,17,50,5,600.000000,600.000000,3.000000,150.000000,120.000000,6.000000,512,10000.000000,200.000000,163,0,0,0,196,0,0.000000,0.000000,0.000000,0.000000,-1.000000,1,0.254038,11.216549,3.046000
s3_area,dbr,16,50,5,600.000000,600.000000,3.000000,150.000000,120.000000,6.000000,512,10000.000000,200.000000,165,1,2,0,199,0,0.606061,0.001880,47.479054,0.000000,-1.000000,1,0.264643,10.731859,3.054000
s3_area,dbr,18,50,5,600.000000,600.000000,3.000000,150.000000,120.000000,6.000000,512,10000.000000,200.000000,165,1,0,0,203,0,0.606061,0.001880,7.602494,1.000000,-1.000000,1,0.241536,11.500960,2.950000
s3_area,dbr,19,50,5,600.000000,600.000000,3.000000,150.000000,120.000000,6.000000,512,10000.000000,200.000000,165,1,0,0,199,0,0.606061,0.001880,7.420359,2.000000,-1.000000,1,0.217116,12.235712,2.788000
s3_area,dbr,20,50,5,600.000000,600.000000,3.000000,150.000000,120.000000,6.000000,512,10000.000000,200.000000,164,1,22,0,206,0,0.609756,0.001880,5.857707,0.000000,-1.000000,1,0.330502,9.109767,3.380000
s3_area,adaptive,1,50,5,800.000000,800.000000,3.000000,150.000000,120.000000,6.000000,512,10000.000000,200.000000,164,0,0,149,1111,14,0.000000,0.000000,0.000000,0.000000,-1.000000,1,0.895457,3.044964,13.760000
s3_area,adaptive,2,50,5,800.000000,800.000000,3.000000,150.000000,120.000000,6.000000,512,10000.000000,200.000000,164,4,23,161,1132,3,2.439024,0.005120,0.123418,0.000000,-1.000000,1,0.922019,2.326834,14.314000
s3_area,adaptive,3,50,5,800.000000,800.000000,3.000000,150.000000,120.000000,6.000000,512,10000.000000,200.000000,165,9,6,146,1147,4,5.454545,0.165120,1.847599,1.000000,-1.000000,1,0.909722,2.610761,13.776000
s3_area,adaptive,5,50,5,800.000000,800.000000,3.000000,150.000000,120.000000,6.000000,512,10000.000000,200.000000,165,0,0,154,1068,1,0.000000,0.000000,0.000000,0.000000,-1.000000,1,0.959734,1.032526,12.558000
s3_area,adaptive,4,50,5,800.000000,800.000000,3.000000,150.000000,120.000000,6.000000,512,10000.000000,200.000000,163,33,34,158,1162,2,20.245399,0.560640,0.931146,0.181818,-1.000000,1,0.850968,4.651117,14.348000
s3_area,adaptive,6,50,5,800.000000,800.000000,3.000000,150.000000,120.000000,6.000000,512,10000.000000,200.000000,165,0,0,168,1066,0,0.000000,0.000000,0.000000,0.000000,-1.000000,1,0.942336,1.513516,12.734000
s3_area,adaptive,7,50,5,800.000000,800.000000,3.000000,150.000000,120.000000,6.000000,512,10000.000000,200.000000,165,1,6,161,1021,3,0.606061,0.001280,0.127735,0.000000,-1.000000,1,0.978777,0.516586,12.040000
s3_area,adaptive,8,50,5,800.000000,800.000000,3.000000,150.000000,120.000000,6.000000,512,10000.000000,200.000000,164,5,19,171,1070,5,3.048780,0.006400,0.137645,0.000000,-1.000000,1,0.963188,0.981864,13.086000
s3_area,adaptive,9,50,5,800.000000,800.000000,3.000000,150.000000,120.000000,6.000000,512,10000.000000,200.000000,163,21,19,148,1108,8,12.883436,0.372480,1.256721,0.380952,-1.000000,1,0.891313,3.133758,13.588000
s3_area,adaptive,10,50,5,800.000000,800.000000,3.000000,150.000000,120.000000,6.000000,512,10000.000000,200.000000,165,6,25,154,1037,7,3.636364,0.007680,0.123879,0.000000,-1.000000,1,0.982613,0.439215,12.520000
s3_area,adaptive,11,50,5,800.000000,800.000000,3.000000,150.000000,120.000000,6.000000,512,10000.000000,200.000000,165,11,15,165,1086,6,6.666667,0.167680,0.675942,0.000000,-1.000000,1,0.906766,2.675745,13.648000
s3_area,adaptive,12,50,5,800.000000,800.000000,3.000000,150.000000,120.000000,6.000000,512,10000.000000,200.000000,165,3,11,162,1052,3,1.818182,0.003840,0.123592,0.000000,-1.000000,1,0.976645,0.584816,12.372000
s3_area,adaptive,13,50,5,800.000000,800.000000,3.000000,150.000000,120.000000,6.000000,512,10000.000000,200.000000,165,11,26,151,1068,4,6.666667,0.129280,0.641375,0.090909,-1.000000,1,0.947208,1.363734,12.566000
s3_area,adaptive,14,50,5,800.000000,800.000000,3.000000,150.000000,120.000000,6.000000,512,10000.000000,200.000000,165,2,5,155,1081,1,1.212121,0.002560,0.129089,0.000000,-1.000000,1,0.920926,2.114169,12.818000
s3_area,adaptive,15,50,5,800.000000,800.000000,3.000000,150.000000,120.000000,6.000000,512,10000.000000,200.000000,164,2,13,148,1035,5,1.219512,0.002560,0.127450,0.000000,-1.000000,1,0.975374,0.587819,11.786000
s3_area,adaptive,16,50,5,800.000000,800.000000,3.000000,150.000000,120.000000,6.000000,512,10000.000000,200.000000,165,1,4,159,1105,1,0.606061,0.001280,0.111901,0.000000,-1.000000,1,0.933176,1.851695,13.376000
s3_area,adaptive,17,50,5,800.000000,800.000000,3.000000,150.000000,120.000000,6.000000,512,10000.000000,200.000000,163,2,2,168,1083,6,1.226994,0.021760,1.650448,1.000000,-1.000000,1,0.940323,1.620553,13.160000
s3_area,adaptive,19,50,5,800.000000,800.000000,3.000000,150.000000,120.000000,6.000000,512,10000.000000,200.000000,165,0,0,160,1030,1,0.000000,0.000000,0.000000,0.000000,-1.000000,1,0.981304,0.465503,12.332000
s3_area,adaptive,18,50,5,800.000000,800.000000,3.000000,150.000000,120.000000,6.000000,512,10000.000000,200.000000,165,0,0,165,1106,6,0.000000,0.000000,0.000000,0.000000,-1.000000,1,0.936850,1.724907,13.212000
s3_area,adaptive,20,50,5,800.000000,800.000000,3.000000,150.000000,120.000000,6.000000,512,10000.000000,200.000000,164,7,4,145,1114,4,4.268293,0.124160,0.767125,0.000000,-1.000000,1,0.943487,1.571547,13.500000
s3_area,vbf,1,50,5,800.000000,800.000000,3.000000,150.000000,120.000000,6.000000,512,10000.000000,200.000000,164,0,0,0,277,0,0.000000,0.000000,0.000000,0.000000,-1.000000,1,0.277898,13.036483,3.926000
s3_area,vbf,2,50,5,800.000000,800.000000,3.000000,150.000000,120.000000,6.000000,512,10000.000000,200.000000,164,0,0,0,321,0,0.000000,0.000000,0.000000,0.000000,-1.000000,1,0.317220,12.191209,4.300000
s3_area,vbf,3,50,5,800.000000,800.000000,3.000000,150.000000,120.000000,6.000000,512,10000.000000,200.000000,165,1,9,0,302,0,0.606061,0.021680,2.715091,1.000000,-1.000000,1,0.299336,12.402800,4.078000
s3_area,vbf,5,50,5,800.000000,800.000000,3.000000,150.000000,120.000000,6.000000,512,10000.000000,200.000000,165,0,0,0,236,0,0.000000,0.000000,0.000000,0.000000,-1.000000,1,0.230290,12.336197,3.000000
s3_area,vbf,4,50,5,800.000000,800.000000,3.000000,150.000000,120.000000,6.000000,512,10000.000000,200.000000,163,4,35,0,329,0,2.453988,0.086720,1.880212,1.000000,-1.000000,1,0.286925,14.539502,4.546000
s3_area,vbf,6,50,5,800.000000,800.000000,3.000000,150.000000,120.000000,6.000000,512,10000.000000,200.000000,165,0,0,0,246,0,0.000000,0.000000,0.000000,0.000000,-1.000000,1,0.241575,12.294065,3.154000
s3_area,vbf,7,50,5,800.000000,800.000000,3.000000,150.000000,120.000000,6.000000,512,10000.000000,200.000000,165,0,0,0,178,0,0.000000,0.000000,0.000000,0.000000,-1.000000,1,0.140929,14.994673,2.156000
s3_area,vbf,8,50,5,800.000000,800.000000,3.000000,150.000000,120.000000,6.000000,512,10000.000000,200.000000,164,0,0,0,233,0,0.000000,0.000000,0.000000,0.000000,-1.000000,1,0.213525,13.328863,2.982000
s3_area,vbf,9,50,5,800.000000,800.000000,3.000000,150.000000,120.000000,6.000000,512,10000.000000,200.000000,163,3,25,0,279,0,1.840491,0.065040,2.124602,1.000000,-1.000000,1,0.267350,13.711676,3.948000
s3_area,vbf,10,50,5,800.000000,800.000000,3.000000,150.000000,120.000000,6.000000,512,10000.000000,200.000000,165,0,0,0,190,0,0.000000,0.000000,0.000000,0.000000,-1.000000,1,0.177596,12.836739,2.354000
s3_area,vbf,11,50,5,800.000000,800.000000,3.000000,150.000000,120.000000,6.000000,512,10000.000000,200.000000,165,1,8,0,224,0,0.606061,0.021680,0.944357,1.000000,-1.000000,1,0.238834,12.310415,3.118000
s3_area,vbf,12,50,5,800.000000,800.000000,3.000000,150.000000,120.000000,6.000000,512,10000.000000,200.000000,165,0,0,0,218,0,0.000000,0.000000,0.000000,0.000000,-1.000000,1,0.226565,11.481238,2.742000
s3_area,vbf,13,50,5,800.000000,800.000000,3.000000,150.000000,120.000000,6.000000,512,10000.000000,200.000000,165,3,11,0,230,0,1.818182,0.065040,2.659765,1.000000,-1.000000,1,0.235004,12.052697,2.998000
s3_area,vbf,14,50,5,800.000000,800.000000,3.000000,150.000000,120.000000,6.000000,512,10000.000000,200.000000,165,0,0,0,223,0,0.000000,0.000000,0.000000,0.000000,-1.000000,1,0.161567,17.649474,2.928000
s3_area,vbf,16,50,5,800.000000,800.000000,3.000000,150.000000,120.000000,6.000000,512,10000.000000,200.000000,165,0,0,0,271,0,0.000000,0.000000,0.000000,0.000000,-1.000000,1,0.258741,13.133502,3.642000
s3_area,vbf,15,50,5,800.000000,800.000000,3.000000,150.000000,120.000000,6.000000,512,10000.000000,200.000000,164,0,0,0,185,0,0.000000,0.000000,0.000000,0.000000,-1.000000,1,0.151233,14.576194,2.256000
s3_area,vbf,17,50,5,800.000000,800.000000,3.000000,150.000000,120.000000,6.000000,512,10000.000000,200.000000,163,1,1,0,272,0,0.613497,0.021680,4.390422,1.000000,-1.000000,1,0.246998,13.898727,3.656000
s3_area,vbf,19,50,5,800.000000,800.000000,3.000000,150.000000,120.000000,6.000000,512,10000.000000,200.000000,165,0,0,0,203,0,0.000000,0.000000,0.000000,0.000000,-1.000000,1,0.169579,14.135124,2.468000
s3_area,vbf,18,50,5,800.000000,800.000000,3.000000,150.000000,120.000000,6.000000,512,10000.000000,200.000000,165,0,0,0,262,0,0.000000,0.000000,0.000000,0.000000,-1.000000,1,0.253972,12.332259,3.348000
s3_area,hhvbf,2,50,5,800.000000,800.000000,3.000000,150.000000,120.000000,6.000000,512,10000.000000,200.000000,164,1,1,0,336,0,0.609756,0.021680,6.564422,1.000000,-1.000000,1,0.328701,12.205674,4.498000
s3_area,vbf,20,50,5,800.000000,800.000000,3.000000,150.000000,120.000000,6.000000,512,10000.000000,200.000000,164,1,10,0,286,0,0.609756,0.021680,0.924340,1.000000,-1.000000,1,0.332273,10.398638,3.884000
s3_area,hhvbf,1,50,5,800.000000,800.000000,3.000000,150.000000,120.000000,6.000000,512,10000.000000,200.000000,164,0,0,0,279,0,0.000000,0.000000,0.000000,0.000000,-1.000000,1,0.285873,12.668867,3.944000
s3_area,hhvbf,3,50,5,800.000000,800.000000,3.000000,150.000000,120.000000,6.000000,512,10000.000000,200.000000,165,1,9,0,313,0,0.606061,0.021680,2.715091,1.000000,-1.000000,1,0.308269,12.376714,4.216000
s3_area,hhvbf,5,50,5,800.000000,800.000000,3.000000,150.000000,120.000000,6.000000,512,10000.000000,200.000000,165,0,0,0,243,0,0.000000,0.000000,0.000000,0.000000,-1.000000,1,0.238705,12.262538,3.104000
s3_area,hhvbf,4,50,5,800.000000,800.000000,3.000000,150.000000,120.000000,6.000000,512,10000.000000,200.000000,163,4,39,0,344,0,2.453988,0.086720,2.310190,1.000000,-1.000000,1,0.297945,14.466109,4.730000
s3_area,hhvbf,6,50,5,800.000000,800.000000,3.000000,150.000000,120.000000,6.000000,512,10000.000000,200.000000,165,0,0,0,249,0,0.000000,0.000000,0.000000,0.000000,-1.000000,1,0.246358,12.162771,3.190000
s3_area,hhvbf,7,50,5,800.000000,800.000000,3.000000,150.000000,120.000000,6.000000,512,10000.000000,200.000000,165,0,0,0,178,0,0.000000,0.000000,0.000000,0.000000,-1.000000,1,0.140929,14.994673,2.156000
s3_area,hhvbf,8,50,5,800.000000,800.000000,3.000000,150.000000,120.000000,6.000000,512,10000.000000,200.000000,164,0,0,0,255,0,0.000000,0.000000,0.000000,0.000000,-1.000000,1,0.248880,12.317506,3.268000
s3_area,hhvbf,9,50,5,800.000000,800.000000,3.000000,150.000000,120.000000,6.000000,512,10000.000000,200.000000,163,3,25,0,285,0,1.840491,0.065040,2.124602,1.000000,-1.000000,1,0.270298,13.751565,4.010000
s3_area,hhvbf,10,50,5,800.000000,800.000000,3.000000,150.000000,120.000000,6.000000,512,10000.000000,200.000000,165,0,0,0,192,0,0.000000,0.000000,0.000000,0.000000,-1.000000,1,0.181340,12.692949,2.380000
s3_area,hhvbf,11,50,5,800.000000,800.000000,3.000000,150.000000,120.000000,6.000000,512,10000.000000,200.000000,165,1,8,0,229,0,0.606061,0.021680,0.944357,1.000000,-1.000000,1,0.238172,12.594311,3.180000
s3_area,hhvbf,12,50,5,800.000000,800.000000,3.000000,150.000000,120.000000,6.000000,512,10000.000000,200.000000,165,0,0,0,228,0,0.000000,0.000000,0.000000,0.000000,-1.000000,1,0.244438,11.032007,2.868000
s3_area,hhvbf,13,50,5,800.000000,800.000000,3.000000,150.000000,120.000000,6.000000,512,10000.000000,200.000000,165,3,11,0,234,0,1.818182,0.065040,2.696570,1.000000,-1.000000,1,0.240397,11.899272,3.036000
s3_area,hhvbf,14,50,5,800.000000,800.000000,3.000000,150.000000,120.000000,6.000000,512,10000.000000,200.000000,165,0,0,0,226,0,0.000000,0.000000,0.000000,0.000000,-1.000000,1,0.162692,17.831955,2.980000
s3_area,hhvbf,15,50,5,800.000000,800.000000,3.000000,150.000000,120.000000,6.000000,512,10000.000000,200.000000,164,0,0,0,185,0,0.000000,0.000000,0.000000,0.000000,-1.000000,1,0.151233,14.576194,2.256000
s3_area,hhvbf,16,50,5,800.000000,800.000000,3.000000,150.000000,120.000000,6.000000,512,10000.000000,200.000000,165,0,0,0,277,0,0.000000,0.000000,0.000000,0.000000,-1.000000,1,0.264451,13.083124,3.720000
s3_area,hhvbf,17,50,5,800.000000,800.000000,3.000000,150.000000,120.000000,6.000000,512,10000.000000,200.000000,163,1,1,0,275,0,0.613497,0.021680,4.335375,1.000000,-1.000000,1,0.249322,13.895193,3.694000
s3_area,hhvbf,18,50,5,800.000000,800.000000,3.000000,150.000000,120.000000,6.000000,512,10000.000000,200.000000,165,0,0,0,283,0,0.000000,0.000000,0.000000,0.000000,-1.000000,1,0.283096,11.762375,3.620000
s3_area,hhvbf,19,50,5,800.000000,800.000000,3.000000,150.000000,120.000000,6.000000,512,10000.000000,200.000000,165,0,0,0,202,0,0.000000,0.000000,0.000000,0.000000,-1.000000,1,0.169981,14.031224,2.456000
s3_area,hhvbf,20,50,5,800.000000,800.000000,3.000000,150.000000,120.000000,6.000000,512,10000.000000,200.000000,164,1,10,0,282,0,0.609756,0.021680,0.924340,1.000000,-1.000000,1,0.329704,10.342890,3.826000
s3_area,dbr,1,50,5,800.000000,800.000000,3.000000,150.000000,120.000000,6.000000,512,10000.000000,200.000000,164,0,0,0,191,0,0.000000,0.000000,0.000000,0.000000,-1.000000,1,0.211402,12.192054,2.698000
s3_area,dbr,2,50,5,800.000000,800.000000,3.000000,150.000000,120.000000,6.000000,512,10000.000000,200.000000,164,0,0,0,185,0,0.000000,0.000000,0.000000,0.000000,-1.000000,1,0.194281,12.104882,2.444000
s3_area,dbr,4,50,5,800.000000,800.000000,3.000000,150.000000,120.000000,6.000000,512,10000.000000,200.000000,163,3,21,0,191,0,1.840491,0.005640,113.125509,0.666667,-1.000000,1,0.220673,11.691210,2.712000
s3_area,dbr,3,50,5,800.000000,800.000000,3.000000,150.000000,120.000000,6.000000,512,10000.000000,200.000000,165,0,0,0,188,0,0.000000,0.000000,0.000000,0.000000,-1.000000,1,0.201547,12.090590,2.540000
s3_area,dbr,5,50,5,800.000000,800.000000,3.000000,150.000000,120.000000,6.000000,512,10000.000000,200.000000,165,0,0,0,183,0,0.000000,0.000000,0.000000,0.000000,-1.000000,1,0.171677,13.002359,2.300000
s3_area,dbr,7,50,5,800.000000,800.000000,3.000000,150.000000,120.000000,6.000000,512,10000.000000,200.000000,165,0,0,0,179,0,0.000000,0.000000,0.000000,0.000000,-1.000000,1,0.152168,13.968883,2.176000
s3_area,dbr,6,50,5,800.000000,800.000000,3.000000,150.000000,120.000000,6.000000,512,10000.000000,200.000000,165,0,0,0,191,0,0.000000,0.000000,0.000000,0.000000,-1.000000,1,0.198580,12.151009,2.512000
s3_area,dbr,8,50,5,800.000000,800.000000,3.000000,150.000000,120.000000,6.000000,512,10000.000000,200.000000,164,0,0,0,185,0,0.000000,0.000000,0.000000,0.000000,-1.000000,1,0.177324,13.087153,2.396000
s3_area,dbr,9,50,5,800.000000,800.000000,3.000000,150.000000,120.000000,6.000000,512,10000.000000,200.000000,163,1,10,0,186,0,0.613497,0.001880,54.063224,0.000000,-1.000000,1,0.208236,12.146549,2.644000
s3_area,dbr,10,50,5,800.000000,800.000000,3.000000,150.000000,120.000000,6.000000,512,10000.000000,200.000000,165,0,0,0,182,0,0.000000,0.000000,0.000000,0.000000,-1.000000,1,0.165049,13.237404,2.246000
s3_area,dbr,11,50,5,800.000000,800.000000,3.000000,150.000000,120.000000,6.000000,512,10000.000000,200.000000,165,2,9,0,184,0,1.212121,0.003760,175.356520,1.500000,-1.000000,1,0.204655,11.910017,2.544000
s3_area,dbr,12,50,5,800.000000,800.000000,3.000000,150.000000,120.000000,6.000000,512,10000.000000,200.000000,165,0,0,0,189,0,0.000000,0.000000,0.000000,0.000000,-1.000000,1,0.178469,12.758982,2.352000
s3_area,dbr,13,50,5,800.000000,800.000000,3.000000,150.000000,120.000000,6.000000,512,10000.000000,200.000000,165,2,9,0,184,0,1.212121,0.003760,112.670875,0.500000,-1.000000,1,0.181050,12.671898,2.372000
s3_area,dbr,14,50,5,800.000000,800.000000,3.000000,150.000000,120.000000,6.000000,512,10000.000000,200.000000,165,0,0,0,176,0,0.000000,0.000000,0.000000,0.000000,-1.000000,1,0.149216,15.149303,2.312000
s3_area,dbr,15,50,5,800.000000,800.000000,3.000000,150.000000,120.000000,6.000000,512,10000.000000,200.000000,164,0,0,0,176,0,0.000000,0.000000,0.000000,0.000000,-1.000000,1,0.150354,13.976368,2.150000
s3_area,dbr,16,50,5,800.000000,800.000000,3.000000,150.000000,120.000000,6.000000,512,10000.000000,200.000000,165,0,0,0,184,0,0.000000,0.000000,0.000000,0.000000,-1.000000,1,0.181963,12.965355,2.440000
s3_area,dbr,17,50,5,800.000000,800.000000,3.000000,150.000000,120.000000,6.000000,512,10000.000000,200.000000,163,0,0,0,180,0,0.000000,0.000000,0.000000,0.000000,-1.000000,1,0.177251,13.573718,2.484000
s3_area,dbr,20,50,5,800.000000,800.000000,3.000000,150.000000,120.000000,6.000000,512,10000.000000,200.000000,164,1,11,0,194,0,0.609756,0.001880,5.872340,0.000000,-1.000000,1,0.221939,11.394905,2.660000
s3_area,dbr,18,50,5,800.000000,800.000000,3.000000,150.000000,120.000000,6.000000,512,10000.000000,200.000000,165,0,0,0,186,0,0.000000,0.000000,0.000000,0.000000,-1.000000,1,0.168191,13.507625,2.338000
s3_area,dbr,19,50,5,800.000000,800.000000,3.000000,150.000000,120.000000,6.000000,512,10000.000000,200.000000,165,0,0,0,174,0,0.000000,0.000000,0.000000,0.000000,-1.000000,1,0.146992,14.017786,2.106000
s3_area,adaptive,1,50,5,1000.000000,1000.000000,3.000000,150.000000,120.000000,6.000000,512,10000.000000,200.000000,164,0,0,146,1067,2,0.000000,0.000000,0.000000,0.000000,-1.000000,1,0.955581,1.096825,12.066000
s3_area,adaptive,2,50,5,1000.000000,1000.000000,3.000000,150.000000,120.000000,6.000000,512,10000.000000,200.000000,164,2,14,158,1056,3,1.219512,0.002560,0.123523,0.000000,-1.000000,1,0.972978,0.667508,12.182000
s3_area,adaptive,3,50,5,1000.000000,1000.000000,3.000000,150.000000,120.000000,6.000000,512,10000.000000,200.000000,165,3,2,152,1094,3,1.818182,0.042240,1.360583,0.666667,-1.000000,1,0.929357,1.802402,12.290000
s3_area,adaptive,5,50,5,1000.000000,1000.000000,3.000000,150.000000,120.000000,6.000000,512,10000.000000,200.000000,165,0,0,158,1023,3,0.000000,0.000000,0.000000,0.000000,-1.000000,1,0.988296,0.260843,11.078000
s3_area,adaptive,4,50,5,1000.000000,1000.000000,3.000000,150.000000,120.000000,6.000000,512,10000.000000,200.000000,163,14,9,149,1082,4,8.588957,0.209920,0.669235,0.000000,-1.000000,1,0.940880,1.495399,12.262000
s3_area,adaptive,6,50,5,1000.000000,1000.000000,3.000000,150.000000,120.000000,6.000000,512,10000.000000,200.000000,165,0,0,158,1037,0,0.000000,0.000000,0.000000,0.000000,-1.000000,1,0.965199,0.818810,11.556000
s3_area,adaptive,7,50,5,1000.000000,1000.000000,3.000000,150.000000,120.000000,6.000000,512,10000.000000,200.000000,165,1,1,166,1003,0,0.606061,0.001280,0.130789,0.000000,-1.000000,1,0.994293,0.125688,10.980000
s3_area,adaptive,8,50,5,1000.000000,1000.000000,3.000000,150.000000,120.000000,6.000000,512,10000.000000,200.000000,164,2,5,161,1024,3,1.219512,0.002560,0.124784,0.000000,-1.000000,1,0.986087,0.320844,11.450000
s3_area,adaptive,9,50,5,1000.000000,1000.000000,3.000000,150.000000,120.000000,6.000000,512,10000.000000,200.000000,163,7,6,151,1067,5,4.294479,0.124160,1.950281,0.857143,-1.000000,1,0.920622,2.011704,12.148000
s3_area,adaptive,10,50,5,1000.000000,1000.000000,3.000000,150.000000,120.000000,6.000000,512,10000.000000,200.000000,165,3,18,165,1000,0,1.818182,0.003840,0.124852,0.000000,-1.000000,1,0.993603,0.142283,11.086000
s3_area,adaptive,11,50,5,1000.000000,1000.000000,3.000000,150.000000,120.000000,6.000000,512,10000.000000,200.000000,165,2,9,175,1046,1,1.212121,0.002560,0.115142,0.000000,-1.000000,1,0.924084,1.918949,12.140000
s3_area,adaptive,12,50,5,1000.000000,1000.000000,3.000000,150.000000,120.000000,6.000000,512,10000.000000,200.000000,165,2,4,162,1018,0,1.212121,0.002560,0.127203,0.000000,-1.000000,1,0.991047,0.199867,11.112000
s3_area,adaptive,13,50,5,1000.000000,1000.000000,3.000000,150.000000,120.000000,6.000000,512,10000.000000,200.000000,165,2,13,160,1017,1,1.212121,0.002560,0.122290,0.000000,-1.000000,1,0.979546,0.458730,11.098000
s3_area,adaptive,15,50,5,1000.000000,1000.000000,3.000000,150.000000,120.000000,6.000000,512,10000.000000,200.000000,164,0,0,159,1016,2,0.000000,0.000000,0.000000,0.000000,-1.000000,1,0.988615,0.252106,11.008000
s3_area,adaptive,14,50,5,1000.000000,1000.000000,3.000000,150.000000,120.000000,6.000000,512,10000.000000,200.000000,165,0,0,164,1051,0,0.000000,0.000000,0.000000,0.000000,-1.000000,1,0.941044,1.422065,11.694000
s3_area,adaptive,16,50,5,1000.000000,1000.000000,3.000000,150.000000,120.000000,6.000000,512,10000.000000,200.000000,165,1,1,160,1046,0,0.606061,0.001280,0.126352,0.000000,-1.000000,1,0.960279,0.944652,11.650000
s3_area,adaptive,17,50,5,1000.000000,1000.000000,3.000000,150.000000,120.000000,6.000000,512,10000.000000,200.000000,163,0,0,155,1050,4,0.000000,0.000000,0.000000,0.000000,-1.000000,1,0.970527,0.701216,11.718000
s3_area,adaptive,18,50,5,1000.000000,1000.000000,3.000000,150.000000,120.000000,6.000000,512,10000.000000,200.000000,165,0,0,161,1051,4,0.000000,0.000000,0.000000,0.000000,-1.000000,1,0.966130,0.794870,11.532000
s3_area,adaptive,19,50,5,1000.000000,1000.000000,3.000000,150.000000,120.000000,6.000000,512,10000.000000,200.000000,165,0,0,160,1016,5,0.000000,0.000000,0.000000,0.000000,-1.000000,1,0.988969,0.249858,11.262000
s3_area,vbf,1,50,5,1000.000000,1000.000000,3.000000,150.000000,120.000000,6.000000,512,10000.000000,200.000000,164,0,0,0,226,0,0.000000,0.000000,0.000000,0.000000,-1.000000,1,0.223969,12.349587,2.912000
s3_area,adaptive,20,50,5,1000.000000,1000.000000,3.000000,150.000000,120.000000,6.000000,512,10000.000000,200.000000,164,9,3,148,1037,1,5.487805,0.165120,0.806088,0.000000,-1.000000,1,0.979081,0.486356,11.502000
s3_area,vbf,2,50,5,1000.000000,1000.000000,3.000000,150.000000,120.000000,6.000000,512,10000.000000,200.000000,164,0,0,0,231,0,0.000000,0.000000,0.000000,0.000000,-1.000000,1,0.209822,12.875621,2.826000
s3_area,vbf,3,50,5,1000.000000,1000.000000,3.000000,150.000000,120.000000,6.000000,512,10000.000000,200.000000,165,1,3,0,252,0,0.606061,0.021680,2.575214,1.000000,-1.000000,1,0.223061,13.478685,3.164000
s3_area,vbf,4,50,5,1000.000000,1000.000000,3.000000,150.000000,120.000000,6.000000,512,10000.000000,200.000000,163,2,11,0,262,0,1.226994,0.043360,0.942849,1.000000,-1.000000,1,0.226161,14.079978,3.356000
s3_area,vbf,5,50,5,1000.000000,1000.000000,3.000000,150.000000,120.000000,6.000000,512,10000.000000,200.000000,165,0,0,0,188,0,0.000000,0.000000,0.000000,0.000000,-1.000000,1,0.153481,13.958157,2.194000
s3_area,vbf,6,50,5,1000.000000,1000.000000,3.000000,150.000000,120.000000,6.000000,512,10000.000000,200.000000,165,0,0,0,206,0,0.000000,0.000000,0.000000,0.000000,-1.000000,1,0.176053,13.628068,2.476000
s3_area,vbf,7,50,5,1000.000000,1000.000000,3.000000,150.000000,120.000000,6.000000,512,10000.000000,200.000000,165,0,0,0,171,0,0.000000,0.000000,0.000000,0.000000,-1.000000,1,0.132192,14.493508,1.950000
s3_area,vbf,8,50,5,1000.000000,1000.000000,3.000000,150.000000,120.000000,6.000000,512,10000.000000,200.000000,164,0,0,0,181,0,0.000000,0.000000,0.000000,0.000000,-1.000000,1,0.145730,14.466878,2.154000
s3_area,vbf,9,50,5,1000.000000,1000.000000,3.000000,150.000000,120.000000,6.000000,512,10000.000000,200.000000,163,1,6,0,228,0,0.613497,0.021680,3.051802,1.000000,-1.000000,1,0.201942,14.116921,2.972000
s3_area,vbf,10,50,5,1000.000000,1000.000000,3.000000,150.000000,120.000000,6.000000,512,10000.000000,200.000000,165,0,0,0,165,0,0.000000,0.000000,0.000000,0.000000,-1.000000,1,0.130589,14.436808,1.918000
s3_area,vbf,11,50,5,1000.000000,1000.000000,3.000000,150.000000,120.000000,6.000000,512,10000.000000,200.000000,165,0,0,0,209,0,0.000000,0.000000,0.000000,0.000000,-1.000000,1,0.195375,12.898193,2.620000
s3_area,vbf,12,50,5,1000.000000,1000.000000,3.000000,150.000000,120.000000,6.000000,512,10000.000000,200.000000,165,0,0,0,182,0,0.000000,0.000000,0.000000,0.000000,-1.000000,1,0.153963,13.620684,2.148000
s3_area,vbf,13,50,5,1000.000000,1000.000000,3.000000,150.000000,120.000000,6.000000,512,10000.000000,200.000000,165,0,0,0,181,0,0.000000,0.000000,0.000000,0.000000,-1.000000,1,0.153278,13.684540,2.148000
s3_area,vbf,14,50,5,1000.000000,1000.000000,3.000000,150.000000,120.000000,6.000000,512,10000.000000,200.000000,165,0,0,0,203,0,0.000000,0.000000,0.000000,0.000000,-1.000000,1,0.135327,18.411070,2.538000
s3_area,vbf,16,50,5,1000.000000,1000.000000,3.000000,150.000000,120.000000,6.000000,512,10000.000000,200.000000,165,0,0,0,209,0,0.000000,0.000000,0.000000,0.000000,-1.000000,1,0.174782,14.421260,2.600000
s3_area,vbf,15,50,5,1000.000000,1000.000000,3.000000,150.000000,120.000000,6.000000,512,10000.000000,200.000000,164,0,0,0,176,0,0.000000,0.000000,0.000000,0.000000,-1.000000,1,0.144862,13.894965,2.056000
s3_area,vbf,17,50,5,1000.000000,1000.000000,3.000000,150.000000,120.000000,6.000000,512,10000.000000,200.000000,163,0,0,0,227,0,0.000000,0.000000,0.000000,0.000000,-1.000000,1,0.181148,15.205999,2.848000
s3_area,vbf,19,50,5,1000.000000,1000.000000,3.000000,150.000000,120.000000,6.000000,512,10000.000000,200.000000,165,0,0,0,181,0,0.000000,0.000000,0.000000,0.000000,-1.000000,1,0.151633,13.775621,2.138000
s3_area,vbf,18,50,5,1000.000000,1000.000000,3.000000,150.000000,120.000000,6.000000,512,10000.000000,200.000000,165,0,0,0,208,0,0.000000,0.000000,0.000000,0.000000,-1.000000,1,0.173104,13.964613,2.492000
s3_area,vbf,20,50,5,1000.000000,1000.000000,3.000000,150.000000,120.000000,6.000000,512,10000.000000,200.000000,164,1,8,0,197,0,0.609756,0.021680,0.939024,1.000000,-1.000000,1,0.180874,12.631625,2.362000
s3_area,hhvbf,1,50,5,1000.000000,1000.000000,3.000000,150.000000,120.000000,6.000000,512,10000.000000,200.000000,164,0,0,0,238,0,0.000000,0.000000,0.000000,0.000000,-1.000000,1,0.235534,12.311112,3.070000
s3_area,hhvbf,2,50,5,1000.000000,1000.000000,3.000000,150.000000,120.000000,6.000000,512,10000.000000,200.000000,164,0,0,0,236,0,0.000000,0.000000,0.000000,0.000000,-1.000000,1,0.215299,12.783292,2.886000
s3_area,hhvbf,3,50,5,1000.000000,1000.000000,3.000000,150.000000,120.000000,6.000000,512,10000.000000,200.000000,165,1,3,0,257,0,0.606061,0.021680,2.575214,1.000000,-1.000000,1,0.229008,13.348078,3.226000
s3_area,hhvbf,4,50,5,1000.000000,1000.000000,3.000000,150.000000,120.000000,6.000000,512,10000.000000,200.000000,163,2,11,0,268,0,1.226994,0.043360,0.942849,1.000000,-1.000000,1,0.232015,13.987686,3.430000
s3_area,hhvbf,5,50,5,1000.000000,1000.000000,3.000000,150.000000,120.000000,6.000000,512,10000.000000,200.000000,165,0,0,0,188,0,0.000000,0.000000,0.000000,0.000000,-1.000000,1,0.153481,13.958157,2.194000
s3_area,hhvbf,6,50,5,1000.000000,1000.000000,3.000000,150.000000,120.000000,6.000000,512,10000.000000,200.000000,165,0,0,0,206,0,0.000000,0.000000,0.000000,0.000000,-1.000000,1,0.176053,13.628068,2.476000
s3_area,hhvbf,7,50,5,1000.000000,1000.000000,3.000000,150.000000,120.000000,6.000000,512,10000.000000,200.000000,165,0,0,0,171,0,0.000000,0.000000,0.000000,0.000000,-1.000000,1,0.132192,14.493508,1.950000
s3_area,hhvbf,9,50,5,1000.000000,1000.000000,3.000000,150.000000,120.000000,6.000000,512,10000.000000,200.000000,163,1,6,0,229,0,0.613497,0.021680,3.051802,1.000000,-1.000000,1,0.203398,14.063839,2.984000
s3_area,hhvbf,8,50,5,1000.000000,1000.000000,3.000000,150.000000,120.000000,6.000000,512,10000.000000,200.000000,164,0,0,0,181,0,0.000000,0.000000,0.000000,0.000000,-1.000000,1,0.145730,14.466878,2.154000
s3_area,hhvbf,11,50,5,1000.000000,1000.000000,3.000000,150.000000,120.000000,6.000000,512,10000.000000,200.000000,165,0,0,0,210,0,0.000000,0.000000,0.000000,0.000000,-1.000000,1,0.195150,12.973448,2.632000
s3_area,hhvbf,10,50,5,1000.000000,1000.000000,3.000000,150.000000,120.000000,6.000000,512,10000.000000,200.000000,165,0,0,0,165,0,0.000000,0.000000,0.000000,0.000000,-1.000000,1,0.130589,14.436808,1.918000
s3_area,hhvbf,12,50,5,1000.000000,1000.000000,3.000000,150.000000,120.000000,6.000000,512,10000.000000,200.000000,165,0,0,0,182,0,0.000000,0.000000,0.000000,0.000000,-1.000000,1,0.153963,13.620684,2.148000
s3_area,hhvbf,13,50,5,1000.000000,1000.000000,3.000000,150.000000,120.000000,6.000000,512,10000.000000,200.000000,165,0,0,0,181,0,0.000000,0.000000,0.000000,0.000000,-1.000000,1,0.153278,13.684540,2.148000
s3_area,hhvbf,14,50,5,1000.000000,1000.000000,3.000000,150.000000,120.000000,6.000000,512,10000.000000,200.000000,165,0,0,0,203,0,0.000000,0.000000,0.000000,0.000000,-1.000000,1,0.135327,18.411070,2.538000
s3_area,hhvbf,15,50,5,1000.000000,1000.000000,3.000000,150.000000,120.000000,6.000000,512,10000.000000,200.000000,164,0,0,0,176,0,0.000000,0.000000,0.000000,0.000000,-1.000000,1,0.144862,13.894965,2.056000
s3_area,hhvbf,17,50,5,1000.000000,1000.000000,3.000000,150.000000,120.000000,6.000000,512,10000.000000,200.000000,163,0,0,0,228,0,0.000000,0.000000,0.000000,0.000000,-1.000000,1,0.182422,15.156174,2.860000
s3_area,hhvbf,16,50,5,1000.000000,1000.000000,3.000000,150.000000,120.000000,6.000000,512,10000.000000,200.000000,165,0,0,0,211,0,0.000000,0.000000,0.000000,0.000000,-1.000000,1,0.177384,14.316363,2.622000
s3_area,hhvbf,18,50,5,1000.000000,1000.000000,3.000000,150.000000,120.000000,6.000000,512,10000.000000,200.000000,165,0,0,0,208,0,0.000000,0.000000,0.000000,0.000000,-1.000000,1,0.173104,13.964613,2.492000
s3_area,hhvbf,19,50,5,1000.000000,1000.000000,3.000000,150.000000,120.000000,6.000000,512,10000.000000,200.000000,165,0,0,0,181,0,0.000000,0.000000,0.000000,0.000000,-1.000000,1,0.151633,13.775621,2.138000
s3_area,hhvbf,20,50,5,1000.000000,1000.000000,3.000000,150.000000,120.000000,6.000000,512,10000.000000,200.000000,164,1,8,0,197,0,0.609756,0.021680,0.939024,1.000000,-1.000000,1,0.181085,12.626569,2.364000
s3_area,dbr,1,50,5,1000.000000,1000.000000,3.000000,150.000000,120.000000,6.000000,512,10000.000000,200.000000,164,0,0,0,183,0,0.000000,0.000000,0.000000,0.000000,-1.000000,1,0.171651,13.140153,2.324000
s3_area,dbr,2,50,5,1000.000000,1000.000000,3.000000,150.000000,120.000000,6.000000,512,10000.000000,200.000000,164,0,0,0,180,0,0.000000,0.000000,0.000000,0.000000,-1.000000,1,0.160400,13.314280,2.192000
s3_area,dbr,3,50,5,1000.000000,1000.000000,3.000000,150.000000,120.000000,6.000000,512,10000.000000,200.000000,165,0,0,0,181,0,0.000000,0.000000,0.000000,0.000000,-1.000000,1,0.163218,13.406039,2.248000
s3_area,dbr,4,50,5,1000.000000,1000.000000,3.000000,150.000000,120.000000,6.000000,512,10000.000000,200.000000,163,4,9,0,181,0,2.453988,0.007520,153.571747,0.750000,-1.000000,1,0.175327,12.847790,2.324000
s3_area,dbr,5,50,5,1000.000000,1000.000000,3.000000,150.000000,120.000000,6.000000,512,10000.000000,200.000000,165,0,0,0,173,0,0.000000,0.000000,0.000000,0.000000,-1.000000,1,0.136629,14.494254,2.018000
s3_area,dbr,6,50,5,1000.000000,1000.000000,3.000000,150.000000,120.000000,6.000000,512,10000.000000,200.000000,165,0,0,0,174,0,0.000000,0.000000,0.000000,0.000000,-1.000000,1,0.146230,14.040493,2.098000
s3_area,dbr,7,50,5,1000.000000,1000.000000,3.000000,150.000000,120.000000,6.000000,512,10000.000000,200.000000,165,0,0,0,169,0,0.000000,0.000000,0.000000,0.000000,-1.000000,1,0.127782,14.934164,1.940000
s3_area,dbr,8,50,5,1000.000000,1000.000000,3.000000,150.000000,120.000000,6.000000,512,10000.000000,200.000000,164,0,0,0,178,0,0.000000,0.000000,0.000000,0.000000,-1.000000,1,0.147670,14.096285,2.128000
s3_area,dbr,9,50,5,1000.000000,1000.000000,3.000000,150.000000,120.000000,6.000000,512,10000.000000,200.000000,163,0,0,0,180,0,0.000000,0.000000,0.000000,0.000000,-1.000000,1,0.174605,12.993135,2.340000
s3_area,dbr,10,50,5,1000.000000,1000.000000,3.000000,150.000000,120.000000,6.000000,512,10000.000000,200.000000,165,0,0,0,169,0,0.000000,0.000000,0.000000,0.000000,-1.000000,1,0.134581,14.358315,1.968000
s3_area,dbr,11,50,5,1000.000000,1000.000000,3.000000,150.000000,120.000000,6.000000,512,10000.000000,200.000000,165,0,0,0,177,0,0.000000,0.000000,0.000000,0.000000,-1.000000,1,0.164219,13.153993,2.220000
s3_area,dbr,12,50,5,1000.000000,1000.000000,3.000000,150.000000,120.000000,6.000000,512,10000.000000,200.000000,165,0,0,0,175,0,0.000000,0.000000,0.000000,0.000000,-1.000000,1,0.142058,14.236056,2.064000
s3_area,dbr,13,50,5,1000.000000,1000.000000,3.000000,150.000000,120.000000,6.000000,512,10000.000000,200.000000,165,0,0,0,173,0,0.000000,0.000000,0.000000,0.000000,-1.000000,1,0.142873,14.110340,2.058000
s3_area,dbr,14,50,5,1000.000000,1000.000000,3.000000,150.000000,120.000000,6.000000,512,10000.000000,200.000000,165,0,0,0,173,0,0.000000,0.000000,0.000000,0.000000,-1.000000,1,0.135101,15.768858,2.170000
s3_area,dbr,15,50,5,1000.000000,1000.000000,3.000000,150.000000,120.000000,6.000000,512,10000.000000,200.000000,164,0,0,0,171,0,0.000000,0.000000,0.000000,0.000000,-1.000000,1,0.139495,14.058409,2.000000
s3_area,dbr,16,50,5,1000.000000,1000.000000,3.000000,150.000000,120.000000,6.000000,512,10000.000000,200.000000,165,0,0,0,180,0,0.000000,0.000000,0.000000,0.000000,-1.000000,1,0.154288,14.033534,2.218000
s3_area,dbr,17,50,5,1000.000000,1000.000000,3.000000,150.000000,120.000000,6.000000,512,10000.000000,200.000000,163,0,0,0,176,0,0.000000,0.000000,0.000000,0.000000,-1.000000,1,0.153833,14.178538,2.234000
s3_area,dbr,18,50,5,1000.000000,1000.000000,3.000000,150.000000,120.000000,6.000000,512,10000.000000,200.000000,165,0,0,0,175,0,0.000000,0.000000,0.000000,0.000000,-1.000000,1,0.141586,14.534670,2.100000
s3_area,dbr,20,50,5,1000.000000,1000.000000,3.000000,150.000000,120.000000,6.000000,512,10000.000000,200.000000,164,1,9,0,179,0,0.609756,0.001880,5.887024,0.000000,-1.000000,1,0.156530,13.498536,2.166000
s3_area,dbr,19,50,5,1000.000000,1000.000000,3.000000,150.000000,120.000000,6.000000,512,10000.000000,200.000000,165,0,0,0,174,0,0.000000,0.000000,0.000000,0.000000,-1.000000,1,0.140926,14.285513,2.054000
