label,protocol,seed,nNodes,nSources,fieldSize,waterDepth,maxSpeed,basePipeR,commRange,packetInterval,payloadBytes,bitRate,simTime,generated,delivered,duplicates,dropped,transmissions,fallbacks,pdr_pct,throughput_kbps,mean_delay_s,mean_hops,lifetime_s,lifetime_censored,jain_fairness,energy_gap_J,mean_consumed_J
s4_radius,adaptive,1,50,5,500.000000,500.000000,3.000000,50.000000,120.000000,6.000000,512,10000.000000,200.000000,164,15,30,91,1187,174,9.146341,0.211200,1.640340,0.733333,-1.000000,1,0.900869,4.292184,20.520000
s4_radius,adaptive,2,50,5,500.000000,500.000000,3.000000,50.000000,120.000000,6.000000,512,10000.000000,200.000000,164,59,85,73,1235,157,35.975610,0.920320,2.472461,1.406780,-1.000000,1,0.927600,3.384841,22.498000
s4_radius,adaptive,3,50,5,500.000000,500.000000,3.000000,50.000000,120.000000,6.000000,512,10000.000000,200.000000,165,54,49,79,1266,232,32.727273,0.837120,2.011216,1.018519,-1.000000,1,0.872875,5.617329,20.594000
s4_radius,adaptive,4,50,5,500.000000,500.000000,3.000000,50.000000,120.000000,6.000000,512,10000.000000,200.000000,163,76,76,74,1255,216,46.625767,1.326080,1.238028,0.381579,-1.000000,1,0.895189,4.819505,21.720000
s4_radius,adaptive,5,50,5,500.000000,500.000000,3.000000,50.000000,120.000000,6.000000,512,10000.000000,200.000000,165,23,20,88,1280,191,13.939394,0.336640,1.205104,0.434783,-1.000000,1,0.912395,3.838402,20.904000
s4_radius,adaptive,6,50,5,500.000000,500.000000,3.000000,50.000000,120.000000,6.000000,512,10000.000000,200.000000,165,16,27,109,1223,140,9.696970,0.231680,3.030863,1.875000,-1.000000,1,0.909850,3.802418,20.094000
s4_radius,adaptive,8,50,5,500.000000,500.000000,3.000000,50.000000,120.000000,6.000000,512,10000.000000,200.000000,164,17,37,115,1201,168,10.365854,0.117760,1.487119,0.882353,-1.000000,1,0.912844,3.715848,20.346000
s4_radius,adaptive,7,50,5,500.000000,500.000000,3.000000,50.000000,120.000000,6.000000,512,10000.000000,200.000000,165,30,52,65,1216,169,18.181818,0.403200,2.848993,1.733333,-1.000000,1,0.922895,3.356353,20.892000
s4_radius,adaptive,9,50,5,500.000000,500.000000,3.000000,50.000000,120.000000,6.000000,512,10000.000000,200.000000,163,48,65,85,1275,199,29.447853,0.829440,1.789076,0.812500,-1.000000,1,0.897954,4.453129,20.646000
s4_radius,adaptive,10,50,5,500.000000,500.000000,3.000000,50.000000,120.000000,6.000000,512,10000.000000,200.000000,165,18,68,131,1241,141,10.909091,0.157440,1.891112,1.111111,-1.000000,1,0.951282,2.090373,20.918000
s4_radius,adaptive,11,50,5,500.000000,500.000000,3.000000,50.000000,120.000000,6.000000,512,10000.000000,200.000000,165,46,56,112,1160,125,27.878788,0.673280,1.263508,0.478261,-1.000000,1,0.922733,3.237774,20.110000
s4_radius,adaptive,12,50,5,500.000000,500.000000,3.000000,50.000000,120.000000,6.000000,512,10000.000000,200.000000,165,32,80,122,1190,127,19.393939,0.328960,1.551870,0.843750,-1.000000,1,0.916519,3.594659,20.592000
s4_radius,adaptive,13,50,5,500.000000,500.000000,3.000000,50.000000,120.000000,6.000000,512,10000.000000,200.000000,165,50,55,80,1215,145,30.303030,0.812800,1.111212,0.340000,-1.000000,1,0.902695,4.306679,20.998000
s4_radius,adaptive,14,50,5,500.000000,500.000000,3.000000,50.000000,120.000000,6.000000,512,10000.000000,200.000000,165,11,31,94,1237,169,6.666667,0.052480,0.379777,0.090909,-1.000000,1,0.902966,4.077653,19.940000
s4_radius,adaptive,15,50,5,500.000000,500.000000,3.000000,50.000000,120.000000,6.000000,512,10000.000000,200.000000,164,27,55,113,1182,128,16.463415,0.399360,2.330556,1.296296,-1.000000,1,0.926039,2.872308,18.672000
s4_radius,adaptive,16,50,5,500.000000,500.000000,3.000000,50.000000,120.000000,6.000000,512,10000.000000,200.000000,165,18,26,96,1266,181,10.909091,0.253440,2.027293,1.055556,-1.000000,1,0.932300,2.911830,20.752000
s4_radius,adaptive,17,50,5,500.000000,500.000000,3.000000,50.000000,120.000000,6.000000,512,10000.000000,200.000000,163,23,30,110,1217,176,14.110429,0.259840,1.641145,0.869565,-1.000000,1,0.915586,3.551278,20.108000
s4_radius,adaptive,18,50,5,500.000000,500.000000,3.000000,50.000000,120.000000,6.000000,512,10000.000000,200.000000,165,29,40,70,1238,125,17.575758,0.440320,1.868389,0.896552,-1.000000,1,0.914824,3.727189,20.906000
s4_radius,adaptive,19,50,5,500.000000,500.000000,3.000000,50.000000,120.000000,6.000000,512,10000.000000,200.000000,165,33,63,83,1229,142,20.000000,0.483840,2.802780,1.696970,-1.000000,1,0.917859,3.541472,20.634000
s4_radius,vbf,1,50,5,500.000000,500.000000,3.000000,50.000000,120.000000,6.000000,512,10000.000000,200.000000,164,2,6,0,195,0,1.219512,0.043360,1.967046,1.000000,-1.000000,1,0.369161,9.279174,3.966000
s4_radius,adaptive,20,50,5,500.000000,500.000000,3.000000,50.000000,120.000000,6.000000,512,10000.000000,200.000000,164,25,37,80,1226,164,15.243902,0.416000,0.951731,0.160000,-1.000000,1,0.927421,3.124172,20.712000
s4_radius,vbf,2,50,5,500.000000,500.000000,3.000000,50.000000,120.000000,6.000000,512,10000.000000,200.000000,164,6,21,0,266,0,3.658537,0.130080,3.149504,1.000000,-1.000000,1,0.481071,8.205385,5.136000
s4_radius,vbf,3,50,5,500.000000,500.000000,3.000000,50.000000,120.000000,6.000000,512,10000.000000,200.000000,165,7,36,0,247,0,4.242424,0.151760,1.928839,1.000000,-1.000000,1,0.395789,10.189518,4.782000
s4_radius,vbf,4,50,5,500.000000,500.000000,3.000000,50.000000,120.000000,6.000000,512,10000.000000,200.000000,163,7,69,0,247,0,4.294479,0.151760,2.269557,1.000000,-1.000000,1,0.412024,10.284645,5.104000
s4_radius,vbf,5,50,5,500.000000,500.000000,3.000000,50.000000,120.000000,6.000000,512,10000.000000,200.000000,165,3,15,0,285,0,1.818182,0.065040,2.134459,1.000000,-1.000000,1,0.444271,9.553343,5.288000
s4_radius,vbf,6,50,5,500.000000,500.000000,3.000000,50.000000,120.000000,6.000000,512,10000.000000,200.000000,165,0,0,0,208,0,0.000000,0.000000,0.000000,0.000000,-1.000000,1,0.363271,8.912829,3.730000
s4_radius,vbf,7,50,5,500.000000,500.000000,3.000000,50.000000,120.000000,6.000000,512,10000.000000,200.000000,165,6,14,0,235,0,3.636364,0.130080,5.131801,1.000000,-1.000000,1,0.435923,8.822065,4.748000
s4_radius,vbf,8,50,5,500.000000,500.000000,3.000000,50.000000,120.000000,6.000000,512,10000.000000,200.000000,164,2,0,0,234,0,1.219512,0.043360,5.827438,1.000000,-1.000000,1,0.340214,11.020228,4.240000
s4_radius,vbf,9,50,5,500.000000,500.000000,3.000000,50.000000,120.000000,6.000000,512,10000.000000,200.000000,163,3,27,0,236,0,1.840491,0.065040,2.739519,1.000000,-1.000000,1,0.343690,11.351577,4.424000
s4_radius,vbf,10,50,5,500.000000,500.000000,3.000000,50.000000,120.000000,6.000000,512,10000.000000,200.000000,165,0,0,0,226,0,0.000000,0.000000,0.000000,0.000000,-1.000000,1,0.368284,9.359867,3.988000
s4_radius,vbf,12,50,5,500.000000,500.000000,3.000000,50.000000,120.000000,6.000000,512,10000.000000,200.000000,165,5,9,0,203,0,3.030303,0.108400,3.041900,1.000000,-1.000000,1,0.340737,9.722597,3.748000
s4_radius,vbf,11,50,5,500.000000,500.000000,3.000000,50.000000,120.000000,6.000000,512,10000.000000,200.000000,165,4,23,0,239,0,2.424242,0.086720,1.843248,1.000000,-1.000000,1,0.393448,9.834402,4.578000
s4_radius,vbf,13,50,5,500.000000,500.000000,3.000000,50.000000,120.000000,6.000000,512,10000.000000,200.000000,165,8,41,0,251,0,4.848485,0.173440,2.848409,1.000000,-1.000000,1,0.400037,9.881345,4.706000
s4_radius,vbf,14,50,5,500.000000,500.000000,3.000000,50.000000,120.000000,6.000000,512,10000.000000,200.000000,165,1,1,0,242,0,0.606061,0.021680,0.923685,1.000000,-1.000000,1,0.260726,15.049565,4.210000
s4_radius,vbf,15,50,5,500.000000,500.000000,3.000000,50.000000,120.000000,6.000000,512,10000.000000,200.000000,164,3,18,0,210,0,1.829268,0.065040,2.892909,1.000000,-1.000000,1,0.278480,11.891678,3.590000
s4_radius,vbf,16,50,5,500.000000,500.000000,3.000000,50.000000,120.000000,6.000000,512,10000.000000,200.000000,165,2,7,0,250,0,1.212121,0.043360,1.848694,1.000000,-1.000000,1,0.391544,9.791579,4.528000
s4_radius,vbf,17,50,5,500.000000,500.000000,3.000000,50.000000,120.000000,6.000000,512,10000.000000,200.000000,163,1,2,0,213,0,0.613497,0.021680,2.857312,1.000000,-1.000000,1,0.353671,9.548923,3.860000
s4_radius,vbf,18,50,5,500.000000,500.000000,3.000000,50.000000,120.000000,6.000000,512,10000.000000,200.000000,165,5,24,0,215,0,3.030303,0.108400,2.488831,1.000000,-1.000000,1,0.326331,10.481211,3.828000
s4_radius,vbf,19,50,5,500.000000,500.000000,3.000000,50.000000,120.000000,6.000000,512,10000.000000,200.000000,165,4,7,0,222,0,2.424242,0.086720,4.193409,1.000000,-1.000000,1,0.285639,12.591038,3.916000
s4_radius,vbf,20,50,5,500.000000,500.000000,3.000000,50.000000,120.000000,6.000000,512,10000.000000,200.000000,164,1,23,0,267,0,0.609756,0.021680,0.902429,1.000000,-1.000000,1,0.492209,7.918935,5.144000
s4_radius,hhvbf,1,50,5,500.000000,500.000000,3.000000,50.000000,120.000000,6.000000,512,10000.000000,200.000000,164,2,6,0,195,0,1.219512,0.043360,1.967046,1.000000,-1.000000,1,0.370008,9.255901,3.968000
s4_radius,hhvbf,3,50,5,500.000000,500.000000,3.000000,50.000000,120.000000,6.000000,512,10000.000000,200.000000,165,8,37,0,248,0,4.848485,0.173440,1.987377,1.000000,-1.000000,1,0.398522,10.279364,4.870000
s4_radius,hhvbf,2,50,5,500.000000,500.000000,3.000000,50.000000,120.000000,6.000000,512,10000.000000,200.000000,164,7,24,0,271,0,4.268293,0.151760,3.415183,1.000000,-1.000000,1,0.492298,8.061245,5.238000
s4_radius,hhvbf,4,50,5,500.000000,500.000000,3.000000,50.000000,120.000000,6.000000,512,10000.000000,200.000000,163,7,69,0,252,0,4.294479,0.151760,2.269557,1.000000,-1.000000,1,0.417724,10.244627,5.184000
s4_radius,hhvbf,5,50,5,500.000000,500.000000,3.000000,50.000000,120.000000,6.000000,512,10000.000000,200.000000,165,3,15,0,288,0,1.818182,0.065040,2.134459,1.000000,-1.000000,1,0.455104,9.258014,5.314000
s4_radius,hhvbf,6,50,5,500.000000,500.000000,3.000000,50.000000,120.000000,6.000000,512,10000.000000,200.000000,165,1,0,0,211,0,0.606061,0.021680,6.615257,1.000000,-1.000000,1,0.370973,8.824348,3.796000
s4_radius,hhvbf,7,50,5,500.000000,500.000000,3.000000,50.000000,120.000000,6.000000,512,10000.000000,200.000000,165,5,14,0,227,0,3.030303,0.108400,4.665338,1.000000,-1.000000,1,0.415970,9.005853,4.530000
s4_radius,hhvbf,8,50,5,500.000000,500.000000,3.000000,50.000000,120.000000,6.000000,512,10000.000000,200.000000,164,0,0,0,228,0,0.000000,0.000000,0.000000,0.000000,-1.000000,1,0.324669,11.286073,4.096000
s4_radius,hhvbf,9,50,5,500.000000,500.000000,3.000000,50.000000,120.000000,6.000000,512,10000.000000,200.000000,163,3,27,0,236,0,1.840491,0.065040,2.691621,1.000000,-1.000000,1,0.343594,11.360725,4.426000
s4_radius,hhvbf,10,50,5,500.000000,500.000000,3.000000,50.000000,120.000000,6.000000,512,10000.000000,200.000000,165,0,0,0,227,0,0.000000,0.000000,0.000000,0.000000,-1.000000,1,0.361475,9.552540,3.972000
s4_radius,hhvbf,11,50,5,500.000000,500.000000,3.000000,50.000000,120.000000,6.000000,512,10000.000000,200.000000,165,4,23,0,241,0,2.424242,0.086720,1.843248,1.000000,-1.000000,1,0.396424,9.826967,4.622000
s4_radius,hhvbf,12,50,5,500.000000,500.000000,3.000000,50.000000,120.000000,6.000000,512,10000.000000,200.000000,165,5,9,0,204,0,3.030303,0.108400,3.003891,1.000000,-1.000000,1,0.339663,9.761415,3.748000
s4_radius,hhvbf,13,50,5,500.000000,500.000000,3.000000,50.000000,120.000000,6.000000,512,10000.000000,200.000000,165,7,46,0,257,0,4.242424,0.151760,2.819807,1.000000,-1.000000,1,0.401660,10.093417,4.834000
s4_radius,hhvbf,14,50,5,500.000000,500.000000,3.000000,50.000000,120.000000,6.000000,512,10000.000000,200.000000,165,1,1,0,241,0,0.606061,0.021680,0.923685,1.000000,-1.000000,1,0.260310,15.019799,4.194000
s4_radius,hhvbf,15,50,5,500.000000,500.000000,3.000000,50.000000,120.000000,6.000000,512,10000.000000,200.000000,164,3,18,0,211,0,1.829268,0.065040,2.879759,1.000000,-1.000000,1,0.279871,11.868703,3.604000
s4_radius,hhvbf,17,50,5,500.000000,500.000000,3.000000,50.000000,120.000000,6.000000,512,10000.000000,200.000000,163,1,4,0,220,0,0.613497,0.021680,4.896221,1.000000,-1.000000,1,0.370694,9.233318,3.968000
s4_radius,hhvbf,16,50,5,500.000000,500.000000,3.000000,50.000000,120.000000,6.000000,512,10000.000000,200.000000,165,2,7,0,243,0,1.212121,0.043360,1.848694,1.000000,-1.000000,1,0.386737,9.719582,4.420000
s4_radius,hhvbf,18,50,5,500.000000,500.000000,3.000000,50.000000,120.000000,6.000000,512,10000.000000,200.000000,165,5,22,0,215,0,3.030303,0.108400,2.488831,1.000000,-1.000000,1,0.330741,10.356416,3.846000
s4_radius,hhvbf,19,50,5,500.000000,500.000000,3.000000,50.000000,120.000000,6.000000,512,10000.000000,200.000000,165,4,7,0,224,0,2.424242,0.086720,4.631855,1.000000,-1.000000,1,0.286768,12.692684,3.966000
s4_radius,hhvbf,20,50,5,500.000000,500.000000,3.000000,50.000000,120.000000,6.000000,512,10000.000000,200.000000,164,1,21,0,266,0,0.609756,0.021680,0.902429,1.000000,-1.000000,1,0.483672,8.118785,5.126000
s4_radius,dbr,1,50,5,500.000000,500.000000,3.000000,50.000000,120.000000,6.000000,512,10000.000000,200.000000,164,2,5,0,209,0,1.219512,0.003760,79.519904,1.000000,-1.000000,1,0.377390,9.362240,4.120000
s4_radius,dbr,2,50,5,500.000000,500.000000,3.000000,50.000000,120.000000,6.000000,512,10000.000000,200.000000,164,2,12,0,210,0,1.219512,0.003760,66.282580,2.000000,-1.000000,1,0.410609,7.993912,3.948000
s4_radius,dbr,3,50,5,500.000000,500.000000,3.000000,50.000000,120.000000,6.000000,512,10000.000000,200.000000,165,5,20,0,207,0,3.030303,0.009400,114.439553,0.600000,-1.000000,1,0.375877,9.156560,4.008000
s4_radius,dbr,4,50,5,500.000000,500.000000,3.000000,50.000000,120.000000,6.000000,512,10000.000000,200.000000,163,3,43,0,209,0,1.840491,0.005640,37.097082,0.333333,-1.000000,1,0.403855,8.579249,4.140000
s4_radius,dbr,5,50,5,500.000000,500.000000,3.000000,50.000000,120.000000,6.000000,512,10000.000000,200.000000,165,2,8,0,207,0,1.212121,0.003760,129.664390,0.500000,-1.000000,1,0.342955,9.329252,3.626000
s4_radius,dbr,6,50,5,500.000000,500.000000,3.000000,50.000000,120.000000,6.000000,512,10000.000000,200.000000,165,1,0,0,205,0,0.606061,0.001880,43.588282,2.000000,-1.000000,1,0.361029,8.734428,3.626000
s4_radius,dbr,7,50,5,500.000000,500.000000,3.000000,50.000000,120.000000,6.000000,512,10000.000000,200.000000,165,1,0,0,208,0,0.606061,0.001880,133.315357,2.000000,-1.000000,1,0.358161,9.375295,3.852000
s4_radius,dbr,8,50,5,500.000000,500.000000,3.000000,50.000000,120.000000,6.000000,512,10000.000000,200.000000,164,0,0,0,203,0,0.000000,0.000000,0.000000,0.000000,-1.000000,1,0.325655,9.777973,3.562000
s4_radius,dbr,9,50,5,500.000000,500.000000,3.000000,50.000000,120.000000,6.000000,512,10000.000000,200.000000,163,3,22,0,205,0,1.840491,0.005640,7.601132,1.000000,-1.000000,1,0.355911,9.348915,3.810000
s4_radius,dbr,10,50,5,500.000000,500.000000,3.000000,50.000000,120.000000,6.000000,512,10000.000000,200.000000,165,8,0,0,211,0,4.848485,0.015040,91.894830,2.625000,-1.000000,1,0.343043,8.914706,3.466000
s4_radius,dbr,11,50,5,500.000000,500.000000,3.000000,50.000000,120.000000,6.000000,512,10000.000000,200.000000,165,7,15,0,210,0,4.242424,0.013160,95.048119,1.571429,-1.000000,1,0.367946,9.225490,3.926000
s4_radius,dbr,13,50,5,500.000000,500.000000,3.000000,50.000000,120.000000,6.000000,512,10000.000000,200.000000,165,3,30,0,210,0,1.818182,0.005640,42.518610,0.333333,-1.000000,1,0.367015,9.058175,3.842000
s4_radius,dbr,12,50,5,500.000000,500.000000,3.000000,50.000000,120.000000,6.000000,512,10000.000000,200.000000,165,3,2,0,212,0,1.818182,0.005640,69.254042,1.666667,-1.000000,1,0.348451,9.147617,3.628000
s4_radius,dbr,16,50,5,500.000000,500.000000,3.000000,50.000000,120.000000,6.000000,512,10000.000000,200.000000,165,1,8,0,206,0,0.606061,0.001880,24.109245,0.000000,-1.000000,1,0.342183,9.221751,3.574000
s4_radius,dbr,14,50,5,500.000000,500.000000,3.000000,50.000000,120.000000,6.000000,512,10000.000000,200.000000,165,2,2,0,209,0,1.212121,0.003760,6.323116,0.500000,-1.000000,1,0.287111,11.089663,3.470000
s4_radius,dbr,15,50,5,500.000000,500.000000,3.000000,50.000000,120.000000,6.000000,512,10000.000000,200.000000,164,5,12,0,209,0,3.048780,0.009400,82.365259,3.000000,-1.000000,1,0.309652,10.213408,3.498000
s4_radius,dbr,17,50,5,500.000000,500.000000,3.000000,50.000000,120.000000,6.000000,512,10000.000000,200.000000,163,0,0,0,204,0,0.000000,0.000000,0.000000,0.000000,-1.000000,1,0.326013,9.808539,3.578000
s4_radius,dbr,18,50,5,500.000000,500.000000,3.000000,50.000000,120.000000,6.000000,512,10000.000000,200.000000,165,3,3,0,206,0,1.818182,0.005640,85.400977,2.333333,-1.000000,1,0.293121,10.827214,3.472000
s4_radius,dbr,19,50,5,500.000000,500.000000,3.000000,50.000000,120.000000,6.000000,512,10000.000000,200.000000,165,1,0,0,207,0,0.606061,0.001880,7.387036,2.000000,-1.000000,1,0.273127,11.845032,3.496000
s4_radius,dbr,20,50,5,500.000000,500.000000,3.000000,50.000000,120.000000,6.000000,512,10000.000000,200.000000,164,1,23,0,210,0,0.609756,0.001880,5.850429,0.000000,-1.000000,1,0.404382,8.191376,3.960000
s4_radius,adaptive,1,50,5,500.000000,500.000000,3.000000,75.000000,120.000000,6.000000,512,10000.000000,200.000000,164,23,31,101,1210,107,14.024390,0.375040,2.472757,1.304348,-1.000000,1,0.899375,4.455024,20.964000
s4_radius,adaptive,2,50,5,500.000000,500.000000,3.000000,75.000000,120.000000,6.000000,512,10000.000000,200.000000,164,69,81,94,1267,114,42.073171,1.105920,2.539542,1.463768,-1.000000,1,0.925431,3.542328,22.832000
s4_radius,adaptive,3,50,5,500.000000,500.000000,3.000000,75.000000,120.000000,6.000000,512,10000.000000,200.000000,165,55,47,79,1247,128,33.333333,0.857600,1.608863,0.727273,-1.000000,1,0.881683,5.120925,20.280000
s4_radius,adaptive,4,50,5,500.000000,500.000000,3.000000,75.000000,120.000000,6.000000,512,10000.000000,200.000000,163,78,79,79,1246,89,47.852761,1.367040,1.240682,0.410256,-1.000000,1,0.895380,4.796905,21.660000
s4_radius,adaptive,5,50,5,500.000000,500.000000,3.000000,75.000000,120.000000,6.000000,512,10000.000000,200.000000,165,25,20,95,1305,105,15.151515,0.377600,1.425367,0.600000,-1.000000,1,0.908976,4.062575,21.252000
s4_radius,adaptive,6,50,5,500.000000,500.000000,3.000000,75.000000,120.000000,6.000000,512,10000.000000,200.000000,165,17,26,115,1236,80,10.303030,0.252160,3.263491,2.117647,-1.000000,1,0.910515,3.794362,20.208000
s4_radius,adaptive,7,50,5,500.000000,500.000000,3.000000,75.000000,120.000000,6.000000,512,10000.000000,200.000000,165,31,47,78,1272,105,18.787879,0.423680,2.895539,1.774194,-1.000000,1,0.919943,3.639007,21.780000
s4_radius,adaptive,8,50,5,500.000000,500.000000,3.000000,75.000000,120.000000,6.000000,512,10000.000000,200.000000,164,25,38,121,1229,106,15.243902,0.300800,2.812883,1.680000,-1.000000,1,0.907724,4.034572,20.804000
s4_radius,adaptive,9,50,5,500.000000,500.000000,3.000000,75.000000,120.000000,6.000000,512,10000.000000,200.000000,163,49,68,85,1285,135,30.061350,0.849920,1.672114,0.734694,-1.000000,1,0.893676,4.686193,20.800000
s4_radius,adaptive,11,50,5,500.000000,500.000000,3.000000,75.000000,120.000000,6.000000,512,10000.000000,200.000000,165,46,57,117,1182,107,27.878788,0.673280,1.355737,0.565217,-1.000000,1,0.918911,3.457449,20.418000
s4_radius,adaptive,10,50,5,500.000000,500.000000,3.000000,75.000000,120.000000,6.000000,512,10000.000000,200.000000,165,20,69,126,1245,79,12.121212,0.198400,1.984833,1.200000,-1.000000,1,0.948992,2.192809,20.932000
s4_radius,adaptive,12,50,5,500.000000,500.000000,3.000000,75.000000,120.000000,6.000000,512,10000.000000,200.000000,165,38,82,115,1198,68,23.030303,0.451840,2.322932,1.421053,-1.000000,1,0.913076,3.769210,20.696000
s4_radius,adaptive,13,50,5,500.000000,500.000000,3.000000,75.000000,120.000000,6.000000,512,10000.000000,200.000000,165,50,52,86,1214,69,30.303030,0.812800,1.031563,0.280000,-1.000000,1,0.901127,4.372569,20.962000
s4_radius,adaptive,14,50,5,500.000000,500.000000,3.000000,75.000000,120.000000,6.000000,512,10000.000000,200.000000,165,13,31,101,1277,138,7.878788,0.093440,1.135297,0.615385,-1.000000,1,0.895766,4.560615,20.674000
s4_radius,adaptive,15,50,5,500.000000,500.000000,3.000000,75.000000,120.000000,6.000000,512,10000.000000,200.000000,164,34,53,117,1194,81,20.731707,0.542720,2.525328,1.470588,-1.000000,1,0.922807,3.038663,18.892000
s4_radius,adaptive,16,50,5,500.000000,500.000000,3.000000,75.000000,120.000000,6.000000,512,10000.000000,200.000000,165,17,26,103,1278,116,10.303030,0.232960,1.625321,0.764706,-1.000000,1,0.929693,3.054327,20.930000
s4_radius,adaptive,17,50,5,500.000000,500.000000,3.000000,75.000000,120.000000,6.000000,512,10000.000000,200.000000,163,23,27,115,1237,116,14.110429,0.259840,1.536288,0.782609,-1.000000,1,0.917311,3.538544,20.474000
s4_radius,adaptive,18,50,5,500.000000,500.000000,3.000000,75.000000,120.000000,6.000000,512,10000.000000,200.000000,165,34,46,68,1231,50,20.606061,0.542720,1.945398,0.970588,-1.000000,1,0.912533,3.817031,20.822000
s4_radius,adaptive,19,50,5,500.000000,500.000000,3.000000,75.000000,120.000000,6.000000,512,10000.000000,200.000000,165,30,58,87,1225,72,18.181818,0.422400,2.759194,1.766667,-1.000000,1,0.918529,3.505120,20.598000
s4_radius,adaptive,20,50,5,500.000000,500.000000,3.000000,75.000000,120.000000,6.000000,512,10000.000000,200.000000,164,26,34,91,1261,120,15.853659,0.436480,1.360409,0.500000,-1.000000,1,0.927622,3.192150,21.224000
s4_radius,vbf,1,50,5,500.000000,500.000000,3.000000,75.000000,120.000000,6.000000,512,10000.000000,200.000000,164,3,10,0,250,0,1.829268,0.065040,3.557642,1.000000,-1.000000,1,0.431487,9.358718,4.962000
s4_radius,vbf,2,50,5,500.000000,500.000000,3.000000,75.000000,120.000000,6.000000,512,10000.000000,200.000000,164,12,42,0,347,0,7.317073,0.260160,4.080840,1.000000,-1.000000,1,0.561231,8.168032,6.692000
s4_radius,vbf,3,50,5,500.000000,500.000000,3.000000,75.000000,120.000000,6.000000,512,10000.000000,200.000000,165,9,47,0,307,0,5.454545,0.195120,2.329232,1.000000,-1.000000,1,0.445879,10.421899,5.800000
s4_radius,vbf,5,50,5,500.000000,500.000000,3.000000,75.000000,120.000000,6.000000,512,10000.000000,200.000000,165,4,20,0,373,0,2.424242,0.086720,2.846340,1.000000,-1.000000,1,0.520056,9.522307,6.788000
s4_radius,vbf,4,50,5,500.000000,500.000000,3.000000,75.000000,120.000000,6.000000,512,10000.000000,200.000000,163,7,80,0,358,0,4.294479,0.151760,2.313038,1.000000,-1.000000,1,0.498709,10.602535,7.038000
s4_radius,vbf,6,50,5,500.000000,500.000000,3.000000,75.000000,120.000000,6.000000,512,10000.000000,200.000000,165,1,6,0,300,0,0.606061,0.021680,4.871720,1.000000,-1.000000,1,0.470139,8.718565,5.262000
s4_radius,vbf,7,50,5,500.000000,500.000000,3.000000,75.000000,120.000000,6.000000,512,10000.000000,200.000000,165,7,30,0,294,0,4.242424,0.151760,5.536398,1.000000,-1.000000,1,0.517204,8.443805,5.962000
s4_radius,vbf,8,50,5,500.000000,500.000000,3.000000,75.000000,120.000000,6.000000,512,10000.000000,200.000000,164,2,6,0,295,0,1.219512,0.043360,5.655067,1.000000,-1.000000,1,0.406624,11.121277,5.418000
s4_radius,vbf,9,50,5,500.000000,500.000000,3.000000,75.000000,120.000000,6.000000,512,10000.000000,200.000000,163,5,30,0,281,0,3.067485,0.108400,3.210693,1.000000,-1.000000,1,0.384402,11.688226,5.272000
s4_radius,vbf,10,50,5,500.000000,500.000000,3.000000,75.000000,120.000000,6.000000,512,10000.000000,200.000000,165,3,1,0,316,0,1.818182,0.065040,4.887956,1.000000,-1.000000,1,0.491256,8.611260,5.576000
s4_radius,vbf,11,50,5,500.000000,500.000000,3.000000,75.000000,120.000000,6.000000,512,10000.000000,200.000000,165,5,29,0,262,0,3.030303,0.108400,2.782927,1.000000,-1.000000,1,0.427584,9.708582,5.080000
s4_radius,vbf,12,50,5,500.000000,500.000000,3.000000,75.000000,120.000000,6.000000,512,10000.000000,200.000000,165,5,18,0,276,0,3.030303,0.108400,4.789244,1.000000,-1.000000,1,0.411258,9.947997,4.924000
s4_radius,vbf,13,50,5,500.000000,500.000000,3.000000,75.000000,120.000000,6.000000,512,10000.000000,200.000000,165,8,51,0,304,0,4.848485,0.173440,3.223755,1.000000,-1.000000,1,0.433734,10.590789,5.658000
s4_radius,vbf,14,50,5,500.000000,500.000000,3.000000,75.000000,120.000000,6.000000,512,10000.000000,200.000000,165,1,1,0,285,0,0.606061,0.021680,0.923685,1.000000,-1.000000,1,0.308815,14.904612,5.088000
s4_radius,vbf,15,50,5,500.000000,500.000000,3.000000,75.000000,120.000000,6.000000,512,10000.000000,200.000000,164,4,24,0,234,0,2.439024,0.086720,3.823911,1.000000,-1.000000,1,0.311971,11.521718,3.982000
s4_radius,vbf,16,50,5,500.000000,500.000000,3.000000,75.000000,120.000000,6.000000,512,10000.000000,200.000000,165,2,7,0,331,0,1.212121,0.043360,1.781396,1.000000,-1.000000,1,0.472399,9.800943,5.960000
s4_radius,vbf,17,50,5,500.000000,500.000000,3.000000,75.000000,120.000000,6.000000,512,10000.000000,200.000000,163,2,6,0,275,0,1.226994,0.043360,3.909604,1.000000,-1.000000,1,0.401361,10.266869,4.912000
s4_radius,vbf,18,50,5,500.000000,500.000000,3.000000,75.000000,120.000000,6.000000,512,10000.000000,200.000000,165,6,39,0,291,0,3.636364,0.130080,4.420208,1.000000,-1.000000,1,0.387731,11.333787,5.172000
s4_radius,vbf,19,50,5,500.000000,500.000000,3.000000,75.000000,120.000000,6.000000,512,10000.000000,200.000000,165,4,16,0,298,0,2.424242,0.086720,3.955600,1.000000,-1.000000,1,0.345776,13.087850,5.140000
s4_radius,vbf,20,50,5,500.000000,500.000000,3.000000,75.000000,120.000000,6.000000,512,10000.000000,200.000000,164,2,28,0,339,0,1.219512,0.043360,1.914815,1.000000,-1.000000,1,0.544480,8.207649,6.352000
s4_radius,hhvbf,1,50,5,500.000000,500.000000,3.000000,75.000000,120.000000,6.000000,512,10000.000000,200.000000,164,3,18,0,265,0,1.829268,0.065040,3.489723,1.000000,-1.000000,1,0.446918,9.497496,5.304000
s4_radius,hhvbf,2,50,5,500.000000,500.000000,3.000000,75.000000,120.000000,6.000000,512,10000.000000,200.000000,164,12,41,0,364,0,7.317073,0.260160,4.239818,1.000000,-1.000000,1,0.568999,8.326438,7.006000
s4_radius,hhvbf,3,50,5,500.000000,500.000000,3.000000,75.000000,120.000000,6.000000,512,10000.000000,200.000000,165,9,52,0,341,0,5.454545,0.195120,2.335848,1.000000,-1.000000,1,0.459296,11.056710,6.436000
s4_radius,hhvbf,4,50,5,500.000000,500.000000,3.000000,75.000000,120.000000,6.000000,512,10000.000000,200.000000,163,7,81,0,357,0,4.294479,0.151760,2.337816,1.000000,-1.000000,1,0.503973,10.347013,6.990000
s4_radius,hhvbf,5,50,5,500.000000,500.000000,3.000000,75.000000,120.000000,6.000000,512,10000.000000,200.000000,165,4,20,0,383,0,2.424242,0.086720,2.821620,1.000000,-1.000000,1,0.524837,9.439975,6.838000
s4_radius,hhvbf,6,50,5,500.000000,500.000000,3.000000,75.000000,120.000000,6.000000,512,10000.000000,200.000000,165,1,7,0,300,0,0.606061,0.021680,4.658168,1.000000,-1.000000,1,0.475620,8.590012,5.280000
s4_radius,hhvbf,8,50,5,500.000000,500.000000,3.000000,75.000000,120.000000,6.000000,512,10000.000000,200.000000,164,4,8,0,304,0,2.439024,0.086720,6.273106,1.000000,-1.000000,1,0.410387,11.242137,5.548000
s4_radius,hhvbf,7,50,5,500.000000,500.000000,3.000000,75.000000,120.000000,6.000000,512,10000.000000,200.000000,165,7,31,0,298,0,4.242424,0.151760,5.632781,1.000000,-1.000000,1,0.527269,8.163733,5.962000
s4_radius,hhvbf,9,50,5,500.000000,500.000000,3.000000,75.000000,120.000000,6.000000,512,10000.000000,200.000000,163,5,31,0,301,0,3.067485,0.108400,3.100595,1.000000,-1.000000,1,0.398745,11.819539,5.604000
s4_radius,hhvbf,10,50,5,500.000000,500.000000,3.000000,75.000000,120.000000,6.000000,512,10000.000000,200.000000,165,2,0,0,325,0,1.212121,0.043360,4.941750,1.000000,-1.000000,1,0.516912,8.264930,5.830000
s4_radius,hhvbf,11,50,5,500.000000,500.000000,3.000000,75.000000,120.000000,6.000000,512,10000.000000,200.000000,165,5,29,0,276,0,3.030303,0.108400,2.797271,1.000000,-1.000000,1,0.440787,9.724337,5.320000
s4_radius,hhvbf,12,50,5,500.000000,500.000000,3.000000,75.000000,120.000000,6.000000,512,10000.000000,200.000000,165,6,18,0,287,0,3.636364,0.130080,5.056456,1.000000,-1.000000,1,0.431635,9.644377,5.116000
s4_radius,hhvbf,13,50,5,500.000000,500.000000,3.000000,75.000000,120.000000,6.000000,512,10000.000000,200.000000,165,8,52,0,309,0,4.848485,0.173440,2.732387,1.000000,-1.000000,1,0.443252,10.416352,5.746000
s4_radius,hhvbf,14,50,5,500.000000,500.000000,3.000000,75.000000,120.000000,6.000000,512,10000.000000,200.000000,165,2,4,0,294,0,1.212121,0.043360,2.964088,1.000000,-1.000000,1,0.323977,14.658703,5.306000
s4_radius,hhvbf,15,50,5,500.000000,500.000000,3.000000,75.000000,120.000000,6.000000,512,10000.000000,200.000000,164,5,24,0,244,0,3.048780,0.108400,4.002635,1.000000,-1.000000,1,0.327202,11.287216,4.136000
s4_radius,hhvbf,17,50,5,500.000000,500.000000,3.000000,75.000000,120.000000,6.000000,512,10000.000000,200.000000,163,2,8,0,295,0,1.226994,0.043360,3.935359,1.000000,-1.000000,1,0.429411,9.888075,5.206000
s4_radius,hhvbf,16,50,5,500.000000,500.000000,3.000000,75.000000,120.000000,6.000000,512,10000.000000,200.000000,165,2,7,0,335,0,1.212121,0.043360,1.781396,1.000000,-1.000000,1,0.484984,9.433264,5.982000
s4_radius,hhvbf,18,50,5,500.000000,500.000000,3.000000,75.000000,120.000000,6.000000,512,10000.000000,200.000000,165,5,40,0,298,0,3.030303,0.108400,3.958373,1.000000,-1.000000,1,0.416054,10.660827,5.364000
s4_radius,dbr,1,50,5,500.000000,500.000000,3.000000,75.000000,120.000000,6.000000,512,10000.000000,200.000000,164,2,5,0,209,0,1.219512,0.003760,79.519904,1.000000,-1.000000,1,0.377390,9.362240,4.120000
s4_radius,hhvbf,19,50,5,500.000000,500.000000,3.000000,75.000000,120.000000,6.000000,512,10000.000000,200.000000,165,7,20,0,320,0,4.242424,0.151760,4.628691,1.000000,-1.000000,1,0.373756,12.692068,5.514000
s4_radius,hhvbf,20,50,5,500.000000,500.000000,3.000000,75.000000,120.000000,6.000000,512,10000.000000,200.000000,164,2,30,0,350,0,1.219512,0.043360,1.914815,1.000000,-1.000000,1,0.547106,8.296320,6.478000
s4_radius,dbr,4,50,5,500.000000,500.000000,3.000000,75.000000,120.000000,6.000000,512,10000.000000,200.000000,163,3,43,0,209,0,1.840491,0.005640,37.097082,0.333333,-1.000000,1,0.403855,8.579249,4.140000
s4_radius,dbr,3,50,5,500.000000,500.000000,3.000000,75.000000,120.000000,6.000000,512,10000.000000,200.000000,165,5,20,0,207,0,3.030303,0.009400,114.439553,0.600000,-1.000000,1,0.375877,9.156560,4.008000
s4_radius,dbr,2,50,5,500.000000,500.000000,3.000000,75.000000,120.000000,6.000000,512,10000.000000,200.000000,164,2,12,0,210,0,1.219512,0.003760,66.282580,2.000000,-1.000000,1,0.410609,7.993912,3.948000
s4_radius,dbr,5,50,5,500.000000,500.000000,3.000000,75.000000,120.000000,6.000000,512,10000.000000,200.000000,165,2,8,0,207,0,1.212121,0.003760,129.664390,0.500000,-1.000000,1,0.342955,9.329252,3.626000
s4_radius,dbr,6,50,5,500.000000,500.000000,3.000000,75.000000,120.000000,6.000000,512,10000.000000,200.000000,165,1,0,0,205,0,0.606061,0.001880,43.588282,2.000000,-1.000000,1,0.361029,8.734428,3.626000
s4_radius,dbr,7,50,5,500.000000,500.000000,3.000000,75.000000,120.000000,6.000000,512,10000.000000,200.000000,165,1,0,0,208,0,0.606061,0.001880,133.315357,2.000000,-1.000000,1,0.358161,9.375295,3.852000
s4_radius,dbr,8,50,5,500.000000,500.000000,3.000000,75.000000,120.000000,6.000000,512,10000.000000,200.000000,164,0,0,0,203,0,0.000000,0.000000,0.000000,0.000000,-1.000000,1,0.325655,9.777973,3.562000
s4_radius,dbr,10,50,5,500.000000,500.000000,3.000000,75.000000,120.000000,6.000000,512,10000.000000,200.000000,165,8,0,0,211,0,4.848485,0.015040,91.894830,2.625000,-1.000000,1,0.343043,8.914706,3.466000
s4_radius,dbr,9,50,5,500.000000,500.000000,3.000000,75.000000,120.000000,6.000000,512,10000.000000,200.000000,163,3,22,0,205,0,1.840491,0.005640,7.601132,1.000000,-1.000000,1,0.355911,9.348915,3.810000
s4_radius,dbr,11,50,5,500.000000,500.000000,3.000000,75.000000,120.000000,6.000000,512,10000.000000,200.000000,165,7,15,0,210,0,4.242424,0.013160,95.048119,1.571429,-1.000000,1,0.367946,9.225490,3.926000
s4_radius,dbr,12,50,5,500.000000,500.000000,3.000000,75.000000,120.000000,6.000000,512,10000.000000,200.000000,165,3,2,0,212,0,1.818182,0.005640,69.254042,1.666667,-1.000000,1,0.348451,9.147617,3.628000
s4_radius,dbr,13,50,5,500.000000,500.000000,3.000000,75.000000,120.000000,6.000000,512,10000.000000,200.000000,165,3,30,0,210,0,1.818182,0.005640,42.518610,0.333333,-1.000000,1,0.367015,9.058175,3.842000
s4_radius,dbr,14,50,5,500.000000,500.000000,3.000000,75.000000,120.000000,6.000000,512,10000.000000,200.000000,165,2,2,0,209,0,1.212121,0.003760,6.323116,0.500000,-1.000000,1,0.287111,11.089663,3.470000
s4_radius,dbr,15,50,5,500.000000,500.000000,3.000000,75.000000,120.000000,6.000000,512,10000.000000,200.000000,164,5,12,0,209,0,3.048780,0.009400,82.365259,3.000000,-1.000000,1,0.309652,10.213408,3.498000
s4_radius,dbr,16,50,5,500.000000,500.000000,3.000000,75.000000,120.000000,6.000000,512,10000.000000,200.000000,165,1,8,0,206,0,0.606061,0.001880,24.109245,0.000000,-1.000000,1,0.342183,9.221751,3.574000
s4_radius,dbr,17,50,5,500.000000,500.000000,3.000000,75.000000,120.000000,6.000000,512,10000.000000,200.000000,163,0,0,0,204,0,0.000000,0.000000,0.000000,0.000000,-1.000000,1,0.326013,9.808539,3.578000
s4_radius,dbr,18,50,5,500.000000,500.000000,3.000000,75.000000,120.000000,6.000000,512,10000.000000,200.000000,165,3,3,0,206,0,1.818182,0.005640,85.400977,2.333333,-1.000000,1,0.293121,10.827214,3.472000
s4_radius,dbr,19,50,5,500.000000,500.000000,3.000000,75.000000,120.000000,6.000000,512,10000.000000,200.000000,165,1,0,0,207,0,0.606061,0.001880,7.387036,2.000000,-1.000000,1,0.273127,11.845032,3.496000
s4_radius,dbr,20,50,5,500.000000,500.000000,3.000000,75.000000,120.000000,6.000000,512,10000.000000,200.000000,164,1,23,0,210,0,0.609756,0.001880,5.850429,0.000000,-1.000000,1,0.404382,8.191376,3.960000
s4_radius,adaptive,1,50,5,500.000000,500.000000,3.000000,100.000000,120.000000,6.000000,512,10000.000000,200.000000,164,22,34,93,1208,67,13.414634,0.354560,2.646659,1.500000,-1.000000,1,0.904579,4.200977,20.910000
s4_radius,adaptive,2,50,5,500.000000,500.000000,3.000000,100.000000,120.000000,6.000000,512,10000.000000,200.000000,164,64,77,93,1282,50,39.024390,1.022720,2.307642,1.281250,-1.000000,1,0.926019,3.533196,22.962000
s4_radius,adaptive,3,50,5,500.000000,500.000000,3.000000,100.000000,120.000000,6.000000,512,10000.000000,200.000000,165,57,47,82,1280,79,34.545455,0.917760,1.561722,0.719298,-1.000000,1,0.879397,5.323468,20.654000
s4_radius,adaptive,4,50,5,500.000000,500.000000,3.000000,100.000000,120.000000,6.000000,512,10000.000000,200.000000,163,83,78,88,1281,39,50.920245,1.469440,1.281111,0.433735,-1.000000,1,0.892222,5.054700,22.114000
s4_radius,adaptive,5,50,5,500.000000,500.000000,3.000000,100.000000,120.000000,6.000000,512,10000.000000,200.000000,165,27,19,104,1308,47,16.363636,0.418560,1.377320,0.555556,-1.000000,1,0.913212,3.871041,21.290000
s4_radius,adaptive,6,50,5,500.000000,500.000000,3.000000,100.000000,120.000000,6.000000,512,10000.000000,200.000000,165,15,27,124,1242,53,9.090909,0.211200,2.747185,1.800000,-1.000000,1,0.909210,3.856783,20.230000
s4_radius,adaptive,7,50,5,500.000000,500.000000,3.000000,100.000000,120.000000,6.000000,512,10000.000000,200.000000,165,30,46,71,1282,28,18.181818,0.403200,3.128883,2.000000,-1.000000,1,0.916412,3.825679,21.886000
s4_radius,adaptive,8,50,5,500.000000,500.000000,3.000000,100.000000,120.000000,6.000000,512,10000.000000,200.000000,164,26,40,138,1258,53,15.853659,0.302080,3.104318,2.000000,-1.000000,1,0.914510,3.777367,21.106000
s4_radius,adaptive,9,50,5,500.000000,500.000000,3.000000,100.000000,120.000000,6.000000,512,10000.000000,200.000000,163,49,64,91,1322,61,30.061350,0.849920,1.698879,0.755102,-1.000000,1,0.882750,5.376574,21.500000
s4_radius,adaptive,10,50,5,500.000000,500.000000,3.000000,100.000000,120.000000,6.000000,512,10000.000000,200.000000,165,20,69,126,1252,24,12.121212,0.198400,1.980730,1.200000,-1.000000,1,0.946350,2.331503,21.130000
s4_radius,adaptive,11,50,5,500.000000,500.000000,3.000000,100.000000,120.000000,6.000000,512,10000.000000,200.000000,165,48,56,122,1191,77,29.090909,0.714240,1.234425,0.458333,-1.000000,1,0.912604,3.777525,20.624000
s4_radius,adaptive,12,50,5,500.000000,500.000000,3.000000,100.000000,120.000000,6.000000,512,10000.000000,200.000000,165,33,77,126,1212,44,20.000000,0.349440,1.595609,0.909091,-1.000000,1,0.915654,3.665796,20.774000
s4_radius,adaptive,13,50,5,500.000000,500.000000,3.000000,100.000000,120.000000,6.000000,512,10000.000000,200.000000,165,52,52,102,1257,37,31.515152,0.853760,1.175679,0.384615,-1.000000,1,0.895872,4.785334,21.716000
s4_radius,adaptive,14,50,5,500.000000,500.000000,3.000000,100.000000,120.000000,6.000000,512,10000.000000,200.000000,165,13,32,98,1288,52,7.878788,0.112640,1.449692,0.846154,-1.000000,1,0.903617,4.202654,20.698000
s4_radius,adaptive,15,50,5,500.000000,500.000000,3.000000,100.000000,120.000000,6.000000,512,10000.000000,200.000000,164,33,49,126,1189,37,20.121951,0.522240,2.777752,1.696970,-1.000000,1,0.926497,2.869359,18.774000
s4_radius,adaptive,16,50,5,500.000000,500.000000,3.000000,100.000000,120.000000,6.000000,512,10000.000000,200.000000,165,16,25,91,1294,57,9.696970,0.231680,2.195194,1.250000,-1.000000,1,0.930406,3.044386,21.084000
s4_radius,adaptive,17,50,5,500.000000,500.000000,3.000000,100.000000,120.000000,6.000000,512,10000.000000,200.000000,163,24,27,131,1252,63,14.723926,0.280320,1.754993,0.958333,-1.000000,1,0.919632,3.473635,20.706000
s4_radius,adaptive,19,50,5,500.000000,500.000000,3.000000,100.000000,120.000000,6.000000,512,10000.000000,200.000000,165,39,55,93,1258,27,23.636364,0.606720,3.274576,2.102564,-1.000000,1,0.910960,3.933288,21.058000
s4_radius,adaptive,18,50,5,500.000000,500.000000,3.000000,100.000000,120.000000,6.000000,512,10000.000000,200.000000,165,39,46,80,1280,30,23.636364,0.645120,2.435010,1.384615,-1.000000,1,0.906319,4.248297,21.560000
s4_radius,vbf,1,50,5,500.000000,500.000000,3.000000,100.000000,120.000000,6.000000,512,10000.000000,200.000000,164,5,20,0,322,0,3.048780,0.108400,4.738504,1.000000,-1.000000,1,0.489012,9.463152,6.082000
s4_radius,adaptive,20,50,5,500.000000,500.000000,3.000000,100.000000,120.000000,6.000000,512,10000.000000,200.000000,164,26,40,105,1287,59,15.853659,0.436480,1.544927,0.653846,-1.000000,1,0.925291,3.343732,21.510000
s4_radius,vbf,2,50,5,500.000000,500.000000,3.000000,100.000000,120.000000,6.000000,512,10000.000000,200.000000,164,14,48,0,430,0,8.536585,0.303520,4.018919,1.000000,-1.000000,1,0.598850,8.574552,8.006000
s4_radius,vbf,3,50,5,500.000000,500.000000,3.000000,100.000000,120.000000,6.000000,512,10000.000000,200.000000,165,11,53,0,381,0,6.666667,0.238480,2.684428,1.000000,-1.000000,1,0.500517,10.230350,6.832000
s4_radius,vbf,4,50,5,500.000000,500.000000,3.000000,100.000000,120.000000,6.000000,512,10000.000000,200.000000,163,7,78,0,398,0,4.294479,0.151760,2.822696,1.000000,-1.000000,1,0.530264,10.188621,7.516000
s4_radius,vbf,5,50,5,500.000000,500.000000,3.000000,100.000000,120.000000,6.000000,512,10000.000000,200.000000,165,5,24,0,453,0,3.030303,0.108400,3.689415,1.000000,-1.000000,1,0.547444,10.274740,8.032000
s4_radius,vbf,6,50,5,500.000000,500.000000,3.000000,100.000000,120.000000,6.000000,512,10000.000000,200.000000,165,3,11,0,351,0,1.818182,0.065040,5.562145,1.000000,-1.000000,1,0.507603,8.885783,6.076000
s4_radius,vbf,8,50,5,500.000000,500.000000,3.000000,100.000000,120.000000,6.000000,512,10000.000000,200.000000,164,3,4,0,366,0,1.829268,0.065040,5.827645,1.000000,-1.000000,1,0.461631,10.960575,6.430000
s4_radius,vbf,7,50,5,500.000000,500.000000,3.000000,100.000000,120.000000,6.000000,512,10000.000000,200.000000,165,10,33,0,375,0,6.060606,0.216800,7.490425,1.000000,-1.000000,1,0.588072,7.998161,7.190000
s4_radius,vbf,9,50,5,500.000000,500.000000,3.000000,100.000000,120.000000,6.000000,512,10000.000000,200.000000,163,5,54,0,381,0,3.067485,0.108400,2.900922,1.000000,-1.000000,1,0.463907,11.713330,6.924000
s4_radius,vbf,10,50,5,500.000000,500.000000,3.000000,100.000000,120.000000,6.000000,512,10000.000000,200.000000,165,3,6,0,372,0,1.818182,0.065040,4.676798,1.000000,-1.000000,1,0.538509,8.617513,6.536000
s4_radius,vbf,11,50,5,500.000000,500.000000,3.000000,100.000000,120.000000,6.000000,512,10000.000000,200.000000,165,8,32,0,311,0,4.848485,0.173440,3.120999,1.000000,-1.000000,1,0.463100,9.872252,5.820000
s4_radius,vbf,12,50,5,500.000000,500.000000,3.000000,100.000000,120.000000,6.000000,512,10000.000000,200.000000,165,8,28,0,361,0,4.848485,0.173440,4.934535,1.000000,-1.000000,1,0.480857,10.174519,6.364000
s4_radius,vbf,13,50,5,500.000000,500.000000,3.000000,100.000000,120.000000,6.000000,512,10000.000000,200.000000,165,9,54,0,390,0,5.454545,0.195120,2.986929,1.000000,-1.000000,1,0.494553,10.661773,6.980000
s4_radius,vbf,14,50,5,500.000000,500.000000,3.000000,100.000000,120.000000,6.000000,512,10000.000000,200.000000,165,3,2,0,356,0,1.818182,0.065040,4.028240,1.000000,-1.000000,1,0.375415,14.251578,6.228000
s4_radius,vbf,15,50,5,500.000000,500.000000,3.000000,100.000000,120.000000,6.000000,512,10000.000000,200.000000,164,6,36,0,306,0,3.658537,0.130080,4.770464,1.000000,-1.000000,1,0.385698,11.291039,5.116000
s4_radius,vbf,16,50,5,500.000000,500.000000,3.000000,100.000000,120.000000,6.000000,512,10000.000000,200.000000,165,4,8,0,420,0,2.424242,0.086720,4.690390,1.000000,-1.000000,1,0.524247,10.180727,7.360000
s4_radius,vbf,17,50,5,500.000000,500.000000,3.000000,100.000000,120.000000,6.000000,512,10000.000000,200.000000,163,4,13,0,361,0,2.453988,0.086720,5.756240,1.000000,-1.000000,1,0.485605,9.750517,6.196000
s4_radius,vbf,18,50,5,500.000000,500.000000,3.000000,100.000000,120.000000,6.000000,512,10000.000000,200.000000,165,7,48,0,345,0,4.242424,0.151760,6.074420,1.000000,-1.000000,1,0.470053,10.408257,6.280000
s4_radius,vbf,19,50,5,500.000000,500.000000,3.000000,100.000000,120.000000,6.000000,512,10000.000000,200.000000,165,5,25,0,371,0,3.030303,0.108400,4.137447,1.000000,-1.000000,1,0.385271,13.885141,6.282000
s4_radius,vbf,20,50,5,500.000000,500.000000,3.000000,100.000000,120.000000,6.000000,512,10000.000000,200.000000,164,2,33,0,393,0,1.219512,0.043360,1.909247,1.000000,-1.000000,1,0.586366,8.148953,7.282000
s4_radius,hhvbf,1,50,5,500.000000,500.000000,3.000000,100.000000,120.000000,6.000000,512,10000.000000,200.000000,164,5,25,0,349,0,3.048780,0.108400,5.187087,1.000000,-1.000000,1,0.498207,9.917078,6.572000
s4_radius,hhvbf,2,50,5,500.000000,500.000000,3.000000,100.000000,120.000000,6.000000,512,10000.000000,200.000000,164,15,54,0,477,0,9.146341,0.325200,4.136181,1.000000,-1.000000,1,0.598546,9.525157,8.884000
s4_radius,hhvbf,3,50,5,500.000000,500.000000,3.000000,100.000000,120.000000,6.000000,512,10000.000000,200.000000,165,12,62,0,427,0,7.272727,0.260160,3.515249,1.000000,-1.000000,1,0.524665,10.550479,7.638000
s4_radius,hhvbf,4,50,5,500.000000,500.000000,3.000000,100.000000,120.000000,6.000000,512,10000.000000,200.000000,163,7,78,0,424,0,4.294479,0.151760,2.815117,1.000000,-1.000000,1,0.530351,10.749381,7.932000
s4_radius,hhvbf,6,50,5,500.000000,500.000000,3.000000,100.000000,120.000000,6.000000,512,10000.000000,200.000000,165,3,13,0,379,0,1.818182,0.065040,4.716551,1.000000,-1.000000,1,0.531166,8.781938,6.498000
s4_radius,hhvbf,5,50,5,500.000000,500.000000,3.000000,100.000000,120.000000,6.000000,512,10000.000000,200.000000,165,5,23,0,505,0,3.030303,0.108400,3.637798,1.000000,-1.000000,1,0.569151,10.481624,8.824000
s4_radius,hhvbf,7,50,5,500.000000,500.000000,3.000000,100.000000,120.000000,6.000000,512,10000.000000,200.000000,165,9,33,0,462,0,5.454545,0.195120,6.944750,1.000000,-1.000000,1,0.633242,8.114215,8.578000
s4_radius,hhvbf,8,50,5,500.000000,500.000000,3.000000,100.000000,120.000000,6.000000,512,10000.000000,200.000000,164,5,11,0,409,0,3.048780,0.108400,7.765475,1.000000,-1.000000,1,0.489655,11.085540,7.140000
s4_radius,hhvbf,9,50,5,500.000000,500.000000,3.000000,100.000000,120.000000,6.000000,512,10000.000000,200.000000,163,5,56,0,412,0,3.067485,0.108400,2.891278,1.000000,-1.000000,1,0.493015,11.315329,7.370000
s4_radius,hhvbf,10,50,5,500.000000,500.000000,3.000000,100.000000,120.000000,6.000000,512,10000.000000,200.000000,165,5,6,0,415,0,3.030303,0.108400,6.630279,1.000000,-1.000000,1,0.614426,7.375442,7.280000
s4_radius,hhvbf,11,50,5,500.000000,500.000000,3.000000,100.000000,120.000000,6.000000,512,10000.000000,200.000000,165,11,34,0,336,0,6.666667,0.238480,3.620003,1.000000,-1.000000,1,0.478270,10.111010,6.270000
s4_radius,hhvbf,12,50,5,500.000000,500.000000,3.000000,100.000000,120.000000,6.000000,512,10000.000000,200.000000,165,8,39,0,390,0,4.848485,0.173440,4.304337,1.000000,-1.000000,1,0.509417,9.817707,6.754000
s4_radius,hhvbf,13,50,5,500.000000,500.000000,3.000000,100.000000,120.000000,6.000000,512,10000.000000,200.000000,165,8,56,0,425,0,4.848485,0.173440,3.354971,1.000000,-1.000000,1,0.510864,10.947892,7.568000
s4_radius,hhvbf,15,50,5,500.000000,500.000000,3.000000,100.000000,120.000000,6.000000,512,10000.000000,200.000000,164,7,50,0,344,0,4.268293,0.151760,5.999733,1.000000,-1.000000,1,0.435580,10.897089,5.858000
s4_radius,hhvbf,14,50,5,500.000000,500.000000,3.000000,100.000000,120.000000,6.000000,512,10000.000000,200.000000,165,3,6,0,412,0,1.818182,0.065040,2.953153,1.000000,-1.000000,1,0.434879,13.395374,7.184000
s4_radius,hhvbf,16,50,5,500.000000,500.000000,3.000000,100.000000,120.000000,6.000000,512,10000.000000,200.000000,165,3,11,0,465,0,1.818182,0.065040,2.664725,1.000000,-1.000000,1,0.609859,8.286289,8.046000
s4_radius,hhvbf,17,50,5,500.000000,500.000000,3.000000,100.000000,120.000000,6.000000,512,10000.000000,200.000000,163,5,15,0,384,0,3.067485,0.108400,5.972964,1.000000,-1.000000,1,0.514690,9.403443,6.584000
s4_radius,hhvbf,18,50,5,500.000000,500.000000,3.000000,100.000000,120.000000,6.000000,512,10000.000000,200.000000,165,7,54,0,386,0,4.242424,0.151760,6.039324,1.000000,-1.000000,1,0.494007,10.378190,6.782000
s4_radius,hhvbf,19,50,5,500.000000,500.000000,3.000000,100.000000,120.000000,6.000000,512,10000.000000,200.000000,165,7,43,0,435,0,4.242424,0.151760,6.925992,1.000000,-1.000000,1,0.456734,12.718200,7.340000
s4_radius,dbr,1,50,5,500.000000,500.000000,3.000000,100.000000,120.000000,6.000000,512,10000.000000,200.000000,164,2,5,0,209,0,1.219512,0.003760,79.519904,1.000000,-1.000000,1,0.377390,9.362240,4.120000
s4_radius,hhvbf,20,50,5,500.000000,500.000000,3.000000,100.000000,120.000000,6.000000,512,10000.000000,200.000000,164,3,36,0,442,0,1.829268,0.065040,3.980960,1.000000,-1.000000,1,0.601364,8.439107,7.950000
s4_radius,dbr,2,50,5,500.000000,500.000000,3.000000,100.000000,120.000000,6.000000,512,10000.000000,200.000000,164,2,12,0,210,0,1.219512,0.003760,66.282580,2.000000,-1.000000,1,0.410609,7.993912,3.948000
s4_radius,dbr,3,50,5,500.000000,500.000000,3.000000,100.000000,120.000000,6.000000,512,10000.000000,200.000000,165,5,20,0,207,0,3.030303,0.009400,114.439553,0.600000,-1.000000,1,0.375877,9.156560,4.008000
s4_radius,dbr,4,50,5,500.000000,500.000000,3.000000,100.000000,120.000000,6.000000,512,10000.000000,200.000000,163,3,43,0,209,0,1.840491,0.005640,37.097082,0.333333,-1.000000,1,0.403855,8.579249,4.140000
s4_radius,dbr,5,50,5,500.000000,500.000000,3.000000,100.000000,120.000000,6.000000,512,10000.000000,200.000000,165,2,8,0,207,0,1.212121,0.003760,129.664390,0.500000,-1.000000,1,0.342955,9.329252,3.626000
s4_radius,dbr,6,50,5,500.000000,500.000000,3.000000,100.000000,120.000000,6.000000,512,10000.000000,200.000000,165,1,0,0,205,0,0.606061,0.001880,43.588282,2.000000,-1.000000,1,0.361029,8.734428,3.626000
s4_radius,dbr,7,50,5,500.000000,500.000000,3.000000,100.000000,120.000000,6.000000,512,10000.000000,200.000000,165,1,0,0,208,0,0.606061,0.001880,133.315357,2.000000,-1.000000,1,0.358161,9.375295,3.852000
s4_radius,dbr,8,50,5,500.000000,500.000000,3.000000,100.000000,120.000000,6.000000,512,10000.000000,200.000000,164,0,0,0,203,0,0.000000,0.000000,0.000000,0.000000,-1.000000,1,0.325655,9.777973,3.562000
s4_radius,dbr,9,50,5,500.000000,500.000000,3.000000,100.000000,120.000000,6.000000,512,10000.000000,200.000000,163,3,22,0,205,0,1.840491,0.005640,7.601132,1.000000,-1.000000,1,0.355911,9.348915,3.810000
s4_radius,dbr,10,50,5,500.000000,500.000000,3.000000,100.000000,120.000000,6.000000,512,10000.000000,200.000000,165,8,0,0,211,0,4.848485,0.015040,91.894830,2.625000,-1.000000,1,0.343043,8.914706,3.466000
s4_radius,dbr,11,50,5,500.000000,500.000000,3.000000,100.000000,120.000000,6.000000,512,10000.000000,200.000000,165,7,15,0,210,0,4.242424,0.013160,95.048119,1.571429,-1.000000,1,0.367946,9.225490,3.926000
s4_radius,dbr,12,50,5,500.000000,500.000000,3.000000,100.000000,120.000000,6.000000,512,10000.000000,200.000000,165,3,2,0,212,0,1.818182,0.005640,69.254042,1.666667,-1.000000,1,0.348451,9.147617,3.628000
s4_radius,dbr,13,50,5,500.000000,500.000000,3.000000,100.000000,120.000000,6.000000,512,10000.000000,200.000000,165,3,30,0,210,0,1.818182,0.005640,42.518610,0.333333,-1.000000,1,0.367015,9.058175,3.842000
s4_radius,dbr,14,50,5,500.000000,500.000000,3.000000,100.000000,120.000000,6.000000,512,10000.000000,200.000000,165,2,2,0,209,0,1.212121,0.003760,6.323116,0.500000,-1.000000,1,0.287111,11.089663,3.470000
s4_radius,dbr,15,50,5,500.000000,500.000000,3.000000,100.000000,120.000000,6.000000,512,10000.000000,200.000000,164,5,12,0,209,0,3.048780,0.009400,82.365259,3.000000,-1.000000,1,0.309652,10.213408,3.498000
s4_radius,dbr,16,50,5,500.000000,500.000000,3.000000,100.000000,120.000000,6.000000,512,10000.000000,200.000000,165,1,8,0,206,0,0.606061,0.001880,24.109245,0.000000,-1.000000,1,0.342183,9.221751,3.574000
s4_radius,dbr,17,50,5,500.000000,500.000000,3.000000,100.000000,120.000000,6.000000,512,10000.000000,200.000000,163,0,0,0,204,0,0.000000,0.000000,0.000000,0.000000,-1.000000,1,0.326013,9.808539,3.578000
s4_radius,dbr,19,50,5,500.000000,500.000000,3.000000,100.000000,120.000000,6.000000,512,10000.000000,200.000000,165,1,0,0,207,0,0.606061,0.001880,7.387036,2.000000,-1.000000,1,0.273127,11.845032,3.496000
s4_radius,dbr,18,50,5,500.000000,500.000000,3.000000,100.000000,120.000000,6.000000,512,10000.000000,200.000000,165,3,3,0,206,0,1.818182,0.005640,85.400977,2.333333,-1.000000,1,0.293121,10.827214,3.472000
s4_radius,dbr,20,50,5,500.000000,500.000000,3.000000,100.000000,120.000000,6.000000,512,10000.000000,200.000000,164,1,23,0,210,0,0.609756,0.001880,5.850429,0.000000,-1.000000,1,0.404382,8.191376,3.960000
s4_radius,adaptive,1,50,5,500.000000,500.000000,3.000000,125.000000,120.000000,6.000000,512,10000.000000,200.000000,164,26,31,100,1237,25,15.853659,0.436480,2.763811,1.615385,-1.000000,1,0.906424,4.162992,21.152000
s4_radius,adaptive,2,50,5,500.000000,500.000000,3.000000,125.000000,120.000000,6.000000,512,10000.000000,200.000000,164,70,84,103,1331,20,42.682927,1.145600,2.773150,1.671429,-1.000000,1,0.920064,3.983902,23.882000
s4_radius,adaptive,3,50,5,500.000000,500.000000,3.000000,125.000000,120.000000,6.000000,512,10000.000000,200.000000,165,59,43,101,1355,28,35.757576,0.958720,2.278797,1.338983,-1.000000,1,0.875951,5.768641,21.714000
s4_radius,adaptive,4,50,5,500.000000,500.000000,3.000000,125.000000,120.000000,6.000000,512,10000.000000,200.000000,163,77,77,106,1328,25,47.239264,1.365760,1.342207,0.493506,-1.000000,1,0.897079,4.934581,22.672000
s4_radius,adaptive,5,50,5,500.000000,500.000000,3.000000,125.000000,120.000000,6.000000,512,10000.000000,200.000000,165,27,18,118,1357,31,16.363636,0.437760,1.645849,0.777778,-1.000000,1,0.910105,4.144686,21.968000
s4_radius,adaptive,6,50,5,500.000000,500.000000,3.000000,125.000000,120.000000,6.000000,512,10000.000000,200.000000,165,17,27,142,1276,24,10.303030,0.252160,2.821607,1.823529,-1.000000,1,0.901868,4.291154,20.736000
s4_radius,adaptive,7,50,5,500.000000,500.000000,3.000000,125.000000,120.000000,6.000000,512,10000.000000,200.000000,165,35,39,88,1337,21,21.212121,0.505600,3.798016,2.542857,-1.000000,1,0.921296,3.710991,22.610000
s4_radius,adaptive,8,50,5,500.000000,500.000000,3.000000,125.000000,120.000000,6.000000,512,10000.000000,200.000000,164,25,37,146,1281,23,15.243902,0.281600,2.961055,1.920000,-1.000000,1,0.913384,3.874941,21.356000
s4_radius,adaptive,9,50,5,500.000000,500.000000,3.000000,125.000000,120.000000,6.000000,512,10000.000000,200.000000,163,46,63,104,1334,30,28.220859,0.788480,1.597618,0.717391,-1.000000,1,0.881999,5.429581,21.564000
s4_radius,adaptive,10,50,5,500.000000,500.000000,3.000000,125.000000,120.000000,6.000000,512,10000.000000,200.000000,165,21,68,148,1302,13,12.727273,0.218880,2.363588,1.523810,-1.000000,1,0.952417,2.119409,21.728000
s4_radius,adaptive,11,50,5,500.000000,500.000000,3.000000,125.000000,120.000000,6.000000,512,10000.000000,200.000000,165,51,55,123,1196,29,30.909091,0.775680,1.371188,0.568627,-1.000000,1,0.917097,3.569284,20.596000
s4_radius,adaptive,12,50,5,500.000000,500.000000,3.000000,125.000000,120.000000,6.000000,512,10000.000000,200.000000,165,48,71,133,1253,30,29.090909,0.656640,2.761105,1.750000,-1.000000,1,0.910292,4.039589,21.458000
s4_radius,adaptive,13,50,5,500.000000,500.000000,3.000000,125.000000,120.000000,6.000000,512,10000.000000,200.000000,165,59,51,115,1306,23,35.757576,0.997120,1.570129,0.661017,-1.000000,1,0.894234,4.957157,22.126000
s4_radius,adaptive,14,50,5,500.000000,500.000000,3.000000,125.000000,120.000000,6.000000,512,10000.000000,200.000000,165,14,33,107,1319,31,8.484848,0.113920,1.274570,0.714286,-1.000000,1,0.904923,4.253863,21.254000
s4_radius,adaptive,15,50,5,500.000000,500.000000,3.000000,125.000000,120.000000,6.000000,512,10000.000000,200.000000,164,36,54,129,1216,10,21.951220,0.583680,2.694234,1.638889,-1.000000,1,0.921687,3.131728,19.180000
s4_radius,adaptive,16,50,5,500.000000,500.000000,3.000000,125.000000,120.000000,6.000000,512,10000.000000,200.000000,165,20,25,109,1329,17,12.121212,0.294400,2.392876,1.450000,-1.000000,1,0.932965,2.978006,21.442000
s4_radius,adaptive,17,50,5,500.000000,500.000000,3.000000,125.000000,120.000000,6.000000,512,10000.000000,200.000000,163,23,30,131,1267,23,14.110429,0.259840,1.641053,0.956522,-1.000000,1,0.915910,3.674924,20.892000
s4_radius,adaptive,18,50,5,500.000000,500.000000,3.000000,125.000000,120.000000,6.000000,512,10000.000000,200.000000,165,43,43,84,1286,12,26.060606,0.727040,2.483698,1.465116,-1.000000,1,0.905868,4.280558,21.614000
s4_radius,adaptive,19,50,5,500.000000,500.000000,3.000000,125.000000,120.000000,6.000000,512,10000.000000,200.000000,165,43,68,102,1302,15,26.060606,0.688640,3.543717,2.372093,-1.000000,1,0.904623,4.362795,21.726000
s4_radius,adaptive,20,50,5,500.000000,500.000000,3.000000,125.000000,120.000000,6.000000,512,10000.000000,200.000000,164,26,40,120,1312,27,15.853659,0.436480,1.515295,0.615385,-1.000000,1,0.924749,3.444181,21.990000
s4_radius,vbf,1,50,5,500.000000,500.000000,3.000000,125.000000,120.000000,6.000000,512,10000.000000,200.000000,164,5,29,0,406,0,3.048780,0.108400,4.290347,1.000000,-1.000000,1,0.525767,10.054641,7.306000
s4_radius,vbf,2,50,5,500.000000,500.000000,3.000000,125.000000,120.000000,6.000000,512,10000.000000,200.000000,164,15,63,0,507,0,9.146341,0.325200,4.430515,1.000000,-1.000000,1,0.622679,9.113086,9.268000
s4_radius,vbf,3,50,5,500.000000,500.000000,3.000000,125.000000,120.000000,6.000000,512,10000.000000,200.000000,165,11,56,0,452,0,6.666667,0.238480,2.769021,1.000000,-1.000000,1,0.533229,10.696840,7.970000
s4_radius,vbf,4,50,5,500.000000,500.000000,3.000000,125.000000,120.000000,6.000000,512,10000.000000,200.000000,163,7,81,0,443,0,4.294479,0.151760,2.603364,1.000000,-1.000000,1,0.546052,10.508428,8.176000
s4_radius,vbf,5,50,5,500.000000,500.000000,3.000000,125.000000,120.000000,6.000000,512,10000.000000,200.000000,165,4,24,0,523,0,2.424242,0.086720,3.277196,1.000000,-1.000000,1,0.595320,9.911860,9.140000
s4_radius,vbf,6,50,5,500.000000,500.000000,3.000000,125.000000,120.000000,6.000000,512,10000.000000,200.000000,165,3,13,0,383,0,1.818182,0.065040,4.679343,1.000000,-1.000000,1,0.527814,8.941571,6.542000
s4_radius,vbf,7,50,5,500.000000,500.000000,3.000000,125.000000,120.000000,6.000000,512,10000.000000,200.000000,165,10,22,0,451,0,6.060606,0.216800,6.875329,1.000000,-1.000000,1,0.612436,8.579420,8.408000
s4_radius,vbf,8,50,5,500.000000,500.000000,3.000000,125.000000,120.000000,6.000000,512,10000.000000,200.000000,164,5,22,0,438,0,3.048780,0.108400,6.913141,1.000000,-1.000000,1,0.516011,10.710010,7.532000
s4_radius,vbf,9,50,5,500.000000,500.000000,3.000000,125.000000,120.000000,6.000000,512,10000.000000,200.000000,163,5,58,0,442,0,3.067485,0.108400,3.244914,1.000000,-1.000000,1,0.512555,11.291885,7.850000
s4_radius,vbf,11,50,5,500.000000,500.000000,3.000000,125.000000,120.000000,6.000000,512,10000.000000,200.000000,165,10,33,0,345,0,6.060606,0.216800,3.450163,1.000000,-1.000000,1,0.485094,10.000430,6.344000
s4_radius,vbf,10,50,5,500.000000,500.000000,3.000000,125.000000,120.000000,6.000000,512,10000.000000,200.000000,165,7,8,0,456,0,4.242424,0.151760,6.927710,1.000000,-1.000000,1,0.649043,7.078205,7.938000
s4_radius,vbf,12,50,5,500.000000,500.000000,3.000000,125.000000,120.000000,6.000000,512,10000.000000,200.000000,165,8,32,0,422,0,4.848485,0.173440,4.933336,1.000000,-1.000000,1,0.532921,9.834649,7.320000
s4_radius,vbf,14,50,5,500.000000,500.000000,3.000000,125.000000,120.000000,6.000000,512,10000.000000,200.000000,165,3,5,0,436,0,1.818182,0.065040,3.946805,1.000000,-1.000000,1,0.445607,13.409799,7.456000
s4_radius,vbf,13,50,5,500.000000,500.000000,3.000000,125.000000,120.000000,6.000000,512,10000.000000,200.000000,165,9,67,0,466,0,5.454545,0.195120,3.685878,1.000000,-1.000000,1,0.539017,10.900870,8.282000
s4_radius,vbf,15,50,5,500.000000,500.000000,3.000000,125.000000,120.000000,6.000000,512,10000.000000,200.000000,164,7,50,0,373,0,4.268293,0.151760,5.729647,1.000000,-1.000000,1,0.461070,10.677146,6.252000
s4_radius,vbf,17,50,5,500.000000,500.000000,3.000000,125.000000,120.000000,6.000000,512,10000.000000,200.000000,163,4,16,0,408,0,2.453988,0.086720,6.125544,1.000000,-1.000000,1,0.536876,9.107905,6.870000
s4_radius,vbf,16,50,5,500.000000,500.000000,3.000000,125.000000,120.000000,6.000000,512,10000.000000,200.000000,165,4,14,0,491,0,2.424242,0.086720,2.698669,1.000000,-1.000000,1,0.620571,8.293394,8.370000
s4_radius,vbf,18,50,5,500.000000,500.000000,3.000000,125.000000,120.000000,6.000000,512,10000.000000,200.000000,165,6,48,0,380,0,3.636364,0.130080,5.194086,1.000000,-1.000000,1,0.477050,10.877553,6.718000
s4_radius,vbf,19,50,5,500.000000,500.000000,3.000000,125.000000,120.000000,6.000000,512,10000.000000,200.000000,165,6,43,0,433,0,3.636364,0.130080,4.867906,1.000000,-1.000000,1,0.427849,13.839515,7.248000
s4_radius,vbf,20,50,5,500.000000,500.000000,3.000000,125.000000,120.000000,6.000000,512,10000.000000,200.000000,164,3,40,0,491,0,1.829268,0.065040,2.251614,1.000000,-1.000000,1,0.635411,8.308361,8.854000
s4_radius,hhvbf,1,50,5,500.000000,500.000000,3.000000,125.000000,120.000000,6.000000,512,10000.000000,200.000000,164,5,32,0,433,0,3.048780,0.108400,3.946897,1.000000,-1.000000,1,0.529326,10.707600,7.874000
s4_radius,hhvbf,2,50,5,500.000000,500.000000,3.000000,125.000000,120.000000,6.000000,512,10000.000000,200.000000,164,15,58,0,523,0,9.146341,0.325200,4.162678,1.000000,-1.000000,1,0.635189,8.965084,9.546000
s4_radius,hhvbf,3,50,5,500.000000,500.000000,3.000000,125.000000,120.000000,6.000000,512,10000.000000,200.000000,165,11,69,0,533,0,6.666667,0.238480,4.089170,1.000000,-1.000000,1,0.560826,11.362124,9.296000
s4_radius,hhvbf,4,50,5,500.000000,500.000000,3.000000,125.000000,120.000000,6.000000,512,10000.000000,200.000000,163,8,85,0,500,0,4.907975,0.173440,3.862652,1.000000,-1.000000,1,0.562891,10.876751,8.962000
s4_radius,hhvbf,5,50,5,500.000000,500.000000,3.000000,125.000000,120.000000,6.000000,512,10000.000000,200.000000,165,5,31,0,615,0,3.030303,0.108400,4.478293,1.000000,-1.000000,1,0.632261,9.810727,10.334000
s4_radius,hhvbf,6,50,5,500.000000,500.000000,3.000000,125.000000,120.000000,6.000000,512,10000.000000,200.000000,165,4,17,0,451,0,2.424242,0.086720,5.877551,1.000000,-1.000000,1,0.581290,8.756796,7.688000
s4_radius,hhvbf,7,50,5,500.000000,500.000000,3.000000,125.000000,120.000000,6.000000,512,10000.000000,200.000000,165,8,31,0,543,0,4.848485,0.173440,7.937844,1.000000,-1.000000,1,0.647263,8.765167,9.764000
s4_radius,hhvbf,8,50,5,500.000000,500.000000,3.000000,125.000000,120.000000,6.000000,512,10000.000000,200.000000,164,6,16,0,501,0,3.658537,0.130080,7.807431,1.000000,-1.000000,1,0.565940,10.304837,8.580000
s4_radius,hhvbf,9,50,5,500.000000,500.000000,3.000000,125.000000,120.000000,6.000000,512,10000.000000,200.000000,163,6,59,0,505,0,3.680982,0.130080,4.458534,1.000000,-1.000000,1,0.560358,10.792689,8.816000
s4_radius,hhvbf,10,50,5,500.000000,500.000000,3.000000,125.000000,120.000000,6.000000,512,10000.000000,200.000000,165,7,14,0,517,0,4.242424,0.151760,7.873346,1.000000,-1.000000,1,0.716069,6.035551,8.870000
s4_radius,hhvbf,11,50,5,500.000000,500.000000,3.000000,125.000000,120.000000,6.000000,512,10000.000000,200.000000,165,11,36,0,374,0,6.666667,0.238480,3.550240,1.000000,-1.000000,1,0.511846,9.810463,6.804000
s4_radius,hhvbf,12,50,5,500.000000,500.000000,3.000000,125.000000,120.000000,6.000000,512,10000.000000,200.000000,165,11,40,0,484,0,6.666667,0.238480,6.237273,1.000000,-1.000000,1,0.584435,9.166179,8.136000
s4_radius,hhvbf,13,50,5,500.000000,500.000000,3.000000,125.000000,120.000000,6.000000,512,10000.000000,200.000000,165,9,67,0,503,0,5.454545,0.195120,4.409262,1.000000,-1.000000,1,0.582790,10.048284,8.868000
s4_radius,hhvbf,15,50,5,500.000000,500.000000,3.000000,125.000000,120.000000,6.000000,512,10000.000000,200.000000,164,7,61,0,404,0,4.268293,0.151760,5.475792,1.000000,-1.000000,1,0.470576,11.230596,6.788000
s4_radius,hhvbf,14,50,5,500.000000,500.000000,3.000000,125.000000,120.000000,6.000000,512,10000.000000,200.000000,165,6,10,0,519,0,3.636364,0.130080,5.124131,1.000000,-1.000000,1,0.515338,12.535478,8.796000
s4_radius,hhvbf,16,50,5,500.000000,500.000000,3.000000,125.000000,120.000000,6.000000,512,10000.000000,200.000000,165,5,15,0,561,0,3.030303,0.108400,3.877148,1.000000,-1.000000,1,0.683021,7.370103,9.436000
s4_radius,hhvbf,17,50,5,500.000000,500.000000,3.000000,125.000000,120.000000,6.000000,512,10000.000000,200.000000,163,5,15,0,425,0,3.067485,0.108400,6.231629,1.000000,-1.000000,1,0.545813,9.253768,7.194000
s4_radius,hhvbf,18,50,5,500.000000,500.000000,3.000000,125.000000,120.000000,6.000000,512,10000.000000,200.000000,165,6,60,0,435,0,3.636364,0.130080,6.748477,1.000000,-1.000000,1,0.542286,10.062590,7.730000
s4_radius,dbr,1,50,5,500.000000,500.000000,3.000000,125.000000,120.000000,6.000000,512,10000.000000,200.000000,164,2,5,0,209,0,1.219512,0.003760,79.519904,1.000000,-1.000000,1,0.377390,9.362240,4.120000
s4_radius,hhvbf,19,50,5,500.000000,500.000000,3.000000,125.000000,120.000000,6.000000,512,10000.000000,200.000000,165,7,49,0,494,0,4.242424,0.151760,7.182843,1.000000,-1.000000,1,0.487004,12.756479,8.144000
s4_radius,hhvbf,20,50,5,500.000000,500.000000,3.000000,125.000000,120.000000,6.000000,512,10000.000000,200.000000,164,4,53,0,565,0,2.439024,0.086720,2.938132,1.000000,-1.000000,1,0.658933,8.521446,9.924000
s4_radius,dbr,2,50,5,500.000000,500.000000,3.000000,125.000000,120.000000,6.000000,512,10000.000000,200.000000,164,2,12,0,210,0,1.219512,0.003760,66.282580,2.000000,-1.000000,1,0.410609,7.993912,3.948000
s4_radius,dbr,3,50,5,500.000000,500.000000,3.000000,125.000000,120.000000,6.000000,512,10000.000000,200.000000,165,5,20,0,207,0,3.030303,0.009400,114.439553,0.600000,-1.000000,1,0.375877,9.156560,4.008000
s4_radius,dbr,4,50,5,500.000000,500.000000,3.000000,125.000000,120.000000,6.000000,512,10000.000000,200.000000,163,3,43,0,209,0,1.840491,0.005640,37.097082,0.333333,-1.000000,1,0.403855,8.579249,4.140000
s4_radius,dbr,5,50,5,500.000000,500.000000,3.000000,125.000000,120.000000,6.000000,512,10000.000000,200.000000,165,2,8,0,207,0,1.212121,0.003760,129.664390,0.500000,-1.000000,1,0.342955,9.329252,3.626000
s4_radius,dbr,6,50,5,500.000000,500.000000,3.000000,125.000000,120.000000,6.000000,512,10000.000000,200.000000,165,1,0,0,205,0,0.606061,0.001880,43.588282,2.000000,-1.000000,1,0.361029,8.734428,3.626000
s4_radius,dbr,7,50,5,500.000000,500.000000,3.000000,125.000000,120.000000,6.000000,512,10000.000000,200.000000,165,1,0,0,208,0,0.606061,0.001880,133.315357,2.000000,-1.000000,1,0.358161,9.375295,3.852000
s4_radius,dbr,8,50,5,500.000000,500.000000,3.000000,125.000000,120.000000,6.000000,512,10000.000000,200.000000,164,0,0,0,203,0,0.000000,0.000000,0.000000,0.000000,-1.000000,1,0.325655,9.777973,3.562000
s4_radius,dbr,9,50,5,500.000000,500.000000,3.000000,125.000000,120.000000,6.000000,512,10000.000000,200.000000,163,3,22,0,205,0,1.840491,0.005640,7.601132,1.000000,-1.000000,1,0.355911,9.348915,3.810000
s4_radius,dbr,10,50,5,500.000000,500.000000,3.000000,125.000000,120.000000,6.000000,512,10000.000000,200.000000,165,8,0,0,211,0,4.848485,0.015040,91.894830,2.625000,-1.000000,1,0.343043,8.914706,3.466000
s4_radius,dbr,11,50,5,500.000000,500.000000,3.000000,125.000000,120.000000,6.000000,512,10000.000000,200.000000,165,7,15,0,210,0,4.242424,0.013160,95.048119,1.571429,-1.000000,1,0.367946,9.225490,3.926000
s4_radius,dbr,12,50,5,500.000000,500.000000,3.000000,125.000000,120.000000,6.000000,512,10000.000000,200.000000,165,3,2,0,212,0,1.818182,0.005640,69.254042,1.666667,-1.000000,1,0.348451,9.147617,3.628000
s4_radius,dbr,13,50,5,500.000000,500.000000,3.000000,125.000000,120.000000,6.000000,512,10000.000000,200.000000,165,3,30,0,210,0,1.818182,0.005640,42.518610,0.333333,-1.000000,1,0.367015,9.058175,3.842000
s4_radius,dbr,14,50,5,500.000000,500.000000,3.000000,125.000000,120.000000,6.000000,512,10000.000000,200.000000,165,2,2,0,209,0,1.212121,0.003760,6.323116,0.500000,-1.000000,1,0.287111,11.089663,3.470000
s4_radius,dbr,16,50,5,500.000000,500.000000,3.000000,125.000000,120.000000,6.000000,512,10000.000000,200.000000,165,1,8,0,206,0,0.606061,0.001880,24.109245,0.000000,-1.000000,1,0.342183,9.221751,3.574000
s4_radius,dbr,15,50,5,500.000000,500.000000,3.000000,125.000000,120.000000,6.000000,512,10000.000000,200.000000,164,5,12,0,209,0,3.048780,0.009400,82.365259,3.000000,-1.000000,1,0.309652,10.213408,3.498000
s4_radius,dbr,19,50,5,500.000000,500.000000,3.000000,125.000000,120.000000,6.000000,512,10000.000000,200.000000,165,1,0,0,207,0,0.606061,0.001880,7.387036,2.000000,-1.000000,1,0.273127,11.845032,3.496000
s4_radius,dbr,17,50,5,500.000000,500.000000,3.000000,125.000000,120.000000,6.000000,512,10000.000000,200.000000,163,0,0,0,204,0,0.000000,0.000000,0.000000,0.000000,-1.000000,1,0.326013,9.808539,3.578000
s4_radius,dbr,18,50,5,500.000000,500.000000,3.000000,125.000000,120.000000,6.000000,512,10000.000000,200.000000,165,3,3,0,206,0,1.818182,0.005640,85.400977,2.333333,-1.000000,1,0.293121,10.827214,3.472000
s4_radius,dbr,20,50,5,500.000000,500.000000,3.000000,125.000000,120.000000,6.000000,512,10000.000000,200.000000,164,1,23,0,210,0,0.609756,0.001880,5.850429,0.000000,-1.000000,1,0.404382,8.191376,3.960000
s4_radius,adaptive,2,50,5,500.000000,500.000000,3.000000,150.000000,120.000000,6.000000,512,10000.000000,200.000000,164,69,82,120,1336,6,42.073171,1.105920,2.453398,1.521739,-1.000000,1,0.927110,3.585062,23.662000
s4_radius,adaptive,1,50,5,500.000000,500.000000,3.000000,150.000000,120.000000,6.000000,512,10000.000000,200.000000,164,25,35,119,1269,19,15.243902,0.416000,2.659563,1.600000,-1.000000,1,0.899313,4.612335,21.690000
s4_radius,adaptive,3,50,5,500.000000,500.000000,3.000000,150.000000,120.000000,6.000000,512,10000.000000,200.000000,165,56,47,108,1386,16,33.939394,0.897280,2.271296,1.303571,-1.000000,1,0.873438,6.050918,22.290000
s4_radius,adaptive,4,50,5,500.000000,500.000000,3.000000,150.000000,120.000000,6.000000,512,10000.000000,200.000000,163,76,83,107,1327,19,46.625767,1.326080,1.188928,0.407895,-1.000000,1,0.890891,5.272157,22.766000
s4_radius,adaptive,5,50,5,500.000000,500.000000,3.000000,150.000000,120.000000,6.000000,512,10000.000000,200.000000,165,28,18,133,1374,25,16.969697,0.458240,1.649601,0.785714,-1.000000,1,0.905982,4.389007,22.190000
s4_radius,adaptive,6,50,5,500.000000,500.000000,3.000000,150.000000,120.000000,6.000000,512,10000.000000,200.000000,165,18,28,136,1281,20,10.909091,0.272640,2.798182,1.833333,-1.000000,1,0.899248,4.420540,20.774000
s4_radius,adaptive,7,50,5,500.000000,500.000000,3.000000,150.000000,120.000000,6.000000,512,10000.000000,200.000000,165,33,43,86,1342,13,20.000000,0.464640,3.441284,2.363636,-1.000000,1,0.926631,3.433521,22.508000
s4_radius,adaptive,8,50,5,500.000000,500.000000,3.000000,150.000000,120.000000,6.000000,512,10000.000000,200.000000,164,23,38,135,1277,16,14.024390,0.240640,2.240542,1.434783,-1.000000,1,0.915453,3.753855,21.220000
s4_radius,adaptive,9,50,5,500.000000,500.000000,3.000000,150.000000,120.000000,6.000000,512,10000.000000,200.000000,163,44,64,121,1347,18,26.993865,0.747520,1.698175,0.818182,-1.000000,1,0.890130,5.069149,21.728000
s4_radius,adaptive,11,50,5,500.000000,500.000000,3.000000,150.000000,120.000000,6.000000,512,10000.000000,200.000000,165,52,56,131,1200,13,31.515152,0.815360,1.505054,0.673077,-1.000000,1,0.912141,3.812532,20.700000
s4_radius,adaptive,10,50,5,500.000000,500.000000,3.000000,150.000000,120.000000,6.000000,512,10000.000000,200.000000,165,19,68,156,1302,6,11.515152,0.177920,1.453989,0.842105,-1.000000,1,0.953577,2.065138,21.714000
s4_radius,adaptive,12,50,5,500.000000,500.000000,3.000000,150.000000,120.000000,6.000000,512,10000.000000,200.000000,165,44,76,137,1255,13,26.666667,0.574720,2.677137,1.750000,-1.000000,1,0.915384,3.780797,21.354000
s4_radius,adaptive,13,50,5,500.000000,500.000000,3.000000,150.000000,120.000000,6.000000,512,10000.000000,200.000000,165,63,42,115,1314,14,38.181818,1.079040,1.785963,0.841270,-1.000000,1,0.892408,5.092911,22.322000
s4_radius,adaptive,14,50,5,500.000000,500.000000,3.000000,150.000000,120.000000,6.000000,512,10000.000000,200.000000,165,15,33,121,1350,24,9.090909,0.134400,1.733641,1.066667,-1.000000,1,0.908679,4.141010,21.588000
s4_radius,adaptive,15,50,5,500.000000,500.000000,3.000000,150.000000,120.000000,6.000000,512,10000.000000,200.000000,164,40,57,138,1227,4,24.390244,0.665600,3.080237,1.950000,-1.000000,1,0.914728,3.467761,19.428000
s4_radius,adaptive,16,50,5,500.000000,500.000000,3.000000,150.000000,120.000000,6.000000,512,10000.000000,200.000000,165,16,26,116,1355,13,9.696970,0.250880,2.526214,1.562500,-1.000000,1,0.929526,3.181544,21.748000
s4_radius,adaptive,17,50,5,500.000000,500.000000,3.000000,150.000000,120.000000,6.000000,512,10000.000000,200.000000,163,24,27,141,1278,14,14.723926,0.280320,1.582355,0.916667,-1.000000,1,0.915422,3.721320,21.028000
s4_radius,adaptive,18,50,5,500.000000,500.000000,3.000000,150.000000,120.000000,6.000000,512,10000.000000,200.000000,165,45,42,95,1293,12,27.272727,0.768000,2.754728,1.733333,-1.000000,1,0.910068,4.088356,21.660000
s4_radius,adaptive,19,50,5,500.000000,500.000000,3.000000,150.000000,120.000000,6.000000,512,10000.000000,200.000000,165,45,67,116,1291,8,27.272727,0.729600,3.677830,2.577778,-1.000000,1,0.912975,3.920441,21.500000
s4_radius,adaptive,20,50,5,500.000000,500.000000,3.000000,150.000000,120.000000,6.000000,512,10000.000000,200.000000,164,29,38,129,1328,12,17.682927,0.497920,1.607450,0.724138,-1.000000,1,0.926317,3.402567,22.206000
s4_radius,vbf,2,50,5,500.000000,500.000000,3.000000,150.000000,120.000000,6.000000,512,10000.000000,200.000000,164,15,72,0,530,0,9.146341,0.325200,4.361571,1.000000,-1.000000,1,0.634918,9.222285,9.810000
s4_radius,vbf,1,50,5,500.000000,500.000000,3.000000,150.000000,120.000000,6.000000,512,10000.000000,200.000000,164,5,36,0,480,0,3.048780,0.108400,5.734793,1.000000,-1.000000,1,0.543511,10.915517,8.420000
s4_radius,vbf,3,50,5,500.000000,500.000000,3.000000,150.000000,120.000000,6.000000,512,10000.000000,200.000000,165,11,63,0,526,0,6.666667,0.238480,4.689858,1.000000,-1.000000,1,0.571323,10.761913,9.128000
s4_radius,vbf,4,50,5,500.000000,500.000000,3.000000,150.000000,120.000000,6.000000,512,10000.000000,200.000000,163,8,80,0,503,0,4.907975,0.173440,3.607539,1.000000,-1.000000,1,0.580520,10.411138,9.116000
s4_radius,vbf,5,50,5,500.000000,500.000000,3.000000,150.000000,120.000000,6.000000,512,10000.000000,200.000000,165,5,28,0,578,0,3.030303,0.108400,4.389355,1.000000,-1.000000,1,0.615441,9.916450,9.824000
s4_radius,vbf,6,50,5,500.000000,500.000000,3.000000,150.000000,120.000000,6.000000,512,10000.000000,200.000000,165,4,14,0,418,0,2.424242,0.086720,5.905155,1.000000,-1.000000,1,0.556407,8.770262,7.068000
s4_radius,vbf,7,50,5,500.000000,500.000000,3.000000,150.000000,120.000000,6.000000,512,10000.000000,200.000000,165,8,47,0,571,0,4.848485,0.173440,7.279366,1.000000,-1.000000,1,0.675086,8.229767,10.208000
s4_radius,vbf,8,50,5,500.000000,500.000000,3.000000,150.000000,120.000000,6.000000,512,10000.000000,200.000000,164,4,22,0,485,0,2.439024,0.086720,5.556594,1.000000,-1.000000,1,0.537422,10.988788,8.304000
s4_radius,vbf,9,50,5,500.000000,500.000000,3.000000,150.000000,120.000000,6.000000,512,10000.000000,200.000000,163,6,56,0,532,0,3.680982,0.130080,4.008450,1.000000,-1.000000,1,0.556707,11.299915,9.116000
s4_radius,vbf,10,50,5,500.000000,500.000000,3.000000,150.000000,120.000000,6.000000,512,10000.000000,200.000000,165,8,12,0,525,0,4.848485,0.173440,6.297370,1.000000,-1.000000,1,0.695555,6.667425,8.984000
s4_radius,vbf,11,50,5,500.000000,500.000000,3.000000,150.000000,120.000000,6.000000,512,10000.000000,200.000000,165,11,34,0,378,0,6.666667,0.238480,3.518179,1.000000,-1.000000,1,0.524626,9.496400,6.874000
s4_radius,vbf,12,50,5,500.000000,500.000000,3.000000,150.000000,120.000000,6.000000,512,10000.000000,200.000000,165,9,42,0,458,0,5.454545,0.195120,4.401150,1.000000,-1.000000,1,0.566562,9.345655,7.798000
s4_radius,vbf,13,50,5,500.000000,500.000000,3.000000,150.000000,120.000000,6.000000,512,10000.000000,200.000000,165,10,59,0,499,0,6.060606,0.216800,3.618522,1.000000,-1.000000,1,0.575596,10.195380,8.776000
s4_radius,vbf,14,50,5,500.000000,500.000000,3.000000,150.000000,120.000000,6.000000,512,10000.000000,200.000000,165,6,7,0,520,0,3.636364,0.130080,6.786467,1.000000,-1.000000,1,0.530101,11.924888,8.792000
s4_radius,vbf,15,50,5,500.000000,500.000000,3.000000,150.000000,120.000000,6.000000,512,10000.000000,200.000000,164,7,55,0,449,0,4.268293,0.151760,5.447545,1.000000,-1.000000,1,0.500382,11.034928,7.366000
s4_radius,vbf,16,50,5,500.000000,500.000000,3.000000,150.000000,120.000000,6.000000,512,10000.000000,200.000000,165,3,15,0,564,0,1.818182,0.065040,2.738510,1.000000,-1.000000,1,0.689569,7.216685,9.488000
s4_radius,vbf,17,50,5,500.000000,500.000000,3.000000,150.000000,120.000000,6.000000,512,10000.000000,200.000000,163,6,16,0,457,0,3.680982,0.130080,5.978693,1.000000,-1.000000,1,0.575147,8.882445,7.634000
s4_radius,vbf,18,50,5,500.000000,500.000000,3.000000,150.000000,120.000000,6.000000,512,10000.000000,200.000000,165,6,56,0,418,0,3.636364,0.130080,5.472010,1.000000,-1.000000,1,0.524630,10.253297,7.422000
s4_radius,vbf,19,50,5,500.000000,500.000000,3.000000,150.000000,120.000000,6.000000,512,10000.000000,200.000000,165,8,42,0,499,0,4.848485,0.173440,6.300254,1.000000,-1.000000,1,0.458866,14.107446,8.200000
s4_radius,vbf,20,50,5,500.000000,500.000000,3.000000,150.000000,120.000000,6.000000,512,10000.000000,200.000000,164,3,45,0,542,0,1.829268,0.065040,2.256422,1.000000,-1.000000,1,0.653496,8.388617,9.568000
s4_radius,hhvbf,1,50,5,500.000000,500.000000,3.000000,150.000000,120.000000,6.000000,512,10000.000000,200.000000,164,5,45,0,523,0,3.048780,0.108400,5.733629,1.000000,-1.000000,1,0.598877,9.582556,8.948000
s4_radius,hhvbf,2,50,5,500.000000,500.000000,3.000000,150.000000,120.000000,6.000000,512,10000.000000,200.000000,164,14,59,0,607,0,8.536585,0.303520,4.330142,1.000000,-1.000000,1,0.657364,9.457585,10.948000
s4_radius,hhvbf,3,50,5,500.000000,500.000000,3.000000,150.000000,120.000000,6.000000,512,10000.000000,200.000000,165,12,70,0,607,0,7.272727,0.260160,3.990707,1.000000,-1.000000,1,0.610788,10.592868,10.320000
s4_radius,hhvbf,4,50,5,500.000000,500.000000,3.000000,150.000000,120.000000,6.000000,512,10000.000000,200.000000,163,8,79,0,546,0,4.907975,0.173440,3.648937,1.000000,-1.000000,1,0.591632,10.447752,9.510000
s4_radius,hhvbf,5,50,5,500.000000,500.000000,3.000000,150.000000,120.000000,6.000000,512,10000.000000,200.000000,165,4,27,0,698,0,2.424242,0.086720,3.166100,1.000000,-1.000000,1,0.650376,10.259546,11.564000
s4_radius,hhvbf,6,50,5,500.000000,500.000000,3.000000,150.000000,120.000000,6.000000,512,10000.000000,200.000000,165,5,25,0,524,0,3.030303,0.108400,7.599971,1.000000,-1.000000,1,0.606419,9.043565,8.674000
s4_radius,hhvbf,7,50,5,500.000000,500.000000,3.000000,150.000000,120.000000,6.000000,512,10000.000000,200.000000,165,9,43,0,615,0,5.454545,0.195120,8.058923,1.000000,-1.000000,1,0.701012,7.815057,10.772000
s4_radius,hhvbf,9,50,5,500.000000,500.000000,3.000000,150.000000,120.000000,6.000000,512,10000.000000,200.000000,163,6,65,0,627,0,3.680982,0.130080,4.405294,1.000000,-1.000000,1,0.637375,9.801862,10.522000
s4_radius,hhvbf,8,50,5,500.000000,500.000000,3.000000,150.000000,120.000000,6.000000,512,10000.000000,200.000000,164,7,22,0,545,0,4.268293,0.151760,7.290638,1.000000,-1.000000,1,0.595170,9.984388,9.202000
s4_radius,hhvbf,10,50,5,500.000000,500.000000,3.000000,150.000000,120.000000,6.000000,512,10000.000000,200.000000,165,8,14,0,607,0,4.848485,0.173440,7.775874,1.000000,-1.000000,1,0.748982,5.998806,10.234000
s4_radius,hhvbf,11,50,5,500.000000,500.000000,3.000000,150.000000,120.000000,6.000000,512,10000.000000,200.000000,165,11,39,0,436,0,6.666667,0.238480,3.655387,1.000000,-1.000000,1,0.573570,9.066706,7.750000
s4_radius,hhvbf,12,50,5,500.000000,500.000000,3.000000,150.000000,120.000000,6.000000,512,10000.000000,200.000000,165,11,49,0,542,0,6.666667,0.238480,5.801049,1.000000,-1.000000,1,0.620893,8.923061,9.016000
s4_radius,hhvbf,13,50,5,500.000000,500.000000,3.000000,150.000000,120.000000,6.000000,512,10000.000000,200.000000,165,10,74,0,613,0,6.060606,0.216800,4.566200,1.000000,-1.000000,1,0.642406,9.637946,10.542000
s4_radius,hhvbf,14,50,5,500.000000,500.000000,3.000000,150.000000,120.000000,6.000000,512,10000.000000,200.000000,165,8,15,0,611,0,4.848485,0.173440,6.667409,1.000000,-1.000000,1,0.584333,11.556466,10.254000
s4_radius,hhvbf,15,50,5,500.000000,500.000000,3.000000,150.000000,120.000000,6.000000,512,10000.000000,200.000000,164,7,57,0,493,0,4.268293,0.151760,5.919621,1.000000,-1.000000,1,0.525747,10.982933,7.980000
s4_radius,hhvbf,16,50,5,500.000000,500.000000,3.000000,150.000000,120.000000,6.000000,512,10000.000000,200.000000,165,4,16,0,633,0,2.424242,0.086720,3.174642,1.000000,-1.000000,1,0.716200,7.174611,10.550000
s4_radius,hhvbf,17,50,5,500.000000,500.000000,3.000000,150.000000,120.000000,6.000000,512,10000.000000,200.000000,163,6,17,0,483,0,3.680982,0.130080,5.234737,1.000000,-1.000000,1,0.583023,9.123075,8.058000
s4_radius,hhvbf,18,50,5,500.000000,500.000000,3.000000,150.000000,120.000000,6.000000,512,10000.000000,200.000000,165,6,64,0,468,0,3.636364,0.130080,5.332120,1.000000,-1.000000,1,0.573683,9.697002,8.292000
s4_radius,hhvbf,19,50,5,500.000000,500.000000,3.000000,150.000000,120.000000,6.000000,512,10000.000000,200.000000,165,8,48,0,571,0,4.848485,0.173440,6.838341,1.000000,-1.000000,1,0.529470,12.806469,9.422000
s4_radius,dbr,1,50,5,500.000000,500.000000,3.000000,150.000000,120.000000,6.000000,512,10000.000000,200.000000,164,2,5,0,209,0,1.219512,0.003760,79.519904,1.000000,-1.000000,1,0.377390,9.362240,4.120000
s4_radius,dbr,2,50,5,500.000000,500.000000,3.000000,150.000000,120.000000,6.000000,512,10000.000000,200.000000,164,2,12,0,210,0,1.219512,0.003760,66.282580,2.000000,-1.000000,1,0.410609,7.993912,3.948000
s4_radius,hhvbf,20,50,5,500.000000,500.000000,3.000000,150.000000,120.000000,6.000000,512,10000.000000,200.000000,164,4,52,0,593,0,2.439024,0.086720,2.933798,1.000000,-1.000000,1,0.671094,8.440721,10.306000
s4_radius,dbr,3,50,5,500.000000,500.000000,3.000000,150.000000,120.000000,6.000000,512,10000.000000,200.000000,165,5,20,0,207,0,3.030303,0.009400,114.439553,0.600000,-1.000000,1,0.375877,9.156560,4.008000
s4_radius,dbr,5,50,5,500.000000,500.000000,3.000000,150.000000,120.000000,6.000000,512,10000.000000,200.000000,165,2,8,0,207,0,1.212121,0.003760,129.664390,0.500000,-1.000000,1,0.342955,9.329252,3.626000
s4_radius,dbr,4,50,5,500.000000,500.000000,3.000000,150.000000,120.000000,6.000000,512,10000.000000,200.000000,163,3,43,0,209,0,1.840491,0.005640,37.097082,0.333333,-1.000000,1,0.403855,8.579249,4.140000
s4_radius,dbr,6,50,5,500.000000,500.000000,3.000000,150.000000,120.000000,6.000000,512,10000.000000,200.000000,165,1,0,0,205,0,0.606061,0.001880,43.588282,2.000000,-1.000000,1,0.361029,8.734428,3.626000
s4_radius,dbr,8,50,5,500.000000,500.000000,3.000000,150.000000,120.000000,6.000000,512,10000.000000,200.000000,164,0,0,0,203,0,0.000000,0.000000,0.000000,0.000000,-1.000000,1,0.325655,9.777973,3.562000
s4_radius,dbr,7,50,5,500.000000,500.000000,3.000000,150.000000,120.000000,6.000000,512,10000.000000,200.000000,165,1,0,0,208,0,0.606061,0.001880,133.315357,2.000000,-1.000000,1,0.358161,9.375295,3.852000
s4_radius,dbr,9,50,5,500.000000,500.000000,3.000000,150.000000,120.000000,6.000000,512,10000.000000,200.000000,163,3,22,0,205,0,1.840491,0.005640,7.601132,1.000000,-1.000000,1,0.355911,9.348915,3.810000
s4_radius,dbr,10,50,5,500.000000,500.000000,3.000000,150.000000,120.000000,6.000000,512,10000.000000,200.000000,165,8,0,0,211,0,4.848485,0.015040,91.894830,2.625000,-1.000000,1,0.343043,8.914706,3.466000
s4_radius,dbr,11,50,5,500.000000,500.000000,3.000000,150.000000,120.000000,6.000000,512,10000.000000,200.000000,165,7,15,0,210,0,4.242424,0.013160,95.048119,1.571429,-1.000000,1,0.367946,9.225490,3.926000
s4_radius,dbr,12,50,5,500.000000,500.000000,3.000000,150.000000,120.000000,6.000000,512,10000.000000,200.000000,165,3,2,0,212,0,1.818182,0.005640,69.254042,1.666667,-1.000000,1,0.348451,9.147617,3.628000
s4_radius,dbr,13,50,5,500.000000,500.000000,3.000000,150.000000,120.000000,6.000000,512,10000.000000,200.000000,165,3,30,0,210,0,1.818182,0.005640,42.518610,0.333333,-1.000000,1,0.367015,9.058175,3.842000
s4_radius,dbr,14,50,5,500.000000,500.000000,3.000000,150.000000,120.000000,6.000000,512,10000.000000,200.000000,165,2,2,0,209,0,1.212121,0.003760,6.323116,0.500000,-1.000000,1,0.287111,11.089663,3.470000
s4_radius,dbr,15,50,5,500.000000,500.000000,3.000000,150.000000,120.000000,6.000000,512,10000.000000,200.000000,164,5,12,0,209,0,3.048780,0.009400,82.365259,3.000000,-1.000000,1,0.309652,10.213408,3.498000
s4_radius,dbr,17,50,5,500.000000,500.000000,3.000000,150.000000,120.000000,6.000000,512,10000.000000,200.000000,163,0,0,0,204,0,0.000000,0.000000,0.000000,0.000000,-1.000000,1,0.326013,9.808539,3.578000
s4_radius,dbr,16,50,5,500.000000,500.000000,3.000000,150.000000,120.000000,6.000000,512,10000.000000,200.000000,165,1,8,0,206,0,0.606061,0.001880,24.109245,0.000000,-1.000000,1,0.342183,9.221751,3.574000
s4_radius,dbr,18,50,5,500.000000,500.000000,3.000000,150.000000,120.000000,6.000000,512,10000.000000,200.000000,165,3,3,0,206,0,1.818182,0.005640,85.400977,2.333333,-1.000000,1,0.293121,10.827214,3.472000
s4_radius,dbr,19,50,5,500.000000,500.000000,3.000000,150.000000,120.000000,6.000000,512,10000.000000,200.000000,165,1,0,0,207,0,0.606061,0.001880,7.387036,2.000000,-1.000000,1,0.273127,11.845032,3.496000
s4_radius,dbr,20,50,5,500.000000,500.000000,3.000000,150.000000,120.000000,6.000000,512,10000.000000,200.000000,164,1,23,0,210,0,0.609756,0.001880,5.850429,0.000000,-1.000000,1,0.404382,8.191376,3.960000
s4_radius,adaptive,1,50,5,500.000000,500.000000,3.000000,200.000000,120.000000,6.000000,512,10000.000000,200.000000,164,26,36,123,1277,19,15.853659,0.436480,2.704278,1.653846,-1.000000,1,0.898164,4.676674,21.730000
s4_radius,adaptive,2,50,5,500.000000,500.000000,3.000000,200.000000,120.000000,6.000000,512,10000.000000,200.000000,164,64,76,122,1347,7,39.024390,1.003520,2.317559,1.406250,-1.000000,1,0.925327,3.714333,23.906000
s4_radius,adaptive,3,50,5,500.000000,500.000000,3.000000,200.000000,120.000000,6.000000,512,10000.000000,200.000000,165,56,50,116,1398,15,33.939394,0.897280,2.292989,1.303571,-1.000000,1,0.878913,5.790104,22.368000
s4_radius,adaptive,5,50,5,500.000000,500.000000,3.000000,200.000000,120.000000,6.000000,512,10000.000000,200.000000,165,27,19,138,1374,22,16.363636,0.437760,1.614104,0.777778,-1.000000,1,0.908637,4.267762,22.238000
s4_radius,adaptive,4,50,5,500.000000,500.000000,3.000000,200.000000,120.000000,6.000000,512,10000.000000,200.000000,163,77,82,108,1327,20,47.239264,1.346560,1.203958,0.415584,-1.000000,1,0.894815,5.051157,22.678000
s4_radius,adaptive,6,50,5,500.000000,500.000000,3.000000,200.000000,120.000000,6.000000,512,10000.000000,200.000000,165,18,28,140,1273,18,10.909091,0.272640,3.336974,2.277778,-1.000000,1,0.901058,4.308585,20.640000
s4_radius,adaptive,7,50,5,500.000000,500.000000,3.000000,200.000000,120.000000,6.000000,512,10000.000000,200.000000,165,31,45,82,1371,13,18.787879,0.442880,3.477094,2.419355,-1.000000,1,0.925231,3.562147,22.896000
s4_radius,adaptive,8,50,5,500.000000,500.000000,3.000000,200.000000,120.000000,6.000000,512,10000.000000,200.000000,164,23,38,137,1279,16,14.024390,0.240640,2.239424,1.434783,-1.000000,1,0.914740,3.793490,21.256000
s4_radius,adaptive,9,50,5,500.000000,500.000000,3.000000,200.000000,120.000000,6.000000,512,10000.000000,200.000000,163,44,64,124,1354,20,26.993865,0.747520,1.663699,0.795455,-1.000000,1,0.892398,4.977916,21.816000
s4_radius,adaptive,10,50,5,500.000000,500.000000,3.000000,200.000000,120.000000,6.000000,512,10000.000000,200.000000,165,19,68,154,1304,5,11.515152,0.177920,1.453989,0.842105,-1.000000,1,0.953684,2.061370,21.726000
s4_radius,adaptive,12,50,5,500.000000,500.000000,3.000000,200.000000,120.000000,6.000000,512,10000.000000,200.000000,165,43,78,138,1255,12,26.060606,0.554240,2.576798,1.697674,-1.000000,1,0.912922,3.901786,21.384000
s4_radius,adaptive,11,50,5,500.000000,500.000000,3.000000,200.000000,120.000000,6.000000,512,10000.000000,200.000000,165,47,57,131,1203,12,28.484848,0.712960,1.362504,0.595745,-1.000000,1,0.921176,3.376630,20.540000
s4_radius,adaptive,15,50,5,500.000000,500.000000,3.000000,200.000000,120.000000,6.000000,512,10000.000000,200.000000,164,39,57,138,1221,4,23.780488,0.645120,2.931104,1.846154,-1.000000,1,0.917307,3.338948,19.318000
s4_radius,adaptive,14,50,5,500.000000,500.000000,3.000000,200.000000,120.000000,6.000000,512,10000.000000,200.000000,165,16,34,116,1350,24,9.696970,0.154880,1.896175,1.187500,-1.000000,1,0.911071,4.031070,21.610000
s4_radius,adaptive,13,50,5,500.000000,500.000000,3.000000,200.000000,120.000000,6.000000,512,10000.000000,200.000000,165,63,44,115,1315,13,38.181818,1.079040,1.804084,0.857143,-1.000000,1,0.892128,5.115231,22.358000
s4_radius,adaptive,17,50,5,500.000000,500.000000,3.000000,200.000000,120.000000,6.000000,512,10000.000000,200.000000,163,23,27,144,1273,14,14.110429,0.259840,1.552348,0.913043,-1.000000,1,0.915358,3.714731,20.974000
s4_radius,adaptive,16,50,5,500.000000,500.000000,3.000000,200.000000,120.000000,6.000000,512,10000.000000,200.000000,165,19,26,115,1346,12,11.515152,0.273920,2.299893,1.421053,-1.000000,1,0.930239,3.129559,21.620000
s4_radius,adaptive,18,50,5,500.000000,500.000000,3.000000,200.000000,120.000000,6.000000,512,10000.000000,200.000000,165,44,45,94,1289,13,26.666667,0.785920,3.206799,2.090909,-1.000000,1,0.908308,4.165245,21.622000
s4_radius,adaptive,19,50,5,500.000000,500.000000,3.000000,200.000000,120.000000,6.000000,512,10000.000000,200.000000,165,42,69,115,1313,10,25.454545,0.668160,3.671204,2.595238,-1.000000,1,0.911039,4.084103,21.886000
s4_radius,vbf,1,50,5,500.000000,500.000000,3.000000,200.000000,120.000000,6.000000,512,10000.000000,200.000000,164,5,42,0,549,0,3.048780,0.108400,4.528908,1.000000,-1.000000,1,0.591871,10.401692,9.476000
s4_radius,adaptive,20,50,5,500.000000,500.000000,3.000000,200.000000,120.000000,6.000000,512,10000.000000,200.000000,164,31,38,129,1332,12,18.902439,0.538880,2.035550,1.032258,-1.000000,1,0.927531,3.347860,22.230000
s4_radius,vbf,2,50,5,500.000000,500.000000,3.000000,200.000000,120.000000,6.000000,512,10000.000000,200.000000,164,14,79,0,609,0,8.536585,0.303520,4.890596,1.000000,-1.000000,1,0.671758,8.867967,10.856000
s4_radius,vbf,3,50,5,500.000000,500.000000,3.000000,200.000000,120.000000,6.000000,512,10000.000000,200.000000,165,12,61,0,613,0,7.272727,0.260160,4.274567,1.000000,-1.000000,1,0.595585,11.178909,10.318000
s4_radius,vbf,4,50,5,500.000000,500.000000,3.000000,200.000000,120.000000,6.000000,512,10000.000000,200.000000,163,9,93,0,594,0,5.521472,0.195120,3.757408,1.000000,-1.000000,1,0.605808,10.818697,10.354000
s4_radius,vbf,5,50,5,500.000000,500.000000,3.000000,200.000000,120.000000,6.000000,512,10000.000000,200.000000,165,6,31,0,695,0,3.636364,0.130080,4.383230,1.000000,-1.000000,1,0.650286,10.183150,11.474000
s4_radius,vbf,6,50,5,500.000000,500.000000,3.000000,200.000000,120.000000,6.000000,512,10000.000000,200.000000,165,4,18,0,498,0,2.424242,0.086720,6.467943,1.000000,-1.000000,1,0.611927,8.466311,8.282000
s4_radius,vbf,7,50,5,500.000000,500.000000,3.000000,200.000000,120.000000,6.000000,512,10000.000000,200.000000,165,10,42,0,656,0,6.060606,0.216800,8.877222,1.000000,-1.000000,1,0.723584,7.486284,11.370000
s4_radius,vbf,8,50,5,500.000000,500.000000,3.000000,200.000000,120.000000,6.000000,512,10000.000000,200.000000,164,7,12,0,601,0,4.268293,0.151760,7.218193,1.000000,-1.000000,1,0.597960,10.758961,10.014000
s4_radius,vbf,9,50,5,500.000000,500.000000,3.000000,200.000000,120.000000,6.000000,512,10000.000000,200.000000,163,5,55,0,604,0,3.067485,0.108400,3.137774,1.000000,-1.000000,1,0.617945,10.159287,10.156000
s4_radius,vbf,10,50,5,500.000000,500.000000,3.000000,200.000000,120.000000,6.000000,512,10000.000000,200.000000,165,8,19,0,636,0,4.848485,0.173440,11.454573,1.000000,-1.000000,1,0.762734,5.729038,10.448000
s4_radius,vbf,11,50,5,500.000000,500.000000,3.000000,200.000000,120.000000,6.000000,512,10000.000000,200.000000,165,10,39,0,462,0,6.060606,0.216800,3.619219,1.000000,-1.000000,1,0.567096,9.701791,8.110000
s4_radius,vbf,12,50,5,500.000000,500.000000,3.000000,200.000000,120.000000,6.000000,512,10000.000000,200.000000,165,10,59,0,562,0,6.060606,0.216800,6.459425,1.000000,-1.000000,1,0.613278,9.467021,9.306000
s4_radius,vbf,13,50,5,500.000000,500.000000,3.000000,200.000000,120.000000,6.000000,512,10000.000000,200.000000,165,9,58,0,588,0,5.454545,0.195120,5.454874,1.000000,-1.000000,1,0.649273,8.967916,10.066000
s4_radius,vbf,14,50,5,500.000000,500.000000,3.000000,200.000000,120.000000,6.000000,512,10000.000000,200.000000,165,6,8,0,608,0,3.636364,0.130080,6.277397,1.000000,-1.000000,1,0.572401,11.734505,9.990000
s4_radius,vbf,15,50,5,500.000000,500.000000,3.000000,200.000000,120.000000,6.000000,512,10000.000000,200.000000,164,7,55,0,522,0,4.268293,0.151760,7.085425,1.000000,-1.000000,1,0.522441,11.595218,8.332000
s4_radius,vbf,16,50,5,500.000000,500.000000,3.000000,200.000000,120.000000,6.000000,512,10000.000000,200.000000,165,5,18,0,681,0,3.030303,0.108400,5.297553,1.000000,-1.000000,1,0.749598,6.465187,11.062000
s4_radius,vbf,17,50,5,500.000000,500.000000,3.000000,200.000000,120.000000,6.000000,512,10000.000000,200.000000,163,7,17,0,522,0,4.294479,0.151760,5.673045,1.000000,-1.000000,1,0.603699,9.091596,8.636000
s4_radius,vbf,18,50,5,500.000000,500.000000,3.000000,200.000000,120.000000,6.000000,512,10000.000000,200.000000,165,6,64,0,500,0,3.636364,0.130080,5.024773,1.000000,-1.000000,1,0.550495,10.991880,8.682000
s4_radius,vbf,19,50,5,500.000000,500.000000,3.000000,200.000000,120.000000,6.000000,512,10000.000000,200.000000,165,9,48,0,561,0,5.454545,0.195120,7.663572,1.000000,-1.000000,1,0.519414,12.956132,9.216000
s4_radius,vbf,20,50,5,500.000000,500.000000,3.000000,200.000000,120.000000,6.000000,512,10000.000000,200.000000,164,4,45,0,604,0,2.439024,0.086720,3.459584,1.000000,-1.000000,1,0.689303,7.917433,10.398000
s4_radius,hhvbf,1,50,5,500.000000,500.000000,3.000000,200.000000,120.000000,6.000000,512,10000.000000,200.000000,164,5,45,0,629,0,3.048780,0.108400,6.042780,1.000000,-1.000000,1,0.628780,10.089113,10.492000
s4_radius,hhvbf,2,50,5,500.000000,500.000000,3.000000,200.000000,120.000000,6.000000,512,10000.000000,200.000000,164,15,68,0,695,0,9.146341,0.325200,4.866731,1.000000,-1.000000,1,0.702685,8.704221,12.082000
s4_radius,hhvbf,3,50,5,500.000000,500.000000,3.000000,200.000000,120.000000,6.000000,512,10000.000000,200.000000,165,11,64,0,690,0,6.666667,0.238480,3.918980,1.000000,-1.000000,1,0.643354,10.409070,11.426000
s4_radius,hhvbf,4,50,5,500.000000,500.000000,3.000000,200.000000,120.000000,6.000000,512,10000.000000,200.000000,163,10,86,0,637,0,6.134969,0.216800,4.962548,1.000000,-1.000000,1,0.632469,10.338240,10.898000
s4_radius,hhvbf,6,50,5,500.000000,500.000000,3.000000,200.000000,120.000000,6.000000,512,10000.000000,200.000000,165,5,31,0,608,0,3.030303,0.108400,7.529653,1.000000,-1.000000,1,0.648770,8.826100,9.888000
s4_radius,hhvbf,5,50,5,500.000000,500.000000,3.000000,200.000000,120.000000,6.000000,512,10000.000000,200.000000,165,5,32,0,850,0,3.030303,0.108400,2.678887,1.000000,-1.000000,1,0.685064,10.758380,13.888000
s4_radius,hhvbf,7,50,5,500.000000,500.000000,3.000000,200.000000,120.000000,6.000000,512,10000.000000,200.000000,165,11,51,0,763,0,6.666667,0.238480,8.398986,1.000000,-1.000000,1,0.737514,8.013114,12.958000
s4_radius,hhvbf,9,50,5,500.000000,500.000000,3.000000,200.000000,120.000000,6.000000,512,10000.000000,200.000000,163,6,68,0,707,0,3.680982,0.130080,4.306754,1.000000,-1.000000,1,0.662552,9.754733,11.520000
s4_radius,hhvbf,8,50,5,500.000000,500.000000,3.000000,200.000000,120.000000,6.000000,512,10000.000000,200.000000,164,8,15,0,667,0,4.878049,0.173440,8.008190,1.000000,-1.000000,1,0.614987,11.034766,10.914000
s4_radius,hhvbf,10,50,5,500.000000,500.000000,3.000000,200.000000,120.000000,6.000000,512,10000.000000,200.000000,165,10,25,0,698,0,6.060606,0.216800,9.262831,1.000000,-1.000000,1,0.782583,5.746724,11.604000
s4_radius,hhvbf,12,50,5,500.000000,500.000000,3.000000,200.000000,120.000000,6.000000,512,10000.000000,200.000000,165,11,59,0,633,0,6.666667,0.238480,5.728593,1.000000,-1.000000,1,0.686281,7.965932,10.334000
s4_radius,hhvbf,11,50,5,500.000000,500.000000,3.000000,200.000000,120.000000,6.000000,512,10000.000000,200.000000,165,12,46,0,563,0,7.272727,0.260160,5.474474,1.000000,-1.000000,1,0.636619,9.110105,9.752000
s4_radius,hhvbf,13,50,5,500.000000,500.000000,3.000000,200.000000,120.000000,6.000000,512,10000.000000,200.000000,165,10,68,0,692,0,6.060606,0.216800,4.885660,1.000000,-1.000000,1,0.683806,9.153178,11.756000
s4_radius,hhvbf,15,50,5,500.000000,500.000000,3.000000,200.000000,120.000000,6.000000,512,10000.000000,200.000000,164,8,60,0,578,0,4.878049,0.173440,5.907731,1.000000,-1.000000,1,0.588123,10.101014,9.082000
s4_radius,hhvbf,14,50,5,500.000000,500.000000,3.000000,200.000000,120.000000,6.000000,512,10000.000000,200.000000,165,8,14,0,729,0,4.848485,0.173440,7.635714,1.000000,-1.000000,1,0.668359,9.785108,11.820000
s4_radius,hhvbf,16,50,5,500.000000,500.000000,3.000000,200.000000,120.000000,6.000000,512,10000.000000,200.000000,165,5,25,0,751,0,3.030303,0.108400,5.574411,1.000000,-1.000000,1,0.763425,6.677753,12.220000
s4_radius,hhvbf,17,50,5,500.000000,500.000000,3.000000,200.000000,120.000000,6.000000,512,10000.000000,200.000000,163,7,21,0,604,0,4.294479,0.151760,6.000799,1.000000,-1.000000,1,0.622349,9.823017,9.978000
s4_radius,hhvbf,18,50,5,500.000000,500.000000,3.000000,200.000000,120.000000,6.000000,512,10000.000000,200.000000,165,6,58,0,570,0,3.636364,0.130080,4.204256,1.000000,-1.000000,1,0.627514,9.386403,9.716000
s4_radius,hhvbf,19,50,5,500.000000,500.000000,3.000000,200.000000,120.000000,6.000000,512,10000.000000,200.000000,165,8,63,0,711,0,4.848485,0.173440,6.096073,1.000000,-1.000000,1,0.597462,12.353609,11.478000
s4_radius,dbr,1,50,5,500.000000,500.000000,3.000000,200.000000,120.000000,6.000000,512,10000.000000,200.000000,164,2,5,0,209,0,1.219512,0.003760,79.519904,1.000000,-1.000000,1,0.377390,9.362240,4.120000
s4_radius,dbr,2,50,5,500.000000,500.000000,3.000000,200.000000,120.000000,6.000000,512,10000.000000,200.000000,164,2,12,0,210,0,1.219512,0.003760,66.282580,2.000000,-1.000000,1,0.410609,7.993912,3.948000
s4_radius,dbr,3,50,5,500.000000,500.000000,3.000000,200.000000,120.000000,6.000000,512,10000.000000,200.000000,165,5,20,0,207,0,3.030303,0.009400,114.439553,0.600000,-1.000000,1,0.375877,9.156560,4.008000
s4_radius,hhvbf,20,50,5,500.000000,500.000000,3.000000,200.000000,120.000000,6.000000,512,10000.000000,200.000000,164,4,53,0,721,0,2.439024,0.086720,2.935477,1.000000,-1.000000,1,0.721940,8.104504,12.220000
s4_radius,dbr,4,50,5,500.000000,500.000000,3.000000,200.000000,120.000000,6.000000,512,10000.000000,200.000000,163,3,43,0,209,0,1.840491,0.005640,37.097082,0.333333,-1.000000,1,0.403855,8.579249,4.140000
s4_radius,dbr,5,50,5,500.000000,500.000000,3.000000,200.000000,120.000000,6.000000,512,10000.000000,200.000000,165,2,8,0,207,0,1.212121,0.003760,129.664390,0.500000,-1.000000,1,0.342955,9.329252,3.626000
s4_radius,dbr,6,50,5,500.000000,500.000000,3.000000,200.000000,120.000000,6.000000,512,10000.000000,200.000000,165,1,0,0,205,0,0.606061,0.001880,43.588282,2.000000,-1.000000,1,0.361029,8.734428,3.626000
s4_radius,dbr,7,50,5,500.000000,500.000000,3.000000,200.000000,120.000000,6.000000,512,10000.000000,200.000000,165,1,0,0,208,0,0.606061,0.001880,133.315357,2.000000,-1.000000,1,0.358161,9.375295,3.852000
s4_radius,dbr,8,50,5,500.000000,500.000000,3.000000,200.000000,120.000000,6.000000,512,10000.000000,200.000000,164,0,0,0,203,0,0.000000,0.000000,0.000000,0.000000,-1.000000,1,0.325655,9.777973,3.562000
s4_radius,dbr,10,50,5,500.000000,500.000000,3.000000,200.000000,120.000000,6.000000,512,10000.000000,200.000000,165,8,0,0,211,0,4.848485,0.015040,91.894830,2.625000,-1.000000,1,0.343043,8.914706,3.466000
s4_radius,dbr,9,50,5,500.000000,500.000000,3.000000,200.000000,120.000000,6.000000,512,10000.000000,200.000000,163,3,22,0,205,0,1.840491,0.005640,7.601132,1.000000,-1.000000,1,0.355911,9.348915,3.810000
s4_radius,dbr,11,50,5,500.000000,500.000000,3.000000,200.000000,120.000000,6.000000,512,10000.000000,200.000000,165,7,15,0,210,0,4.242424,0.013160,95.048119,1.571429,-1.000000,1,0.367946,9.225490,3.926000
s4_radius,dbr,12,50,5,500.000000,500.000000,3.000000,200.000000,120.000000,6.000000,512,10000.000000,200.000000,165,3,2,0,212,0,1.818182,0.005640,69.254042,1.666667,-1.000000,1,0.348451,9.147617,3.628000
s4_radius,dbr,13,50,5,500.000000,500.000000,3.000000,200.000000,120.000000,6.000000,512,10000.000000,200.000000,165,3,30,0,210,0,1.818182,0.005640,42.518610,0.333333,-1.000000,1,0.367015,9.058175,3.842000
s4_radius,dbr,15,50,5,500.000000,500.000000,3.000000,200.000000,120.000000,6.000000,512,10000.000000,200.000000,164,5,12,0,209,0,3.048780,0.009400,82.365259,3.000000,-1.000000,1,0.309652,10.213408,3.498000
s4_radius,dbr,14,50,5,500.000000,500.000000,3.000000,200.000000,120.000000,6.000000,512,10000.000000,200.000000,165,2,2,0,209,0,1.212121,0.003760,6.323116,0.500000,-1.000000,1,0.287111,11.089663,3.470000
s4_radius,dbr,16,50,5,500.000000,500.000000,3.000000,200.000000,120.000000,6.000000,512,10000.000000,200.000000,165,1,8,0,206,0,0.606061,0.001880,24.109245,0.000000,-1.000000,1,0.342183,9.221751,3.574000
s4_radius,dbr,18,50,5,500.000000,500.000000,3.000000,200.000000,120.000000,6.000000,512,10000.000000,200.000000,165,3,3,0,206,0,1.818182,0.005640,85.400977,2.333333,-1.000000,1,0.293121,10.827214,3.472000
s4_radius,dbr,17,50,5,500.000000,500.000000,3.000000,200.000000,120.000000,6.000000,512,10000.000000,200.000000,163,0,0,0,204,0,0.000000,0.000000,0.000000,0.000000,-1.000000,1,0.326013,9.808539,3.578000
s4_radius,dbr,19,50,5,500.000000,500.000000,3.000000,200.000000,120.000000,6.000000,512,10000.000000,200.000000,165,1,0,0,207,0,0.606061,0.001880,7.387036,2.000000,-1.000000,1,0.273127,11.845032,3.496000
s4_radius,dbr,20,50,5,500.000000,500.000000,3.000000,200.000000,120.000000,6.000000,512,10000.000000,200.000000,164,1,23,0,210,0,0.609756,0.001880,5.850429,0.000000,-1.000000,1,0.404382,8.191376,3.960000
s4_radius,adaptive,1,50,5,500.000000,500.000000,3.000000,250.000000,120.000000,6.000000,512,10000.000000,200.000000,164,26,36,123,1277,19,15.853659,0.436480,2.704278,1.653846,-1.000000,1,0.898164,4.676674,21.730000
s4_radius,adaptive,2,50,5,500.000000,500.000000,3.000000,250.000000,120.000000,6.000000,512,10000.000000,200.000000,164,64,76,122,1347,7,39.024390,1.003520,2.317559,1.406250,-1.000000,1,0.925327,3.714333,23.906000
s4_radius,adaptive,3,50,5,500.000000,500.000000,3.000000,250.000000,120.000000,6.000000,512,10000.000000,200.000000,165,56,50,116,1398,15,33.939394,0.897280,2.292989,1.303571,-1.000000,1,0.878913,5.790104,22.368000
s4_radius,adaptive,4,50,5,500.000000,500.000000,3.000000,250.000000,120.000000,6.000000,512,10000.000000,200.000000,163,77,82,108,1327,20,47.239264,1.346560,1.203958,0.415584,-1.000000,1,0.894815,5.051157,22.678000
s4_radius,adaptive,5,50,5,500.000000,500.000000,3.000000,250.000000,120.000000,6.000000,512,10000.000000,200.000000,165,27,19,138,1374,22,16.363636,0.437760,1.614104,0.777778,-1.000000,1,0.908637,4.267762,22.238000
s4_radius,adaptive,6,50,5,500.000000,500.000000,3.000000,250.000000,120.000000,6.000000,512,10000.000000,200.000000,165,18,28,140,1273,18,10.909091,0.272640,3.336974,2.277778,-1.000000,1,0.901058,4.308585,20.640000
s4_radius,adaptive,7,50,5,500.000000,500.000000,3.000000,250.000000,120.000000,6.000000,512,10000.000000,200.000000,165,31,45,82,1370,13,18.787879,0.442880,3.476854,2.419355,-1.000000,1,0.924960,3.572169,22.874000
s4_radius,adaptive,9,50,5,500.000000,500.000000,3.000000,250.000000,120.000000,6.000000,512,10000.000000,200.000000,163,44,64,124,1354,20,26.993865,0.747520,1.663699,0.795455,-1.000000,1,0.892398,4.977916,21.816000
s4_radius,adaptive,8,50,5,500.000000,500.000000,3.000000,250.000000,120.000000,6.000000,512,10000.000000,200.000000,164,23,38,137,1279,16,14.024390,0.240640,2.239424,1.434783,-1.000000,1,0.914740,3.793490,21.256000
s4_radius,adaptive,10,50,5,500.000000,500.000000,3.000000,250.000000,120.000000,6.000000,512,10000.000000,200.000000,165,19,68,154,1304,5,11.515152,0.177920,1.453989,0.842105,-1.000000,1,0.953684,2.061370,21.726000
s4_radius,adaptive,11,50,5,500.000000,500.000000,3.000000,250.000000,120.000000,6.000000,512,10000.000000,200.000000,165,47,57,131,1203,12,28.484848,0.712960,1.362504,0.595745,-1.000000,1,0.921176,3.376630,20.540000
s4_radius,adaptive,12,50,5,500.000000,500.000000,3.000000,250.000000,120.000000,6.000000,512,10000.000000,200.000000,165,43,78,138,1255,12,26.060606,0.554240,2.576798,1.697674,-1.000000,1,0.912855,3.905653,21.388000
s4_radius,adaptive,15,50,5,500.000000,500.000000,3.000000,250.000000,120.000000,6.000000,512,10000.000000,200.000000,164,39,57,138,1221,4,23.780488,0.645120,2.931104,1.846154,-1.000000,1,0.917307,3.338948,19.318000
s4_radius,adaptive,13,50,5,500.000000,500.000000,3.000000,250.000000,120.000000,6.000000,512,10000.000000,200.000000,165,63,44,115,1316,13,38.181818,1.079040,1.804084,0.857143,-1.000000,1,0.891576,5.149995,22.388000
s4_radius,adaptive,14,50,5,500.000000,500.000000,3.000000,250.000000,120.000000,6.000000,512,10000.000000,200.000000,165,16,34,116,1350,24,9.696970,0.154880,1.896175,1.187500,-1.000000,1,0.911071,4.031070,21.610000
s4_radius,adaptive,16,50,5,500.000000,500.000000,3.000000,250.000000,120.000000,6.000000,512,10000.000000,200.000000,165,19,26,115,1346,12,11.515152,0.273920,2.299502,1.421053,-1.000000,1,0.930030,3.139906,21.624000
s4_radius,adaptive,18,50,5,500.000000,500.000000,3.000000,250.000000,120.000000,6.000000,512,10000.000000,200.000000,165,44,45,94,1289,13,26.666667,0.785920,3.206799,2.090909,-1.000000,1,0.908308,4.165245,21.622000
s4_radius,adaptive,17,50,5,500.000000,500.000000,3.000000,250.000000,120.000000,6.000000,512,10000.000000,200.000000,163,23,27,144,1273,14,14.110429,0.259840,1.552348,0.913043,-1.000000,1,0.915358,3.714731,20.974000
s4_radius,adaptive,20,50,5,500.000000,500.000000,3.000000,250.000000,120.000000,6.000000,512,10000.000000,200.000000,164,31,38,129,1332,12,18.902439,0.538880,2.035550,1.032258,-1.000000,1,0.927531,3.347860,22.230000
s4_radius,vbf,1,50,5,500.000000,500.000000,3.000000,250.000000,120.000000,6.000000,512,10000.000000,200.000000,164,5,48,0,620,0,3.048780,0.108400,4.442079,1.000000,-1.000000,1,0.607519,10.979241,10.572000
s4_radius,adaptive,19,50,5,500.000000,500.000000,3.000000,250.000000,120.000000,6.000000,512,10000.000000,200.000000,165,44,71,115,1314,10,26.666667,0.709120,3.775266,2.704545,-1.000000,1,0.911596,4.051687,21.856000
s4_radius,vbf,2,50,5,500.000000,500.000000,3.000000,250.000000,120.000000,6.000000,512,10000.000000,200.000000,164,14,78,0,690,0,8.536585,0.303520,5.548660,1.000000,-1.000000,1,0.673518,9.827148,12.114000
s4_radius,vbf,4,50,5,500.000000,500.000000,3.000000,250.000000,120.000000,6.000000,512,10000.000000,200.000000,163,8,94,0,648,0,4.907975,0.173440,3.709022,1.000000,-1.000000,1,0.648453,10.027063,11.220000
s4_radius,vbf,3,50,5,500.000000,500.000000,3.000000,250.000000,120.000000,6.000000,512,10000.000000,200.000000,165,12,64,0,633,0,7.272727,0.260160,5.380045,1.000000,-1.000000,1,0.602234,11.062939,10.454000
s4_radius,vbf,5,50,5,500.000000,500.000000,3.000000,250.000000,120.000000,6.000000,512,10000.000000,200.000000,165,6,24,0,764,0,3.636364,0.130080,4.307746,1.000000,-1.000000,1,0.672934,10.132803,12.462000
s4_radius,vbf,6,50,5,500.000000,500.000000,3.000000,250.000000,120.000000,6.000000,512,10000.000000,200.000000,165,5,25,0,557,0,3.030303,0.108400,6.846928,1.000000,-1.000000,1,0.636737,8.581362,9.190000
s4_radius,vbf,7,50,5,500.000000,500.000000,3.000000,250.000000,120.000000,6.000000,512,10000.000000,200.000000,165,11,45,0,703,0,6.666667,0.238480,7.041830,1.000000,-1.000000,1,0.722499,7.966814,12.042000
s4_radius,vbf,8,50,5,500.000000,500.000000,3.000000,250.000000,120.000000,6.000000,512,10000.000000,200.000000,164,8,24,0,715,0,4.878049,0.173440,7.306523,1.000000,-1.000000,1,0.634921,11.042147,11.746000
s4_radius,vbf,9,50,5,500.000000,500.000000,3.000000,250.000000,120.000000,6.000000,512,10000.000000,200.000000,163,6,56,0,642,0,3.680982,0.130080,4.117205,1.000000,-1.000000,1,0.629937,10.230180,10.684000
s4_radius,vbf,10,50,5,500.000000,500.000000,3.000000,250.000000,120.000000,6.000000,512,10000.000000,200.000000,165,9,22,0,667,0,5.454545,0.195120,9.873029,1.000000,-1.000000,1,0.770279,5.756782,10.904000
s4_radius,vbf,11,50,5,500.000000,500.000000,3.000000,250.000000,120.000000,6.000000,512,10000.000000,200.000000,165,11,43,0,528,0,6.666667,0.238480,4.221318,1.000000,-1.000000,1,0.619671,9.121741,9.176000
s4_radius,vbf,12,50,5,500.000000,500.000000,3.000000,250.000000,120.000000,6.000000,512,10000.000000,200.000000,165,11,56,0,600,0,6.666667,0.238480,5.341561,1.000000,-1.000000,1,0.650036,8.785683,9.890000
s4_radius,vbf,13,50,5,500.000000,500.000000,3.000000,250.000000,120.000000,6.000000,512,10000.000000,200.000000,165,11,71,0,644,0,6.666667,0.238480,4.251949,1.000000,-1.000000,1,0.673891,8.877914,10.960000
s4_radius,vbf,14,50,5,500.000000,500.000000,3.000000,250.000000,120.000000,6.000000,512,10000.000000,200.000000,165,6,9,0,698,0,3.636364,0.130080,6.997003,1.000000,-1.000000,1,0.623752,11.014899,11.246000
s4_radius,vbf,15,50,5,500.000000,500.000000,3.000000,250.000000,120.000000,6.000000,512,10000.000000,200.000000,164,7,58,0,567,0,4.268293,0.151760,7.546354,1.000000,-1.000000,1,0.549979,11.447437,9.026000
s4_radius,vbf,16,50,5,500.000000,500.000000,3.000000,250.000000,120.000000,6.000000,512,10000.000000,200.000000,165,4,26,0,741,0,2.424242,0.086720,7.178523,1.000000,-1.000000,1,0.773575,6.159929,11.866000
s4_radius,vbf,17,50,5,500.000000,500.000000,3.000000,250.000000,120.000000,6.000000,512,10000.000000,200.000000,163,5,20,0,562,0,3.067485,0.108400,5.887962,1.000000,-1.000000,1,0.589761,10.198072,9.222000
s4_radius,vbf,18,50,5,500.000000,500.000000,3.000000,250.000000,120.000000,6.000000,512,10000.000000,200.000000,165,6,56,0,575,0,3.636364,0.130080,4.888218,1.000000,-1.000000,1,0.622366,9.657014,9.810000
s4_radius,vbf,19,50,5,500.000000,500.000000,3.000000,250.000000,120.000000,6.000000,512,10000.000000,200.000000,165,9,54,0,620,0,5.454545,0.195120,6.953932,1.000000,-1.000000,1,0.555707,12.559934,10.098000
s4_radius,vbf,20,50,5,500.000000,500.000000,3.000000,250.000000,120.000000,6.000000,512,10000.000000,200.000000,164,4,43,0,697,0,2.439024,0.086720,4.304801,1.000000,-1.000000,1,0.734571,7.384584,11.782000
s4_radius,hhvbf,1,50,5,500.000000,500.000000,3.000000,250.000000,120.000000,6.000000,512,10000.000000,200.000000,164,5,46,0,712,0,3.048780,0.108400,4.483222,1.000000,-1.000000,1,0.650361,10.284963,11.592000
s4_radius,hhvbf,3,50,5,500.000000,500.000000,3.000000,250.000000,120.000000,6.000000,512,10000.000000,200.000000,165,12,53,0,684,0,7.272727,0.260160,4.133615,1.000000,-1.000000,1,0.656076,9.610283,11.070000
s4_radius,hhvbf,2,50,5,500.000000,500.000000,3.000000,250.000000,120.000000,6.000000,512,10000.000000,200.000000,164,14,78,0,736,0,8.536585,0.303520,5.222535,1.000000,-1.000000,1,0.712825,8.718007,12.634000
s4_radius,hhvbf,4,50,5,500.000000,500.000000,3.000000,250.000000,120.000000,6.000000,512,10000.000000,200.000000,163,9,83,0,711,0,5.521472,0.195120,4.090569,1.000000,-1.000000,1,0.676308,9.624488,11.996000
s4_radius,hhvbf,5,50,5,500.000000,500.000000,3.000000,250.000000,120.000000,6.000000,512,10000.000000,200.000000,165,5,31,0,840,0,3.030303,0.108400,4.643810,1.000000,-1.000000,1,0.697031,10.078894,13.664000
s4_radius,hhvbf,6,50,5,500.000000,500.000000,3.000000,250.000000,120.000000,6.000000,512,10000.000000,200.000000,165,5,32,0,640,0,3.030303,0.108400,7.403347,1.000000,-1.000000,1,0.671584,8.424449,10.306000
s4_radius,hhvbf,7,50,5,500.000000,500.000000,3.000000,250.000000,120.000000,6.000000,512,10000.000000,200.000000,165,10,37,0,824,0,6.060606,0.216800,7.456309,1.000000,-1.000000,1,0.759801,7.572813,13.612000
s4_radius,hhvbf,9,50,5,500.000000,500.000000,3.000000,250.000000,120.000000,6.000000,512,10000.000000,200.000000,163,7,66,0,701,0,4.294479,0.151760,4.907860,1.000000,-1.000000,1,0.678283,9.140001,11.482000
s4_radius,hhvbf,8,50,5,500.000000,500.000000,3.000000,250.000000,120.000000,6.000000,512,10000.000000,200.000000,164,9,30,0,717,0,5.487805,0.195120,7.751423,1.000000,-1.000000,1,0.653457,10.129556,11.552000
s4_radius,hhvbf,10,50,5,500.000000,500.000000,3.000000,250.000000,120.000000,6.000000,512,10000.000000,200.000000,165,11,27,0,768,0,6.666667,0.238480,8.052948,1.000000,-1.000000,1,0.814254,5.121987,12.376000
s4_radius,hhvbf,12,50,5,500.000000,500.000000,3.000000,250.000000,120.000000,6.000000,512,10000.000000,200.000000,165,12,57,0,712,0,7.272727,0.260160,6.088209,1.000000,-1.000000,1,0.713885,7.788087,11.338000
s4_radius,hhvbf,11,50,5,500.000000,500.000000,3.000000,250.000000,120.000000,6.000000,512,10000.000000,200.000000,165,11,54,0,646,0,6.666667,0.238480,5.496544,1.000000,-1.000000,1,0.682504,8.393542,10.724000
s4_radius,hhvbf,13,50,5,500.000000,500.000000,3.000000,250.000000,120.000000,6.000000,512,10000.000000,200.000000,165,11,83,0,809,0,6.666667,0.238480,4.794344,1.000000,-1.000000,1,0.731012,8.634538,13.556000
s4_radius,hhvbf,15,50,5,500.000000,500.000000,3.000000,250.000000,120.000000,6.000000,512,10000.000000,200.000000,164,8,74,0,652,0,4.878049,0.173440,5.727544,1.000000,-1.000000,1,0.608492,10.504374,10.150000
s4_radius,hhvbf,14,50,5,500.000000,500.000000,3.000000,250.000000,120.000000,6.000000,512,10000.000000,200.000000,165,8,13,0,862,0,4.848485,0.173440,6.541154,1.000000,-1.000000,1,0.724347,8.958533,13.652000
s4_radius,hhvbf,16,50,5,500.000000,500.000000,3.000000,250.000000,120.000000,6.000000,512,10000.000000,200.000000,165,5,21,0,857,0,3.030303,0.108400,4.343579,1.000000,-1.000000,1,0.805914,5.985258,13.762000
s4_radius,hhvbf,17,50,5,500.000000,500.000000,3.000000,250.000000,120.000000,6.000000,512,10000.000000,200.000000,163,7,29,0,670,0,4.294479,0.151760,6.014564,1.000000,-1.000000,1,0.655892,9.471090,10.902000
s4_radius,hhvbf,18,50,5,500.000000,500.000000,3.000000,250.000000,120.000000,6.000000,512,10000.000000,200.000000,165,8,64,0,634,0,4.848485,0.173440,6.197204,1.000000,-1.000000,1,0.658062,8.987704,10.432000
s4_radius,hhvbf,19,50,5,500.000000,500.000000,3.000000,250.000000,120.000000,6.000000,512,10000.000000,200.000000,165,9,63,0,738,0,5.454545,0.195120,6.339639,1.000000,-1.000000,1,0.655201,10.483919,12.036000
s4_radius,dbr,1,50,5,500.000000,500.000000,3.000000,250.000000,120.000000,6.000000,512,10000.000000,200.000000,164,2,5,0,209,0,1.219512,0.003760,79.519904,1.000000,-1.000000,1,0.377390,9.362240,4.120000
s4_radius,dbr,2,50,5,500.000000,500.000000,3.000000,250.000000,120.000000,6.000000,512,10000.000000,200.000000,164,2,12,0,210,0,1.219512,0.003760,66.282580,2.000000,-1.000000,1,0.410609,7.993912,3.948000
s4_radius,hhvbf,20,50,5,500.000000,500.000000,3.000000,250.000000,120.000000,6.000000,512,10000.000000,200.000000,164,4,57,0,817,0,2.439024,0.086720,2.899277,1.000000,-1.000000,1,0.762985,7.401040,13.514000
s4_radius,dbr,3,50,5,500.000000,500.000000,3.000000,250.000000,120.000000,6.000000,512,10000.000000,200.000000,165,5,20,0,207,0,3.030303,0.009400,114.439553,0.600000,-1.000000,1,0.375877,9.156560,4.008000
s4_radius,dbr,4,50,5,500.000000,500.000000,3.000000,250.000000,120.000000,6.000000,512,10000.000000,200.000000,163,3,43,0,209,0,1.840491,0.005640,37.097082,0.333333,-1.000000,1,0.403855,8.579249,4.140000
s4_radius,dbr,5,50,5,500.000000,500.000000,3.000000,250.000000,120.000000,6.000000,512,10000.000000,200.000000,165,2,8,0,207,0,1.212121,0.003760,129.664390,0.500000,-1.000000,1,0.342955,9.329252,3.626000
s4_radius,dbr,6,50,5,500.000000,500.000000,3.000000,250.000000,120.000000,6.000000,512,10000.000000,200.000000,165,1,0,0,205,0,0.606061,0.001880,43.588282,2.000000,-1.000000,1,0.361029,8.734428,3.626000
s4_radius,dbr,7,50,5,500.000000,500.000000,3.000000,250.000000,120.000000,6.000000,512,10000.000000,200.000000,165,1,0,0,208,0,0.606061,0.001880,133.315357,2.000000,-1.000000,1,0.358161,9.375295,3.852000
s4_radius,dbr,8,50,5,500.000000,500.000000,3.000000,250.000000,120.000000,6.000000,512,10000.000000,200.000000,164,0,0,0,203,0,0.000000,0.000000,0.000000,0.000000,-1.000000,1,0.325655,9.777973,3.562000
s4_radius,dbr,9,50,5,500.000000,500.000000,3.000000,250.000000,120.000000,6.000000,512,10000.000000,200.000000,163,3,22,0,205,0,1.840491,0.005640,7.601132,1.000000,-1.000000,1,0.355911,9.348915,3.810000
s4_radius,dbr,10,50,5,500.000000,500.000000,3.000000,250.000000,120.000000,6.000000,512,10000.000000,200.000000,165,8,0,0,211,0,4.848485,0.015040,91.894830,2.625000,-1.000000,1,0.343043,8.914706,3.466000
s4_radius,dbr,11,50,5,500.000000,500.000000,3.000000,250.000000,120.000000,6.000000,512,10000.000000,200.000000,165,7,15,0,210,0,4.242424,0.013160,95.048119,1.571429,-1.000000,1,0.367946,9.225490,3.926000
s4_radius,dbr,13,50,5,500.000000,500.000000,3.000000,250.000000,120.000000,6.000000,512,10000.000000,200.000000,165,3,30,0,210,0,1.818182,0.005640,42.518610,0.333333,-1.000000,1,0.367015,9.058175,3.842000
s4_radius,dbr,12,50,5,500.000000,500.000000,3.000000,250.000000,120.000000,6.000000,512,10000.000000,200.000000,165,3,2,0,212,0,1.818182,0.005640,69.254042,1.666667,-1.000000,1,0.348451,9.147617,3.628000
s4_radius,dbr,14,50,5,500.000000,500.000000,3.000000,250.000000,120.000000,6.000000,512,10000.000000,200.000000,165,2,2,0,209,0,1.212121,0.003760,6.323116,0.500000,-1.000000,1,0.287111,11.089663,3.470000
s4_radius,dbr,16,50,5,500.000000,500.000000,3.000000,250.000000,120.000000,6.000000,512,10000.000000,200.000000,165,1,8,0,206,0,0.606061,0.001880,24.109245,0.000000,-1.000000,1,0.342183,9.221751,3.574000
s4_radius,dbr,15,50,5,500.000000,500.000000,3.000000,250.000000,120.000000,6.000000,512,10000.000000,200.000000,164,5,12,0,209,0,3.048780,0.009400,82.365259,3.000000,-1.000000,1,0.309652,10.213408,3.498000
s4_radius,dbr,17,50,5,500.000000,500.000000,3.000000,250.000000,120.000000,6.000000,512,10000.000000,200.000000,163,0,0,0,204,0,0.000000,0.000000,0.000000,0.000000,-1.000000,1,0.326013,9.808539,3.578000
s4_radius,dbr,18,50,5,500.000000,500.000000,3.000000,250.000000,120.000000,6.000000,512,10000.000000,200.000000,165,3,3,0,206,0,1.818182,0.005640,85.400977,2.333333,-1.000000,1,0.293121,10.827214,3.472000
s4_radius,dbr,19,50,5,500.000000,500.000000,3.000000,250.000000,120.000000,6.000000,512,10000.000000,200.000000,165,1,0,0,207,0,0.606061,0.001880,7.387036,2.000000,-1.000000,1,0.273127,11.845032,3.496000
s4_radius,dbr,20,50,5,500.000000,500.000000,3.000000,250.000000,120.000000,6.000000,512,10000.000000,200.000000,164,1,23,0,210,0,0.609756,0.001880,5.850429,0.000000,-1.000000,1,0.404382,8.191376,3.960000
