label,protocol,seed,nNodes,nSources,fieldSize,waterDepth,maxSpeed,basePipeR,commRange,packetInterval,payloadBytes,bitRate,simTime,generated,delivered,duplicates,dropped,transmissions,fallbacks,pdr_pct,throughput_kbps,mean_delay_s,mean_hops,lifetime_s,lifetime_censored,jain_fairness,energy_gap_J,mean_consumed_J
s5_traffic,adaptive,1,50,5,500.000000,500.000000,3.000000,150.000000,120.000000,2.000000,512,10000.000000,200.000000,487,45,26,291,1556,48,9.240246,0.825600,2.343072,1.266667,-1.000000,1,0.811574,10.712662,25.470000
s5_traffic,adaptive,2,50,5,500.000000,500.000000,3.000000,150.000000,120.000000,2.000000,512,10000.000000,200.000000,487,86,47,279,1699,27,17.659138,1.492480,2.453382,1.500000,-1.000000,1,0.842817,9.827867,28.596000
s5_traffic,adaptive,3,50,5,500.000000,500.000000,3.000000,150.000000,120.000000,2.000000,512,10000.000000,200.000000,487,105,31,275,1696,53,21.560575,1.920000,1.690093,0.752381,-1.000000,1,0.781043,13.018620,26.074000
s5_traffic,adaptive,4,50,5,500.000000,500.000000,3.000000,150.000000,120.000000,2.000000,512,10000.000000,200.000000,487,163,60,300,1630,51,33.470226,3.127040,1.329907,0.441718,-1.000000,1,0.813031,11.235575,26.948000
s5_traffic,adaptive,5,50,5,500.000000,500.000000,3.000000,150.000000,120.000000,2.000000,512,10000.000000,200.000000,488,46,13,284,1680,55,9.426230,0.826880,1.305223,0.434783,-1.000000,1,0.810440,11.065809,26.132000
s5_traffic,adaptive,6,50,5,500.000000,500.000000,3.000000,150.000000,120.000000,2.000000,512,10000.000000,200.000000,490,28,22,326,1622,44,5.714286,0.477440,3.246051,2.071429,-1.000000,1,0.805213,11.025649,25.248000
s5_traffic,adaptive,7,50,5,500.000000,500.000000,3.000000,150.000000,120.000000,2.000000,512,10000.000000,200.000000,487,46,37,242,1670,35,9.445585,0.750080,4.060427,2.760870,-1.000000,1,0.841038,9.192638,26.418000
s5_traffic,adaptive,8,50,5,500.000000,500.000000,3.000000,150.000000,120.000000,2.000000,512,10000.000000,200.000000,487,35,36,381,1602,51,7.186858,0.486400,3.491325,2.342857,-1.000000,1,0.846118,8.691232,25.886000
s5_traffic,adaptive,9,50,5,500.000000,500.000000,3.000000,150.000000,120.000000,2.000000,512,10000.000000,200.000000,488,83,53,305,1637,49,17.008197,1.546240,1.307976,0.421687,-1.000000,1,0.788206,12.385338,25.776000
s5_traffic,adaptive,10,50,5,500.000000,500.000000,3.000000,150.000000,120.000000,2.000000,512,10000.000000,200.000000,488,24,66,386,1586,28,4.918033,0.280320,1.894919,1.166667,-1.000000,1,0.868261,7.266970,25.636000
s5_traffic,adaptive,11,50,5,500.000000,500.000000,3.000000,150.000000,120.000000,2.000000,512,10000.000000,200.000000,489,83,46,374,1460,47,16.973415,1.450240,1.489887,0.626506,-1.000000,1,0.820783,9.586919,24.114000
s5_traffic,adaptive,12,50,5,500.000000,500.000000,3.000000,150.000000,120.000000,2.000000,512,10000.000000,200.000000,488,72,70,374,1529,50,14.754098,1.148160,2.403686,1.375000,-1.000000,1,0.826277,9.685253,25.224000
s5_traffic,adaptive,13,50,5,500.000000,500.000000,3.000000,150.000000,120.000000,2.000000,512,10000.000000,200.000000,487,113,41,259,1700,31,23.203285,2.122240,1.589273,0.637168,-1.000000,1,0.834451,10.097183,27.744000
s5_traffic,adaptive,14,50,5,500.000000,500.000000,3.000000,150.000000,120.000000,2.000000,512,10000.000000,200.000000,487,21,32,353,1634,45,4.312115,0.257280,1.508318,0.809524,-1.000000,1,0.826924,9.669539,25.288000
s5_traffic,adaptive,15,50,5,500.000000,500.000000,3.000000,150.000000,120.000000,2.000000,512,10000.000000,200.000000,488,53,48,385,1489,23,10.860656,0.931840,2.557141,1.528302,-1.000000,1,0.812698,9.607928,22.998000
s5_traffic,adaptive,16,50,5,500.000000,500.000000,3.000000,150.000000,120.000000,2.000000,512,10000.000000,200.000000,489,28,23,343,1760,32,5.725971,0.458240,1.382978,0.535714,-1.000000,1,0.834373,9.929890,27.270000
s5_traffic,adaptive,17,50,5,500.000000,500.000000,3.000000,150.000000,120.000000,2.000000,512,10000.000000,200.000000,488,37,21,395,1592,35,7.581967,0.584960,3.003897,1.918919,-1.000000,1,0.817859,10.308990,25.464000
s5_traffic,adaptive,18,50,5,500.000000,500.000000,3.000000,150.000000,120.000000,2.000000,512,10000.000000,200.000000,488,70,41,275,1617,33,14.344262,1.280000,2.913537,1.814286,-1.000000,1,0.811456,10.972750,26.070000
s5_traffic,adaptive,19,50,5,500.000000,500.000000,3.000000,150.000000,120.000000,2.000000,512,10000.000000,200.000000,487,58,53,319,1526,10,11.909651,0.995840,3.713454,2.517241,-1.000000,1,0.840308,8.565646,24.492000
s5_traffic,adaptive,20,50,5,500.000000,500.000000,3.000000,150.000000,120.000000,2.000000,512,10000.000000,200.000000,487,63,38,323,1739,34,12.936345,1.194240,1.341070,0.412698,-1.000000,1,0.836175,10.126182,28.148000
s5_traffic,vbf,1,50,5,500.000000,500.000000,3.000000,150.000000,120.000000,2.000000,512,10000.000000,200.000000,487,5,48,0,778,0,1.026694,0.108400,5.776064,1.000000,-1.000000,1,0.482359,20.145699,12.664000
s5_traffic,vbf,2,50,5,500.000000,500.000000,3.000000,150.000000,120.000000,2.000000,512,10000.000000,200.000000,487,15,79,0,843,0,3.080082,0.325200,4.322985,1.000000,-1.000000,1,0.569341,16.369774,13.790000
s5_traffic,vbf,3,50,5,500.000000,500.000000,3.000000,150.000000,120.000000,2.000000,512,10000.000000,200.000000,487,12,65,0,780,0,2.464066,0.260160,3.772594,1.000000,-1.000000,1,0.488442,19.392490,12.440000
s5_traffic,vbf,4,50,5,500.000000,500.000000,3.000000,150.000000,120.000000,2.000000,512,10000.000000,200.000000,487,8,134,0,777,0,1.642710,0.173440,2.637794,1.000000,-1.000000,1,0.501879,19.342458,12.976000
s5_traffic,vbf,5,50,5,500.000000,500.000000,3.000000,150.000000,120.000000,2.000000,512,10000.000000,200.000000,488,5,39,0,819,0,1.024590,0.108400,3.888847,1.000000,-1.000000,1,0.532123,17.434715,12.942000
s5_traffic,vbf,6,50,5,500.000000,500.000000,3.000000,150.000000,120.000000,2.000000,512,10000.000000,200.000000,490,4,18,0,698,0,0.816327,0.086720,6.511838,1.000000,-1.000000,1,0.460829,18.332613,10.726000
s5_traffic,vbf,8,50,5,500.000000,500.000000,3.000000,150.000000,120.000000,2.000000,512,10000.000000,200.000000,487,4,20,0,788,0,0.821355,0.086720,8.075305,1.000000,-1.000000,1,0.458761,21.320032,12.388000
s5_traffic,vbf,7,50,5,500.000000,500.000000,3.000000,150.000000,120.000000,2.000000,512,10000.000000,200.000000,487,10,48,0,861,0,2.053388,0.216800,5.697676,1.000000,-1.000000,1,0.561618,17.082408,14.014000
s5_traffic,vbf,10,50,5,500.000000,500.000000,3.000000,150.000000,120.000000,2.000000,512,10000.000000,200.000000,488,8,19,0,820,0,1.639344,0.173440,6.555482,1.000000,-1.000000,1,0.550943,16.352749,12.936000
s5_traffic,vbf,9,50,5,500.000000,500.000000,3.000000,150.000000,120.000000,2.000000,512,10000.000000,200.000000,488,6,69,0,750,0,1.229508,0.130080,3.498910,1.000000,-1.000000,1,0.474498,19.586089,11.994000
s5_traffic,vbf,11,50,5,500.000000,500.000000,3.000000,150.000000,120.000000,2.000000,512,10000.000000,200.000000,489,11,47,0,699,0,2.249489,0.238480,3.820938,1.000000,-1.000000,1,0.431377,21.350810,11.316000
s5_traffic,vbf,12,50,5,500.000000,500.000000,3.000000,150.000000,120.000000,2.000000,512,10000.000000,200.000000,488,9,42,0,761,0,1.844262,0.195120,4.269326,1.000000,-1.000000,1,0.465228,20.089793,11.928000
s5_traffic,vbf,13,50,5,500.000000,500.000000,3.000000,150.000000,120.000000,2.000000,512,10000.000000,200.000000,487,10,76,0,793,0,2.053388,0.216800,3.782784,1.000000,-1.000000,1,0.492807,18.919054,12.314000
s5_traffic,vbf,14,50,5,500.000000,500.000000,3.000000,150.000000,120.000000,2.000000,512,10000.000000,200.000000,487,6,9,0,787,0,1.232033,0.130080,6.143853,1.000000,-1.000000,1,0.409064,24.817279,12.192000
s5_traffic,vbf,15,50,5,500.000000,500.000000,3.000000,150.000000,120.000000,2.000000,512,10000.000000,200.000000,488,7,41,0,680,0,1.434426,0.151760,5.357003,1.000000,-1.000000,1,0.391342,22.336485,10.322000
s5_traffic,vbf,16,50,5,500.000000,500.000000,3.000000,150.000000,120.000000,2.000000,512,10000.000000,200.000000,489,4,28,0,880,0,0.817996,0.086720,4.172583,1.000000,-1.000000,1,0.559238,17.059725,13.882000
s5_traffic,vbf,17,50,5,500.000000,500.000000,3.000000,150.000000,120.000000,2.000000,512,10000.000000,200.000000,488,7,41,0,738,0,1.434426,0.151760,6.956050,1.000000,-1.000000,1,0.447496,20.677418,11.570000
s5_traffic,vbf,18,50,5,500.000000,500.000000,3.000000,150.000000,120.000000,2.000000,512,10000.000000,200.000000,488,7,60,0,726,0,1.434426,0.151760,5.846135,1.000000,-1.000000,1,0.438390,21.548322,11.694000
s5_traffic,vbf,19,50,5,500.000000,500.000000,3.000000,150.000000,120.000000,2.000000,512,10000.000000,200.000000,487,8,40,0,762,0,1.642710,0.173440,5.875816,1.000000,-1.000000,1,0.405294,23.709434,11.498000
s5_traffic,vbf,20,50,5,500.000000,500.000000,3.000000,150.000000,120.000000,2.000000,512,10000.000000,200.000000,487,3,74,0,807,0,0.616016,0.065040,2.215649,1.000000,-1.000000,1,0.548080,17.025578,13.338000
s5_traffic,hhvbf,1,50,5,500.000000,500.000000,3.000000,150.000000,120.000000,2.000000,512,10000.000000,200.000000,487,5,56,0,798,0,1.026694,0.108400,4.631824,1.000000,-1.000000,1,0.504910,19.000327,12.876000
s5_traffic,hhvbf,2,50,5,500.000000,500.000000,3.000000,150.000000,120.000000,2.000000,512,10000.000000,200.000000,487,15,88,0,887,0,3.080082,0.325200,4.381926,1.000000,-1.000000,1,0.586015,16.210306,14.468000
s5_traffic,hhvbf,3,50,5,500.000000,500.000000,3.000000,150.000000,120.000000,2.000000,512,10000.000000,200.000000,487,12,66,0,832,0,2.464066,0.260160,3.372357,1.000000,-1.000000,1,0.503506,19.320813,13.032000
s5_traffic,hhvbf,4,50,5,500.000000,500.000000,3.000000,150.000000,120.000000,2.000000,512,10000.000000,200.000000,487,8,123,0,798,0,1.642710,0.173440,2.849156,1.000000,-1.000000,1,0.527023,18.136226,13.234000
s5_traffic,hhvbf,5,50,5,500.000000,500.000000,3.000000,150.000000,120.000000,2.000000,512,10000.000000,200.000000,488,4,44,0,958,0,0.819672,0.086720,4.287858,1.000000,-1.000000,1,0.569219,17.635457,14.850000
s5_traffic,hhvbf,6,50,5,500.000000,500.000000,3.000000,150.000000,120.000000,2.000000,512,10000.000000,200.000000,490,5,30,0,796,0,1.020408,0.108400,6.263541,1.000000,-1.000000,1,0.514169,17.566347,12.278000
s5_traffic,hhvbf,7,50,5,500.000000,500.000000,3.000000,150.000000,120.000000,2.000000,512,10000.000000,200.000000,487,9,53,0,977,0,1.848049,0.195120,7.530442,1.000000,-1.000000,1,0.588224,17.235253,15.502000
s5_traffic,hhvbf,8,50,5,500.000000,500.000000,3.000000,150.000000,120.000000,2.000000,512,10000.000000,200.000000,487,6,24,0,855,0,1.232033,0.130080,6.496606,1.000000,-1.000000,1,0.480855,21.097442,13.196000
s5_traffic,hhvbf,9,50,5,500.000000,500.000000,3.000000,150.000000,120.000000,2.000000,512,10000.000000,200.000000,488,6,70,0,844,0,1.229508,0.130080,4.044321,1.000000,-1.000000,1,0.533537,17.949926,13.388000
s5_traffic,hhvbf,10,50,5,500.000000,500.000000,3.000000,150.000000,120.000000,2.000000,512,10000.000000,200.000000,488,7,18,0,910,0,1.434426,0.151760,10.140713,1.000000,-1.000000,1,0.595296,15.385286,14.186000
s5_traffic,hhvbf,11,50,5,500.000000,500.000000,3.000000,150.000000,120.000000,2.000000,512,10000.000000,200.000000,489,10,45,0,744,0,2.044990,0.216800,3.171887,1.000000,-1.000000,1,0.452000,20.709229,11.764000
s5_traffic,hhvbf,13,50,5,500.000000,500.000000,3.000000,150.000000,120.000000,2.000000,512,10000.000000,200.000000,487,9,81,0,857,0,1.848049,0.195120,5.702723,1.000000,-1.000000,1,0.539905,17.476835,13.318000
s5_traffic,hhvbf,12,50,5,500.000000,500.000000,3.000000,150.000000,120.000000,2.000000,512,10000.000000,200.000000,488,11,50,0,844,0,2.254098,0.238480,5.434870,1.000000,-1.000000,1,0.514496,18.859121,13.196000
s5_traffic,hhvbf,14,50,5,500.000000,500.000000,3.000000,150.000000,120.000000,2.000000,512,10000.000000,200.000000,487,8,12,0,851,0,1.642710,0.173440,6.904612,1.000000,-1.000000,1,0.456281,22.795575,13.136000
s5_traffic,hhvbf,15,50,5,500.000000,500.000000,3.000000,150.000000,120.000000,2.000000,512,10000.000000,200.000000,488,7,58,0,728,0,1.434426,0.151760,4.778737,1.000000,-1.000000,1,0.413491,22.046342,10.996000
s5_traffic,hhvbf,16,50,5,500.000000,500.000000,3.000000,150.000000,120.000000,2.000000,512,10000.000000,200.000000,489,3,31,0,978,0,0.613497,0.065040,2.736768,1.000000,-1.000000,1,0.594473,16.576405,15.240000
s5_traffic,hhvbf,18,50,5,500.000000,500.000000,3.000000,150.000000,120.000000,2.000000,512,10000.000000,200.000000,488,6,63,0,754,0,1.229508,0.130080,5.034927,1.000000,-1.000000,1,0.460322,20.630428,12.050000
s5_traffic,hhvbf,17,50,5,500.000000,500.000000,3.000000,150.000000,120.000000,2.000000,512,10000.000000,200.000000,488,4,35,0,760,0,0.819672,0.086720,6.037759,1.000000,-1.000000,1,0.463718,20.032166,11.834000
s5_traffic,hhvbf,19,50,5,500.000000,500.000000,3.000000,150.000000,120.000000,2.000000,512,10000.000000,200.000000,487,9,67,0,853,0,1.848049,0.195120,9.007537,1.000000,-1.000000,1,0.479692,20.993120,13.080000
s5_traffic,dbr,1,50,5,500.000000,500.000000,3.000000,150.000000,120.000000,2.000000,512,10000.000000,200.000000,487,2,15,0,532,0,0.410678,0.003760,79.085180,1.000000,-1.000000,1,0.312611,30.201777,10.464000
s5_traffic,hhvbf,20,50,5,500.000000,500.000000,3.000000,150.000000,120.000000,2.000000,512,10000.000000,200.000000,487,4,70,0,849,0,0.821355,0.086720,2.903328,1.000000,-1.000000,1,0.566327,16.578643,13.822000
s5_traffic,dbr,2,50,5,500.000000,500.000000,3.000000,150.000000,120.000000,2.000000,512,10000.000000,200.000000,487,2,36,0,533,0,0.410678,0.003760,66.869581,2.000000,-1.000000,1,0.329627,26.738224,9.888000
s5_traffic,dbr,3,50,5,500.000000,500.000000,3.000000,150.000000,120.000000,2.000000,512,10000.000000,200.000000,487,5,66,0,530,0,1.026694,0.009400,112.913831,0.600000,-1.000000,1,0.310531,29.225587,10.044000
s5_traffic,dbr,4,50,5,500.000000,500.000000,3.000000,150.000000,120.000000,2.000000,512,10000.000000,200.000000,487,3,134,0,533,0,0.616016,0.005640,34.948875,0.333333,-1.000000,1,0.331109,28.315645,10.530000
s5_traffic,dbr,5,50,5,500.000000,500.000000,3.000000,150.000000,120.000000,2.000000,512,10000.000000,200.000000,488,2,25,0,530,0,0.409836,0.003760,129.331672,0.500000,-1.000000,1,0.275033,30.227864,8.994000
s5_traffic,dbr,6,50,5,500.000000,500.000000,3.000000,150.000000,120.000000,2.000000,512,10000.000000,200.000000,490,1,0,0,530,0,0.204082,0.001880,41.053362,2.000000,-1.000000,1,0.294173,28.381412,9.140000
s5_traffic,dbr,7,50,5,500.000000,500.000000,3.000000,150.000000,120.000000,2.000000,512,10000.000000,200.000000,487,1,0,0,532,0,0.205339,0.001880,128.681827,2.000000,-1.000000,1,0.295888,30.220907,9.800000
s5_traffic,dbr,8,50,5,500.000000,500.000000,3.000000,150.000000,120.000000,2.000000,512,10000.000000,200.000000,487,0,0,0,526,0,0.000000,0.000000,0.000000,0.000000,-1.000000,1,0.256736,32.271909,8.870000
s5_traffic,dbr,9,50,5,500.000000,500.000000,3.000000,150.000000,120.000000,2.000000,512,10000.000000,200.000000,488,3,66,0,530,0,0.614754,0.005640,7.601132,1.000000,-1.000000,1,0.295048,30.311143,9.796000
s5_traffic,dbr,10,50,5,500.000000,500.000000,3.000000,150.000000,120.000000,2.000000,512,10000.000000,200.000000,488,8,0,0,534,0,1.639344,0.015040,92.953632,2.875000,-1.000000,1,0.260969,30.031240,8.410000
s5_traffic,dbr,11,50,5,500.000000,500.000000,3.000000,150.000000,120.000000,2.000000,512,10000.000000,200.000000,489,5,45,0,532,0,1.022495,0.009400,109.663619,0.800000,-1.000000,1,0.294405,30.309275,9.770000
s5_traffic,dbr,12,50,5,500.000000,500.000000,3.000000,150.000000,120.000000,2.000000,512,10000.000000,200.000000,488,3,8,0,535,0,0.614754,0.005640,67.272141,1.666667,-1.000000,1,0.275578,30.077879,8.970000
s5_traffic,dbr,13,50,5,500.000000,500.000000,3.000000,150.000000,120.000000,2.000000,512,10000.000000,200.000000,487,3,87,0,532,0,0.616016,0.005640,41.680873,0.333333,-1.000000,1,0.284645,30.108961,9.326000
s5_traffic,dbr,14,50,5,500.000000,500.000000,3.000000,150.000000,120.000000,2.000000,512,10000.000000,200.000000,487,2,6,0,532,0,0.410678,0.003760,6.323116,0.500000,-1.000000,1,0.222273,36.659914,8.572000
s5_traffic,dbr,15,50,5,500.000000,500.000000,3.000000,150.000000,120.000000,2.000000,512,10000.000000,200.000000,488,4,35,0,533,0,0.819672,0.007520,64.603233,3.750000,-1.000000,1,0.239675,33.946605,8.632000
s5_traffic,dbr,16,50,5,500.000000,500.000000,3.000000,150.000000,120.000000,2.000000,512,10000.000000,200.000000,489,1,24,0,529,0,0.204499,0.001880,21.645519,2.000000,-1.000000,1,0.276923,30.034386,9.008000
s5_traffic,dbr,17,50,5,500.000000,500.000000,3.000000,150.000000,120.000000,2.000000,512,10000.000000,200.000000,488,0,0,0,529,0,0.000000,0.000000,0.000000,0.000000,-1.000000,1,0.263630,32.048395,9.080000
s5_traffic,dbr,18,50,5,500.000000,500.000000,3.000000,150.000000,120.000000,2.000000,512,10000.000000,200.000000,488,3,11,0,528,0,0.614754,0.005640,83.276664,2.000000,-1.000000,1,0.229070,35.523528,8.588000
s5_traffic,dbr,19,50,5,500.000000,500.000000,3.000000,150.000000,120.000000,2.000000,512,10000.000000,200.000000,487,1,0,0,529,0,0.205339,0.001880,7.387036,2.000000,-1.000000,1,0.210625,39.219155,8.644000
s5_traffic,dbr,20,50,5,500.000000,500.000000,3.000000,150.000000,120.000000,2.000000,512,10000.000000,200.000000,487,1,67,0,533,0,0.205339,0.001880,5.850429,0.000000,-1.000000,1,0.327986,26.871869,9.876000
s5_traffic,adaptive,1,50,5,500.000000,500.000000,3.000000,150.000000,120.000000,4.000000,512,10000.000000,200.000000,243,32,31,173,1344,22,13.168724,0.559360,2.887018,1.718750,-1.000000,1,0.874640,6.070746,22.594000
s5_traffic,adaptive,2,50,5,500.000000,500.000000,3.000000,150.000000,120.000000,4.000000,512,10000.000000,200.000000,245,76,68,163,1432,21,31.020408,1.287680,2.511705,1.513158,-1.000000,1,0.901471,5.168270,24.868000
s5_traffic,adaptive,3,50,5,500.000000,500.000000,3.000000,150.000000,120.000000,4.000000,512,10000.000000,200.000000,245,83,45,148,1490,23,33.877551,1.469440,2.312371,1.361446,-1.000000,1,0.848226,7.780837,23.528000
s5_traffic,adaptive,5,50,5,500.000000,500.000000,3.000000,150.000000,120.000000,4.000000,512,10000.000000,200.000000,246,37,19,162,1492,24,15.040650,0.623360,1.871430,0.945946,-1.000000,1,0.882594,5.937668,23.710000
s5_traffic,adaptive,6,50,5,500.000000,500.000000,3.000000,150.000000,120.000000,4.000000,512,10000.000000,200.000000,245,21,26,190,1354,26,8.571429,0.334080,2.682079,1.666667,-1.000000,1,0.879878,5.585070,21.762000
s5_traffic,adaptive,4,50,5,500.000000,500.000000,3.000000,150.000000,120.000000,4.000000,512,10000.000000,200.000000,244,103,68,169,1431,17,42.213115,1.879040,1.281265,0.446602,-1.000000,1,0.874367,6.525588,24.230000
s5_traffic,adaptive,7,50,5,500.000000,500.000000,3.000000,150.000000,120.000000,4.000000,512,10000.000000,200.000000,245,41,39,117,1502,35,16.734694,0.628480,3.663628,2.560976,-1.000000,1,0.897159,5.408061,24.868000
s5_traffic,adaptive,8,50,5,500.000000,500.000000,3.000000,150.000000,120.000000,4.000000,512,10000.000000,200.000000,244,30,36,190,1384,27,12.295082,0.403200,3.275350,2.133333,-1.000000,1,0.901886,4.734308,22.882000
s5_traffic,adaptive,9,50,5,500.000000,500.000000,3.000000,150.000000,120.000000,4.000000,512,10000.000000,200.000000,245,56,59,172,1452,23,22.857143,0.993280,1.230609,0.410714,-1.000000,1,0.863925,6.823466,23.242000
s5_traffic,adaptive,10,50,5,500.000000,500.000000,3.000000,150.000000,120.000000,4.000000,512,10000.000000,200.000000,246,22,64,214,1408,15,8.943089,0.239360,2.501609,1.636364,-1.000000,1,0.930365,3.353983,23.214000
s5_traffic,adaptive,11,50,5,500.000000,500.000000,3.000000,150.000000,120.000000,4.000000,512,10000.000000,200.000000,246,77,54,200,1305,21,31.300813,1.327360,1.651688,0.766234,-1.000000,1,0.885597,5.392474,22.138000
s5_traffic,adaptive,12,50,5,500.000000,500.000000,3.000000,150.000000,120.000000,4.000000,512,10000.000000,200.000000,245,64,73,200,1350,21,26.122449,0.984320,2.664201,1.625000,-1.000000,1,0.897649,4.928106,22.776000
s5_traffic,adaptive,13,50,5,500.000000,500.000000,3.000000,150.000000,120.000000,4.000000,512,10000.000000,200.000000,245,71,49,140,1459,30,28.979592,1.262080,1.618673,0.704225,-1.000000,1,0.865115,7.101367,24.420000
s5_traffic,adaptive,15,50,5,500.000000,500.000000,3.000000,150.000000,120.000000,4.000000,512,10000.000000,200.000000,245,55,54,199,1340,10,22.448980,0.972800,2.933946,1.818182,-1.000000,1,0.876659,5.560578,21.060000
s5_traffic,adaptive,14,50,5,500.000000,500.000000,3.000000,150.000000,120.000000,4.000000,512,10000.000000,200.000000,245,20,33,174,1429,24,8.163265,0.236800,1.749958,1.000000,-1.000000,1,0.885044,5.578006,22.782000
s5_traffic,adaptive,16,50,5,500.000000,500.000000,3.000000,150.000000,120.000000,4.000000,512,10000.000000,200.000000,248,21,25,166,1525,14,8.467742,0.334080,2.093878,1.190476,-1.000000,1,0.896200,5.328921,24.264000
s5_traffic,adaptive,17,50,5,500.000000,500.000000,3.000000,150.000000,120.000000,4.000000,512,10000.000000,200.000000,244,30,21,177,1382,15,12.295082,0.422400,2.687596,1.733333,-1.000000,1,0.882871,5.621923,22.506000
s5_traffic,adaptive,18,50,5,500.000000,500.000000,3.000000,150.000000,120.000000,4.000000,512,10000.000000,200.000000,245,53,35,129,1422,20,21.632653,0.951040,2.862695,1.773585,-1.000000,1,0.883456,5.813533,23.398000
s5_traffic,adaptive,19,50,5,500.000000,500.000000,3.000000,150.000000,120.000000,4.000000,512,10000.000000,200.000000,245,48,52,148,1387,12,19.591837,0.791040,3.737476,2.625000,-1.000000,1,0.877024,5.999822,22.796000
s5_traffic,vbf,1,50,5,500.000000,500.000000,3.000000,150.000000,120.000000,4.000000,512,10000.000000,200.000000,243,5,41,0,597,0,2.057613,0.108400,5.391813,1.000000,-1.000000,1,0.541088,13.167127,10.074000
s5_traffic,adaptive,20,50,5,500.000000,500.000000,3.000000,150.000000,120.000000,4.000000,512,10000.000000,200.000000,244,34,41,165,1464,22,13.934426,0.600320,1.344185,0.470588,-1.000000,1,0.901329,4.999594,24.020000
s5_traffic,vbf,2,50,5,500.000000,500.000000,3.000000,150.000000,120.000000,4.000000,512,10000.000000,200.000000,245,14,78,0,674,0,5.714286,0.303520,4.899199,1.000000,-1.000000,1,0.614167,11.892815,11.728000
s5_traffic,vbf,3,50,5,500.000000,500.000000,3.000000,150.000000,120.000000,4.000000,512,10000.000000,200.000000,245,12,69,0,669,0,4.897959,0.260160,4.741632,1.000000,-1.000000,1,0.538609,14.811985,11.238000
s5_traffic,vbf,4,50,5,500.000000,500.000000,3.000000,150.000000,120.000000,4.000000,512,10000.000000,200.000000,244,8,109,0,627,0,3.278689,0.173440,3.065620,1.000000,-1.000000,1,0.555029,13.653604,10.952000
s5_traffic,vbf,6,50,5,500.000000,500.000000,3.000000,150.000000,120.000000,4.000000,512,10000.000000,200.000000,245,4,18,0,582,0,1.632653,0.086720,5.986995,1.000000,-1.000000,1,0.520132,13.337347,9.510000
s5_traffic,vbf,5,50,5,500.000000,500.000000,3.000000,150.000000,120.000000,4.000000,512,10000.000000,200.000000,246,4,32,0,680,0,1.626016,0.086720,3.190151,1.000000,-1.000000,1,0.595904,12.092699,11.174000
s5_traffic,vbf,7,50,5,500.000000,500.000000,3.000000,150.000000,120.000000,4.000000,512,10000.000000,200.000000,245,8,33,0,636,0,3.265306,0.173440,6.969872,1.000000,-1.000000,1,0.637566,10.221275,10.980000
s5_traffic,vbf,8,50,5,500.000000,500.000000,3.000000,150.000000,120.000000,4.000000,512,10000.000000,200.000000,244,6,20,0,601,0,2.459016,0.130080,6.794423,1.000000,-1.000000,1,0.547105,12.963233,10.122000
s5_traffic,vbf,9,50,5,500.000000,500.000000,3.000000,150.000000,120.000000,4.000000,512,10000.000000,200.000000,245,6,79,0,649,0,2.448980,0.130080,3.032352,1.000000,-1.000000,1,0.521040,15.086537,10.790000
s5_traffic,vbf,10,50,5,500.000000,500.000000,3.000000,150.000000,120.000000,4.000000,512,10000.000000,200.000000,246,8,12,0,686,0,3.252033,0.173440,7.531275,1.000000,-1.000000,1,0.632487,10.542451,11.114000
s5_traffic,vbf,11,50,5,500.000000,500.000000,3.000000,150.000000,120.000000,4.000000,512,10000.000000,200.000000,246,11,49,0,522,0,4.471545,0.238480,4.225456,1.000000,-1.000000,1,0.491326,13.886572,8.994000
s5_traffic,vbf,12,50,5,500.000000,500.000000,3.000000,150.000000,120.000000,4.000000,512,10000.000000,200.000000,245,9,46,0,584,0,3.673469,0.195120,5.430489,1.000000,-1.000000,1,0.529888,13.089846,9.644000
s5_traffic,vbf,14,50,5,500.000000,500.000000,3.000000,150.000000,120.000000,4.000000,512,10000.000000,200.000000,245,3,9,0,604,0,1.224490,0.065040,2.905626,1.000000,-1.000000,1,0.465841,16.199682,9.638000
s5_traffic,vbf,13,50,5,500.000000,500.000000,3.000000,150.000000,120.000000,4.000000,512,10000.000000,200.000000,245,10,74,0,651,0,4.081633,0.216800,3.285348,1.000000,-1.000000,1,0.560042,13.174546,10.750000
s5_traffic,vbf,15,50,5,500.000000,500.000000,3.000000,150.000000,120.000000,4.000000,512,10000.000000,200.000000,245,7,49,0,551,0,2.857143,0.151760,4.990238,1.000000,-1.000000,1,0.442835,15.909688,8.764000
s5_traffic,vbf,16,50,5,500.000000,500.000000,3.000000,150.000000,120.000000,4.000000,512,10000.000000,200.000000,248,3,21,0,685,0,1.209677,0.065040,2.738822,1.000000,-1.000000,1,0.620393,10.834987,10.928000
s5_traffic,vbf,17,50,5,500.000000,500.000000,3.000000,150.000000,120.000000,4.000000,512,10000.000000,200.000000,244,3,18,0,592,0,1.229508,0.065040,4.597761,1.000000,-1.000000,1,0.500574,14.261706,9.526000
s5_traffic,vbf,18,50,5,500.000000,500.000000,3.000000,150.000000,120.000000,4.000000,512,10000.000000,200.000000,245,8,70,0,590,0,3.265306,0.173440,6.656136,1.000000,-1.000000,1,0.499018,15.061225,10.008000
s5_traffic,vbf,19,50,5,500.000000,500.000000,3.000000,150.000000,120.000000,4.000000,512,10000.000000,200.000000,245,8,49,0,576,0,3.265306,0.173440,5.725920,1.000000,-1.000000,1,0.436072,16.914732,9.108000
s5_traffic,vbf,20,50,5,500.000000,500.000000,3.000000,150.000000,120.000000,4.000000,512,10000.000000,200.000000,244,3,59,0,672,0,1.229508,0.065040,2.261771,1.000000,-1.000000,1,0.619742,11.446966,11.518000
s5_traffic,hhvbf,1,50,5,500.000000,500.000000,3.000000,150.000000,120.000000,4.000000,512,10000.000000,200.000000,243,5,44,0,665,0,2.057613,0.108400,7.595471,1.000000,-1.000000,1,0.565729,13.430059,11.174000
s5_traffic,hhvbf,2,50,5,500.000000,500.000000,3.000000,150.000000,120.000000,4.000000,512,10000.000000,200.000000,245,14,86,0,734,0,5.714286,0.303520,4.691651,1.000000,-1.000000,1,0.647032,11.272402,12.546000
s5_traffic,hhvbf,3,50,5,500.000000,500.000000,3.000000,150.000000,120.000000,4.000000,512,10000.000000,200.000000,245,12,72,0,722,0,4.897959,0.260160,2.964785,1.000000,-1.000000,1,0.576500,13.642480,11.780000
s5_traffic,hhvbf,4,50,5,500.000000,500.000000,3.000000,150.000000,120.000000,4.000000,512,10000.000000,200.000000,244,8,115,0,680,0,3.278689,0.173440,4.086662,1.000000,-1.000000,1,0.581354,13.284871,11.666000
s5_traffic,hhvbf,5,50,5,500.000000,500.000000,3.000000,150.000000,120.000000,4.000000,512,10000.000000,200.000000,246,4,29,0,744,0,1.626016,0.086720,4.195262,1.000000,-1.000000,1,0.614193,12.167518,12.000000
s5_traffic,hhvbf,6,50,5,500.000000,500.000000,3.000000,150.000000,120.000000,4.000000,512,10000.000000,200.000000,245,5,23,0,645,0,2.040816,0.108400,7.280170,1.000000,-1.000000,1,0.566609,12.466858,10.404000
s5_traffic,hhvbf,7,50,5,500.000000,500.000000,3.000000,150.000000,120.000000,4.000000,512,10000.000000,200.000000,245,10,46,0,760,0,4.081633,0.216800,8.575571,1.000000,-1.000000,1,0.676615,10.298697,12.852000
s5_traffic,hhvbf,8,50,5,500.000000,500.000000,3.000000,150.000000,120.000000,4.000000,512,10000.000000,200.000000,244,8,24,0,664,0,3.278689,0.173440,6.714051,1.000000,-1.000000,1,0.580450,12.579570,11.012000
s5_traffic,hhvbf,10,50,5,500.000000,500.000000,3.000000,150.000000,120.000000,4.000000,512,10000.000000,200.000000,246,9,29,0,760,0,3.658537,0.195120,11.768178,1.000000,-1.000000,1,0.678799,9.761495,12.288000
s5_traffic,hhvbf,9,50,5,500.000000,500.000000,3.000000,150.000000,120.000000,4.000000,512,10000.000000,200.000000,245,7,74,0,747,0,2.857143,0.151760,4.228620,1.000000,-1.000000,1,0.616194,12.261260,12.180000
s5_traffic,hhvbf,11,50,5,500.000000,500.000000,3.000000,150.000000,120.000000,4.000000,512,10000.000000,200.000000,246,11,47,0,577,0,4.471545,0.238480,3.721466,1.000000,-1.000000,1,0.536716,12.948960,9.762000
s5_traffic,hhvbf,12,50,5,500.000000,500.000000,3.000000,150.000000,120.000000,4.000000,512,10000.000000,200.000000,245,10,51,0,657,0,4.081633,0.216800,5.187174,1.000000,-1.000000,1,0.582364,12.078543,10.644000
s5_traffic,hhvbf,13,50,5,500.000000,500.000000,3.000000,150.000000,120.000000,4.000000,512,10000.000000,200.000000,245,10,61,0,716,0,4.081633,0.216800,5.056149,1.000000,-1.000000,1,0.609063,12.220142,11.832000
s5_traffic,hhvbf,15,50,5,500.000000,500.000000,3.000000,150.000000,120.000000,4.000000,512,10000.000000,200.000000,245,7,62,0,591,0,2.857143,0.151760,4.571690,1.000000,-1.000000,1,0.479298,14.942691,9.298000
s5_traffic,hhvbf,14,50,5,500.000000,500.000000,3.000000,150.000000,120.000000,4.000000,512,10000.000000,200.000000,245,8,15,0,680,0,3.265306,0.173440,5.967461,1.000000,-1.000000,1,0.536840,14.274750,10.766000
s5_traffic,hhvbf,16,50,5,500.000000,500.000000,3.000000,150.000000,120.000000,4.000000,512,10000.000000,200.000000,248,3,24,0,761,0,1.209677,0.065040,4.636370,1.000000,-1.000000,1,0.679720,9.687647,12.240000
s5_traffic,hhvbf,18,50,5,500.000000,500.000000,3.000000,150.000000,120.000000,4.000000,512,10000.000000,200.000000,245,6,73,0,608,0,2.448980,0.130080,6.323527,1.000000,-1.000000,1,0.532827,13.713721,10.204000
s5_traffic,hhvbf,17,50,5,500.000000,500.000000,3.000000,150.000000,120.000000,4.000000,512,10000.000000,200.000000,244,5,16,0,617,0,2.049180,0.108400,5.332698,1.000000,-1.000000,1,0.515483,14.170363,9.948000
s5_traffic,hhvbf,19,50,5,500.000000,500.000000,3.000000,150.000000,120.000000,4.000000,512,10000.000000,200.000000,245,8,54,0,642,0,3.265306,0.173440,6.846476,1.000000,-1.000000,1,0.499535,15.347768,10.216000
s5_traffic,dbr,1,50,5,500.000000,500.000000,3.000000,150.000000,120.000000,4.000000,512,10000.000000,200.000000,243,2,6,0,288,0,0.823045,0.003760,80.621406,1.000000,-1.000000,1,0.345262,14.464695,5.670000
s5_traffic,hhvbf,20,50,5,500.000000,500.000000,3.000000,150.000000,120.000000,4.000000,512,10000.000000,200.000000,244,4,62,0,729,0,1.639344,0.086720,2.937368,1.000000,-1.000000,1,0.641387,11.412934,12.436000
s5_traffic,dbr,2,50,5,500.000000,500.000000,3.000000,150.000000,120.000000,4.000000,512,10000.000000,200.000000,245,2,18,0,291,0,0.816327,0.003760,65.989565,2.000000,-1.000000,1,0.371153,12.647263,5.444000
s5_traffic,dbr,4,50,5,500.000000,500.000000,3.000000,150.000000,120.000000,4.000000,512,10000.000000,200.000000,244,3,66,0,290,0,1.229508,0.005640,35.022219,0.333333,-1.000000,1,0.368063,13.454307,5.728000
s5_traffic,dbr,3,50,5,500.000000,500.000000,3.000000,150.000000,120.000000,4.000000,512,10000.000000,200.000000,245,5,31,0,288,0,2.040816,0.009400,114.436596,0.600000,-1.000000,1,0.345124,14.063628,5.510000
s5_traffic,dbr,5,50,5,500.000000,500.000000,3.000000,150.000000,120.000000,4.000000,512,10000.000000,200.000000,246,2,13,0,288,0,0.813008,0.003760,129.259527,0.500000,-1.000000,1,0.309231,14.476784,4.950000
s5_traffic,dbr,6,50,5,500.000000,500.000000,3.000000,150.000000,120.000000,4.000000,512,10000.000000,200.000000,245,1,0,0,285,0,0.408163,0.001880,42.977154,2.000000,-1.000000,1,0.330014,13.506208,5.002000
s5_traffic,dbr,7,50,5,500.000000,500.000000,3.000000,150.000000,120.000000,4.000000,512,10000.000000,200.000000,245,1,0,0,290,0,0.408163,0.001880,130.872832,2.000000,-1.000000,1,0.331328,14.417508,5.366000
s5_traffic,dbr,8,50,5,500.000000,500.000000,3.000000,150.000000,120.000000,4.000000,512,10000.000000,200.000000,244,0,0,0,283,0,0.000000,0.000000,0.000000,0.000000,-1.000000,1,0.291322,15.266725,4.860000
s5_traffic,dbr,9,50,5,500.000000,500.000000,3.000000,150.000000,120.000000,4.000000,512,10000.000000,200.000000,245,3,34,0,287,0,1.224490,0.005640,7.601132,1.000000,-1.000000,1,0.326812,14.561671,5.328000
s5_traffic,dbr,10,50,5,500.000000,500.000000,3.000000,150.000000,120.000000,4.000000,512,10000.000000,200.000000,246,8,0,0,292,0,3.252033,0.015040,94.495679,2.875000,-1.000000,1,0.302409,14.126564,4.702000
s5_traffic,dbr,11,50,5,500.000000,500.000000,3.000000,150.000000,120.000000,4.000000,512,10000.000000,200.000000,246,7,22,0,292,0,2.845528,0.013160,82.591280,2.714286,-1.000000,1,0.335757,14.343983,5.428000
s5_traffic,dbr,12,50,5,500.000000,500.000000,3.000000,150.000000,120.000000,4.000000,512,10000.000000,200.000000,245,3,4,0,292,0,1.224490,0.005640,67.291260,1.666667,-1.000000,1,0.314314,14.227111,4.962000
s5_traffic,dbr,13,50,5,500.000000,500.000000,3.000000,150.000000,120.000000,4.000000,512,10000.000000,200.000000,245,3,41,0,290,0,1.224490,0.005640,41.803089,0.333333,-1.000000,1,0.325093,14.233432,5.174000
s5_traffic,dbr,14,50,5,500.000000,500.000000,3.000000,150.000000,120.000000,4.000000,512,10000.000000,200.000000,245,2,3,0,290,0,0.816327,0.003760,6.323116,0.500000,-1.000000,1,0.256757,17.302247,4.756000
s5_traffic,dbr,15,50,5,500.000000,500.000000,3.000000,150.000000,120.000000,4.000000,512,10000.000000,200.000000,245,5,18,0,290,0,2.040816,0.009400,82.272545,3.400000,-1.000000,1,0.277415,15.917745,4.784000
s5_traffic,dbr,16,50,5,500.000000,500.000000,3.000000,150.000000,120.000000,4.000000,512,10000.000000,200.000000,248,1,13,0,289,0,0.403226,0.001880,21.998654,0.000000,-1.000000,1,0.310943,14.449871,4.974000
s5_traffic,dbr,17,50,5,500.000000,500.000000,3.000000,150.000000,120.000000,4.000000,512,10000.000000,200.000000,244,0,0,0,285,0,0.000000,0.000000,0.000000,0.000000,-1.000000,1,0.295725,15.293227,4.956000
s5_traffic,dbr,18,50,5,500.000000,500.000000,3.000000,150.000000,120.000000,4.000000,512,10000.000000,200.000000,245,3,5,0,285,0,1.224490,0.005640,83.560214,2.000000,-1.000000,1,0.260270,16.870732,4.710000
s5_traffic,dbr,19,50,5,500.000000,500.000000,3.000000,150.000000,120.000000,4.000000,512,10000.000000,200.000000,245,1,0,0,287,0,0.408163,0.001880,7.387036,2.000000,-1.000000,1,0.242553,18.493300,4.766000
s5_traffic,dbr,20,50,5,500.000000,500.000000,3.000000,150.000000,120.000000,4.000000,512,10000.000000,200.000000,244,1,33,0,290,0,0.409836,0.001880,5.850429,0.000000,-1.000000,1,0.367720,12.746442,5.420000
s5_traffic,adaptive,2,50,5,500.000000,500.000000,3.000000,150.000000,120.000000,6.000000,512,10000.000000,200.000000,164,69,82,120,1336,6,42.073171,1.105920,2.453398,1.521739,-1.000000,1,0.927110,3.585062,23.662000
s5_traffic,adaptive,1,50,5,500.000000,500.000000,3.000000,150.000000,120.000000,6.000000,512,10000.000000,200.000000,164,25,35,119,1269,19,15.243902,0.416000,2.659563,1.600000,-1.000000,1,0.899313,4.612335,21.690000
s5_traffic,adaptive,3,50,5,500.000000,500.000000,3.000000,150.000000,120.000000,6.000000,512,10000.000000,200.000000,165,56,47,108,1386,16,33.939394,0.897280,2.271296,1.303571,-1.000000,1,0.873438,6.050918,22.290000
s5_traffic,adaptive,5,50,5,500.000000,500.000000,3.000000,150.000000,120.000000,6.000000,512,10000.000000,200.000000,165,28,18,133,1374,25,16.969697,0.458240,1.649601,0.785714,-1.000000,1,0.905982,4.389007,22.190000
s5_traffic,adaptive,4,50,5,500.000000,500.000000,3.000000,150.000000,120.000000,6.000000,512,10000.000000,200.000000,163,76,83,107,1327,19,46.625767,1.326080,1.188928,0.407895,-1.000000,1,0.890891,5.272157,22.766000
s5_traffic,adaptive,6,50,5,500.000000,500.000000,3.000000,150.000000,120.000000,6.000000,512,10000.000000,200.000000,165,18,28,136,1281,20,10.909091,0.272640,2.798182,1.833333,-1.000000,1,0.899248,4.420540,20.774000
s5_traffic,adaptive,7,50,5,500.000000,500.000000,3.000000,150.000000,120.000000,6.000000,512,10000.000000,200.000000,165,33,43,86,1342,13,20.000000,0.464640,3.441284,2.363636,-1.000000,1,0.926631,3.433521,22.508000
s5_traffic,adaptive,8,50,5,500.000000,500.000000,3.000000,150.000000,120.000000,6.000000,512,10000.000000,200.000000,164,23,38,135,1277,16,14.024390,0.240640,2.240542,1.434783,-1.000000,1,0.915453,3.753855,21.220000
s5_traffic,adaptive,9,50,5,500.000000,500.000000,3.000000,150.000000,120.000000,6.000000,512,10000.000000,200.000000,163,44,64,121,1347,18,26.993865,0.747520,1.698175,0.818182,-1.000000,1,0.890130,5.069149,21.728000
s5_traffic,adaptive,11,50,5,500.000000,500.000000,3.000000,150.000000,120.000000,6.000000,512,10000.000000,200.000000,165,52,56,131,1200,13,31.515152,0.815360,1.505054,0.673077,-1.000000,1,0.912141,3.812532,20.700000
s5_traffic,adaptive,10,50,5,500.000000,500.000000,3.000000,150.000000,120.000000,6.000000,512,10000.000000,200.000000,165,19,68,156,1302,6,11.515152,0.177920,1.453989,0.842105,-1.000000,1,0.953577,2.065138,21.714000
s5_traffic,adaptive,12,50,5,500.000000,500.000000,3.000000,150.000000,120.000000,6.000000,512,10000.000000,200.000000,165,44,76,137,1255,13,26.666667,0.574720,2.677137,1.750000,-1.000000,1,0.915384,3.780797,21.354000
s5_traffic,adaptive,14,50,5,500.000000,500.000000,3.000000,150.000000,120.000000,6.000000,512,10000.000000,200.000000,165,15,33,121,1350,24,9.090909,0.134400,1.733641,1.066667,-1.000000,1,0.908679,4.141010,21.588000
s5_traffic,adaptive,13,50,5,500.000000,500.000000,3.000000,150.000000,120.000000,6.000000,512,10000.000000,200.000000,165,63,42,115,1314,14,38.181818,1.079040,1.785963,0.841270,-1.000000,1,0.892408,5.092911,22.322000
s5_traffic,adaptive,15,50,5,500.000000,500.000000,3.000000,150.000000,120.000000,6.000000,512,10000.000000,200.000000,164,40,57,138,1227,4,24.390244,0.665600,3.080237,1.950000,-1.000000,1,0.914728,3.467761,19.428000
s5_traffic,adaptive,17,50,5,500.000000,500.000000,3.000000,150.000000,120.000000,6.000000,512,10000.000000,200.000000,163,24,27,141,1278,14,14.723926,0.280320,1.582355,0.916667,-1.000000,1,0.915422,3.721320,21.028000
s5_traffic,adaptive,16,50,5,500.000000,500.000000,3.000000,150.000000,120.000000,6.000000,512,10000.000000,200.000000,165,16,26,116,1355,13,9.696970,0.250880,2.526214,1.562500,-1.000000,1,0.929526,3.181544,21.748000
s5_traffic,adaptive,18,50,5,500.000000,500.000000,3.000000,150.000000,120.000000,6.000000,512,10000.000000,200.000000,165,45,42,95,1293,12,27.272727,0.768000,2.754728,1.733333,-1.000000,1,0.910068,4.088356,21.660000
s5_traffic,adaptive,19,50,5,500.000000,500.000000,3.000000,150.000000,120.000000,6.000000,512,10000.000000,200.000000,165,45,67,116,1291,8,27.272727,0.729600,3.677830,2.577778,-1.000000,1,0.912975,3.920441,21.500000
s5_traffic,adaptive,20,50,5,500.000000,500.000000,3.000000,150.000000,120.000000,6.000000,512,10000.000000,200.000000,164,29,38,129,1328,12,17.682927,0.497920,1.607450,0.724138,-1.000000,1,0.926317,3.402567,22.206000
s5_traffic,vbf,1,50,5,500.000000,500.000000,3.000000,150.000000,120.000000,6.000000,512,10000.000000,200.000000,164,5,36,0,480,0,3.048780,0.108400,5.734793,1.000000,-1.000000,1,0.543511,10.915517,8.420000
s5_traffic,vbf,3,50,5,500.000000,500.000000,3.000000,150.000000,120.000000,6.000000,512,10000.000000,200.000000,165,11,63,0,526,0,6.666667,0.238480,4.689858,1.000000,-1.000000,1,0.571323,10.761913,9.128000
s5_traffic,vbf,2,50,5,500.000000,500.000000,3.000000,150.000000,120.000000,6.000000,512,10000.000000,200.000000,164,15,72,0,530,0,9.146341,0.325200,4.361571,1.000000,-1.000000,1,0.634918,9.222285,9.810000
s5_traffic,vbf,4,50,5,500.000000,500.000000,3.000000,150.000000,120.000000,6.000000,512,10000.000000,200.000000,163,8,80,0,503,0,4.907975,0.173440,3.607539,1.000000,-1.000000,1,0.580520,10.411138,9.116000
s5_traffic,vbf,6,50,5,500.000000,500.000000,3.000000,150.000000,120.000000,6.000000,512,10000.000000,200.000000,165,4,14,0,418,0,2.424242,0.086720,5.905155,1.000000,-1.000000,1,0.556407,8.770262,7.068000
s5_traffic,vbf,5,50,5,500.000000,500.000000,3.000000,150.000000,120.000000,6.000000,512,10000.000000,200.000000,165,5,28,0,578,0,3.030303,0.108400,4.389355,1.000000,-1.000000,1,0.615441,9.916450,9.824000
s5_traffic,vbf,7,50,5,500.000000,500.000000,3.000000,150.000000,120.000000,6.000000,512,10000.000000,200.000000,165,8,47,0,571,0,4.848485,0.173440,7.279366,1.000000,-1.000000,1,0.675086,8.229767,10.208000
s5_traffic,vbf,8,50,5,500.000000,500.000000,3.000000,150.000000,120.000000,6.000000,512,10000.000000,200.000000,164,4,22,0,485,0,2.439024,0.086720,5.556594,1.000000,-1.000000,1,0.537422,10.988788,8.304000
s5_traffic,vbf,9,50,5,500.000000,500.000000,3.000000,150.000000,120.000000,6.000000,512,10000.000000,200.000000,163,6,56,0,532,0,3.680982,0.130080,4.008450,1.000000,-1.000000,1,0.556707,11.299915,9.116000
s5_traffic,vbf,10,50,5,500.000000,500.000000,3.000000,150.000000,120.000000,6.000000,512,10000.000000,200.000000,165,8,12,0,525,0,4.848485,0.173440,6.297370,1.000000,-1.000000,1,0.695555,6.667425,8.984000
s5_traffic,vbf,11,50,5,500.000000,500.000000,3.000000,150.000000,120.000000,6.000000,512,10000.000000,200.000000,165,11,34,0,378,0,6.666667,0.238480,3.518179,1.000000,-1.000000,1,0.524626,9.496400,6.874000
s5_traffic,vbf,12,50,5,500.000000,500.000000,3.000000,150.000000,120.000000,6.000000,512,10000.000000,200.000000,165,9,42,0,458,0,5.454545,0.195120,4.401150,1.000000,-1.000000,1,0.566562,9.345655,7.798000
s5_traffic,vbf,14,50,5,500.000000,500.000000,3.000000,150.000000,120.000000,6.000000,512,10000.000000,200.000000,165,6,7,0,520,0,3.636364,0.130080,6.786467,1.000000,-1.000000,1,0.530101,11.924888,8.792000
s5_traffic,vbf,15,50,5,500.000000,500.000000,3.000000,150.000000,120.000000,6.000000,512,10000.000000,200.000000,164,7,55,0,449,0,4.268293,0.151760,5.447545,1.000000,-1.000000,1,0.500382,11.034928,7.366000
s5_traffic,vbf,13,50,5,500.000000,500.000000,3.000000,150.000000,120.000000,6.000000,512,10000.000000,200.000000,165,10,59,0,499,0,6.060606,0.216800,3.618522,1.000000,-1.000000,1,0.575596,10.195380,8.776000
s5_traffic,vbf,16,50,5,500.000000,500.000000,3.000000,150.000000,120.000000,6.000000,512,10000.000000,200.000000,165,3,15,0,564,0,1.818182,0.065040,2.738510,1.000000,-1.000000,1,0.689569,7.216685,9.488000
s5_traffic,vbf,17,50,5,500.000000,500.000000,3.000000,150.000000,120.000000,6.000000,512,10000.000000,200.000000,163,6,16,0,457,0,3.680982,0.130080,5.978693,1.000000,-1.000000,1,0.575147,8.882445,7.634000
s5_traffic,vbf,18,50,5,500.000000,500.000000,3.000000,150.000000,120.000000,6.000000,512,10000.000000,200.000000,165,6,56,0,418,0,3.636364,0.130080,5.472010,1.000000,-1.000000,1,0.524630,10.253297,7.422000
s5_traffic,vbf,19,50,5,500.000000,500.000000,3.000000,150.000000,120.000000,6.000000,512,10000.000000,200.000000,165,8,42,0,499,0,4.848485,0.173440,6.300254,1.000000,-1.000000,1,0.458866,14.107446,8.200000
s5_traffic,vbf,20,50,5,500.000000,500.000000,3.000000,150.000000,120.000000,6.000000,512,10000.000000,200.000000,164,3,45,0,542,0,1.829268,0.065040,2.256422,1.000000,-1.000000,1,0.653496,8.388617,9.568000
s5_traffic,hhvbf,1,50,5,500.000000,500.000000,3.000000,150.000000,120.000000,6.000000,512,10000.000000,200.000000,164,5,45,0,523,0,3.048780,0.108400,5.733629,1.000000,-1.000000,1,0.598877,9.582556,8.948000
s5_traffic,hhvbf,2,50,5,500.000000,500.000000,3.000000,150.000000,120.000000,6.000000,512,10000.000000,200.000000,164,14,59,0,607,0,8.536585,0.303520,4.330142,1.000000,-1.000000,1,0.657364,9.457585,10.948000
s5_traffic,hhvbf,4,50,5,500.000000,500.000000,3.000000,150.000000,120.000000,6.000000,512,10000.000000,200.000000,163,8,79,0,546,0,4.907975,0.173440,3.648937,1.000000,-1.000000,1,0.591632,10.447752,9.510000
s5_traffic,hhvbf,3,50,5,500.000000,500.000000,3.000000,150.000000,120.000000,6.000000,512,10000.000000,200.000000,165,12,70,0,607,0,7.272727,0.260160,3.990707,1.000000,-1.000000,1,0.610788,10.592868,10.320000
s5_traffic,hhvbf,5,50,5,500.000000,500.000000,3.000000,150.000000,120.000000,6.000000,512,10000.000000,200.000000,165,4,27,0,698,0,2.424242,0.086720,3.166100,1.000000,-1.000000,1,0.650376,10.259546,11.564000
s5_traffic,hhvbf,6,50,5,500.000000,500.000000,3.000000,150.000000,120.000000,6.000000,512,10000.000000,200.000000,165,5,25,0,524,0,3.030303,0.108400,7.599971,1.000000,-1.000000,1,0.606419,9.043565,8.674000
s5_traffic,hhvbf,7,50,5,500.000000,500.000000,3.000000,150.000000,120.000000,6.000000,512,10000.000000,200.000000,165,9,43,0,615,0,5.454545,0.195120,8.058923,1.000000,-1.000000,1,0.701012,7.815057,10.772000
s5_traffic,hhvbf,8,50,5,500.000000,500.000000,3.000000,150.000000,120.000000,6.000000,512,10000.000000,200.000000,164,7,22,0,545,0,4.268293,0.151760,7.290638,1.000000,-1.000000,1,0.595170,9.984388,9.202000
s5_traffic,hhvbf,9,50,5,500.000000,500.000000,3.000000,150.000000,120.000000,6.000000,512,10000.000000,200.000000,163,6,65,0,627,0,3.680982,0.130080,4.405294,1.000000,-1.000000,1,0.637375,9.801862,10.522000
s5_traffic,hhvbf,10,50,5,500.000000,500.000000,3.000000,150.000000,120.000000,6.000000,512,10000.000000,200.000000,165,8,14,0,607,0,4.848485,0.173440,7.775874,1.000000,-1.000000,1,0.748982,5.998806,10.234000
s5_traffic,hhvbf,11,50,5,500.000000,500.000000,3.000000,150.000000,120.000000,6.000000,512,10000.000000,200.000000,165,11,39,0,436,0,6.666667,0.238480,3.655387,1.000000,-1.000000,1,0.573570,9.066706,7.750000
s5_traffic,hhvbf,12,50,5,500.000000,500.000000,3.000000,150.000000,120.000000,6.000000,512,10000.000000,200.000000,165,11,49,0,542,0,6.666667,0.238480,5.801049,1.000000,-1.000000,1,0.620893,8.923061,9.016000
s5_traffic,hhvbf,13,50,5,500.000000,500.000000,3.000000,150.000000,120.000000,6.000000,512,10000.000000,200.000000,165,10,74,0,613,0,6.060606,0.216800,4.566200,1.000000,-1.000000,1,0.642406,9.637946,10.542000
s5_traffic,hhvbf,14,50,5,500.000000,500.000000,3.000000,150.000000,120.000000,6.000000,512,10000.000000,200.000000,165,8,15,0,611,0,4.848485,0.173440,6.667409,1.000000,-1.000000,1,0.584333,11.556466,10.254000
s5_traffic,hhvbf,15,50,5,500.000000,500.000000,3.000000,150.000000,120.000000,6.000000,512,10000.000000,200.000000,164,7,57,0,493,0,4.268293,0.151760,5.919621,1.000000,-1.000000,1,0.525747,10.982933,7.980000
s5_traffic,hhvbf,17,50,5,500.000000,500.000000,3.000000,150.000000,120.000000,6.000000,512,10000.000000,200.000000,163,6,17,0,483,0,3.680982,0.130080,5.234737,1.000000,-1.000000,1,0.583023,9.123075,8.058000
s5_traffic,hhvbf,16,50,5,500.000000,500.000000,3.000000,150.000000,120.000000,6.000000,512,10000.000000,200.000000,165,4,16,0,633,0,2.424242,0.086720,3.174642,1.000000,-1.000000,1,0.716200,7.174611,10.550000
s5_traffic,hhvbf,18,50,5,500.000000,500.000000,3.000000,150.000000,120.000000,6.000000,512,10000.000000,200.000000,165,6,64,0,468,0,3.636364,0.130080,5.332120,1.000000,-1.000000,1,0.573683,9.697002,8.292000
s5_traffic,hhvbf,19,50,5,500.000000,500.000000,3.000000,150.000000,120.000000,6.000000,512,10000.000000,200.000000,165,8,48,0,571,0,4.848485,0.173440,6.838341,1.000000,-1.000000,1,0.529470,12.806469,9.422000
s5_traffic,hhvbf,20,50,5,500.000000,500.000000,3.000000,150.000000,120.000000,6.000000,512,10000.000000,200.000000,164,4,52,0,593,0,2.439024,0.086720,2.933798,1.000000,-1.000000,1,0.671094,8.440721,10.306000
s5_traffic,dbr,1,50,5,500.000000,500.000000,3.000000,150.000000,120.000000,6.000000,512,10000.000000,200.000000,164,2,5,0,209,0,1.219512,0.003760,79.519904,1.000000,-1.000000,1,0.377390,9.362240,4.120000
s5_traffic,dbr,2,50,5,500.000000,500.000000,3.000000,150.000000,120.000000,6.000000,512,10000.000000,200.000000,164,2,12,0,210,0,1.219512,0.003760,66.282580,2.000000,-1.000000,1,0.410609,7.993912,3.948000
s5_traffic,dbr,3,50,5,500.000000,500.000000,3.000000,150.000000,120.000000,6.000000,512,10000.000000,200.000000,165,5,20,0,207,0,3.030303,0.009400,114.439553,0.600000,-1.000000,1,0.375877,9.156560,4.008000
s5_traffic,dbr,4,50,5,500.000000,500.000000,3.000000,150.000000,120.000000,6.000000,512,10000.000000,200.000000,163,3,43,0,209,0,1.840491,0.005640,37.097082,0.333333,-1.000000,1,0.403855,8.579249,4.140000
s5_traffic,dbr,5,50,5,500.000000,500.000000,3.000000,150.000000,120.000000,6.000000,512,10000.000000,200.000000,165,2,8,0,207,0,1.212121,0.003760,129.664390,0.500000,-1.000000,1,0.342955,9.329252,3.626000
s5_traffic,dbr,6,50,5,500.000000,500.000000,3.000000,150.000000,120.000000,6.000000,512,10000.000000,200.000000,165,1,0,0,205,0,0.606061,0.001880,43.588282,2.000000,-1.000000,1,0.361029,8.734428,3.626000
s5_traffic,dbr,8,50,5,500.000000,500.000000,3.000000,150.000000,120.000000,6.000000,512,10000.000000,200.000000,164,0,0,0,203,0,0.000000,0.000000,0.000000,0.000000,-1.000000,1,0.325655,9.777973,3.562000
s5_traffic,dbr,7,50,5,500.000000,500.000000,3.000000,150.000000,120.000000,6.000000,512,10000.000000,200.000000,165,1,0,0,208,0,0.606061,0.001880,133.315357,2.000000,-1.000000,1,0.358161,9.375295,3.852000
s5_traffic,dbr,9,50,5,500.000000,500.000000,3.000000,150.000000,120.000000,6.000000,512,10000.000000,200.000000,163,3,22,0,205,0,1.840491,0.005640,7.601132,1.000000,-1.000000,1,0.355911,9.348915,3.810000
s5_traffic,dbr,10,50,5,500.000000,500.000000,3.000000,150.000000,120.000000,6.000000,512,10000.000000,200.000000,165,8,0,0,211,0,4.848485,0.015040,91.894830,2.625000,-1.000000,1,0.343043,8.914706,3.466000
s5_traffic,dbr,11,50,5,500.000000,500.000000,3.000000,150.000000,120.000000,6.000000,512,10000.000000,200.000000,165,7,15,0,210,0,4.242424,0.013160,95.048119,1.571429,-1.000000,1,0.367946,9.225490,3.926000
s5_traffic,dbr,12,50,5,500.000000,500.000000,3.000000,150.000000,120.000000,6.000000,512,10000.000000,200.000000,165,3,2,0,212,0,1.818182,0.005640,69.254042,1.666667,-1.000000,1,0.348451,9.147617,3.628000
s5_traffic,dbr,13,50,5,500.000000,500.000000,3.000000,150.000000,120.000000,6.000000,512,10000.000000,200.000000,165,3,30,0,210,0,1.818182,0.005640,42.518610,0.333333,-1.000000,1,0.367015,9.058175,3.842000
s5_traffic,dbr,14,50,5,500.000000,500.000000,3.000000,150.000000,120.000000,6.000000,512,10000.000000,200.000000,165,2,2,0,209,0,1.212121,0.003760,6.323116,0.500000,-1.000000,1,0.287111,11.089663,3.470000
s5_traffic,dbr,16,50,5,500.000000,500.000000,3.000000,150.000000,120.000000,6.000000,512,10000.000000,200.000000,165,1,8,0,206,0,0.606061,0.001880,24.109245,0.000000,-1.000000,1,0.342183,9.221751,3.574000
s5_traffic,dbr,15,50,5,500.000000,500.000000,3.000000,150.000000,120.000000,6.000000,512,10000.000000,200.000000,164,5,12,0,209,0,3.048780,0.009400,82.365259,3.000000,-1.000000,1,0.309652,10.213408,3.498000
s5_traffic,dbr,17,50,5,500.000000,500.000000,3.000000,150.000000,120.000000,6.000000,512,10000.000000,200.000000,163,0,0,0,204,0,0.000000,0.000000,0.000000,0.000000,-1.000000,1,0.326013,9.808539,3.578000
s5_traffic,dbr,19,50,5,500.000000,500.000000,3.000000,150.000000,120.000000,6.000000,512,10000.000000,200.000000,165,1,0,0,207,0,0.606061,0.001880,7.387036,2.000000,-1.000000,1,0.273127,11.845032,3.496000
s5_traffic,dbr,18,50,5,500.000000,500.000000,3.000000,150.000000,120.000000,6.000000,512,10000.000000,200.000000,165,3,3,0,206,0,1.818182,0.005640,85.400977,2.333333,-1.000000,1,0.293121,10.827214,3.472000
s5_traffic,dbr,20,50,5,500.000000,500.000000,3.000000,150.000000,120.000000,6.000000,512,10000.000000,200.000000,164,1,23,0,210,0,0.609756,0.001880,5.850429,0.000000,-1.000000,1,0.404382,8.191376,3.960000
s5_traffic,adaptive,2,50,5,500.000000,500.000000,3.000000,150.000000,120.000000,8.000000,512,10000.000000,200.000000,124,64,80,94,1261,5,51.612903,1.003520,2.381892,1.468750,-1.000000,1,0.933276,3.148319,22.778000
s5_traffic,adaptive,1,50,5,500.000000,500.000000,3.000000,150.000000,120.000000,8.000000,512,10000.000000,200.000000,123,23,33,91,1229,8,18.699187,0.375040,2.600365,1.521739,-1.000000,1,0.917912,3.619711,21.104000
s5_traffic,adaptive,3,50,5,500.000000,500.000000,3.000000,150.000000,120.000000,8.000000,512,10000.000000,200.000000,124,45,45,86,1262,14,36.290323,0.652800,2.157769,1.266667,-1.000000,1,0.895471,4.517668,20.418000
s5_traffic,adaptive,4,50,5,500.000000,500.000000,3.000000,150.000000,120.000000,8.000000,512,10000.000000,200.000000,123,56,94,77,1274,19,45.528455,0.916480,1.140850,0.392857,-1.000000,1,0.916982,3.760514,21.668000
s5_traffic,adaptive,5,50,5,500.000000,500.000000,3.000000,150.000000,120.000000,8.000000,512,10000.000000,200.000000,125,20,23,90,1258,15,16.000000,0.294400,1.396776,0.650000,-1.000000,1,0.930374,2.954542,20.452000
s5_traffic,adaptive,6,50,5,500.000000,500.000000,3.000000,150.000000,120.000000,8.000000,512,10000.000000,200.000000,125,15,27,92,1212,9,12.000000,0.211200,2.457830,1.533333,-1.000000,1,0.917763,3.398694,19.778000
s5_traffic,adaptive,7,50,5,500.000000,500.000000,3.000000,150.000000,120.000000,8.000000,512,10000.000000,200.000000,125,42,45,67,1284,11,33.600000,0.668160,4.021984,2.761905,-1.000000,1,0.927897,3.275735,21.866000
s5_traffic,adaptive,8,50,5,500.000000,500.000000,3.000000,150.000000,120.000000,8.000000,512,10000.000000,200.000000,122,25,35,119,1248,19,20.491803,0.281600,2.881519,2.040000,-1.000000,1,0.917900,3.597592,20.972000
s5_traffic,adaptive,9,50,5,500.000000,500.000000,3.000000,150.000000,120.000000,8.000000,512,10000.000000,200.000000,124,36,71,96,1279,12,29.032258,0.583680,1.579682,0.750000,-1.000000,1,0.904640,4.148758,20.664000
s5_traffic,adaptive,10,50,5,500.000000,500.000000,3.000000,150.000000,120.000000,8.000000,512,10000.000000,200.000000,125,17,71,107,1224,8,13.600000,0.136960,1.585420,1.000000,-1.000000,1,0.960133,1.668503,20.500000
s5_traffic,adaptive,11,50,5,500.000000,500.000000,3.000000,150.000000,120.000000,8.000000,512,10000.000000,200.000000,125,43,57,106,1160,5,34.400000,0.611840,1.467893,0.697674,-1.000000,1,0.928950,2.949497,19.992000
s5_traffic,adaptive,12,50,5,500.000000,500.000000,3.000000,150.000000,120.000000,8.000000,512,10000.000000,200.000000,125,43,83,101,1210,11,34.400000,0.554240,2.693403,1.744186,-1.000000,1,0.919681,3.508296,20.926000
s5_traffic,adaptive,13,50,5,500.000000,500.000000,3.000000,150.000000,120.000000,8.000000,512,10000.000000,200.000000,126,50,57,87,1242,9,39.682540,0.812800,1.273909,0.480000,-1.000000,1,0.904675,4.303697,21.444000
s5_traffic,adaptive,14,50,5,500.000000,500.000000,3.000000,150.000000,120.000000,8.000000,512,10000.000000,200.000000,124,14,33,106,1264,15,11.290323,0.113920,1.356891,0.785714,-1.000000,1,0.924534,3.200573,20.374000
s5_traffic,adaptive,15,50,5,500.000000,500.000000,3.000000,150.000000,120.000000,8.000000,512,10000.000000,200.000000,124,43,58,104,1200,8,34.677419,0.727040,3.073058,1.953488,-1.000000,1,0.925531,2.944266,19.004000
s5_traffic,adaptive,16,50,5,500.000000,500.000000,3.000000,150.000000,120.000000,8.000000,512,10000.000000,200.000000,125,16,26,97,1298,15,12.800000,0.212480,1.846752,1.062500,-1.000000,1,0.941727,2.524856,21.014000
s5_traffic,adaptive,17,50,5,500.000000,500.000000,3.000000,150.000000,120.000000,8.000000,512,10000.000000,200.000000,123,19,24,101,1211,10,15.447154,0.197120,1.618880,1.000000,-1.000000,1,0.936187,2.612845,19.798000
s5_traffic,adaptive,18,50,5,500.000000,500.000000,3.000000,150.000000,120.000000,8.000000,512,10000.000000,200.000000,124,36,47,66,1204,6,29.032258,0.583680,2.196921,1.277778,-1.000000,1,0.928131,3.036816,20.340000
s5_traffic,adaptive,19,50,5,500.000000,500.000000,3.000000,150.000000,120.000000,8.000000,512,10000.000000,200.000000,125,36,66,74,1220,3,28.800000,0.545280,3.054162,2.083333,-1.000000,1,0.920737,3.398575,20.554000
s5_traffic,vbf,1,50,5,500.000000,500.000000,3.000000,150.000000,120.000000,8.000000,512,10000.000000,200.000000,123,5,32,0,395,0,4.065041,0.108400,4.161511,1.000000,-1.000000,1,0.559961,8.512495,6.944000
s5_traffic,adaptive,20,50,5,500.000000,500.000000,3.000000,150.000000,120.000000,8.000000,512,10000.000000,200.000000,124,24,40,99,1267,8,19.354839,0.395520,1.938262,1.000000,-1.000000,1,0.940876,2.580971,21.162000
s5_traffic,vbf,2,50,5,500.000000,500.000000,3.000000,150.000000,120.000000,8.000000,512,10000.000000,200.000000,124,14,59,0,425,0,11.290323,0.303520,4.213966,1.000000,-1.000000,1,0.652206,6.947981,7.886000
s5_traffic,vbf,3,50,5,500.000000,500.000000,3.000000,150.000000,120.000000,8.000000,512,10000.000000,200.000000,124,11,40,0,406,0,8.870968,0.238480,4.718365,1.000000,-1.000000,1,0.576271,8.282389,7.146000
s5_traffic,vbf,4,50,5,500.000000,500.000000,3.000000,150.000000,120.000000,8.000000,512,10000.000000,200.000000,123,8,57,0,389,0,6.504065,0.173440,2.292841,1.000000,-1.000000,1,0.587221,7.948363,7.124000
s5_traffic,vbf,5,50,5,500.000000,500.000000,3.000000,150.000000,120.000000,8.000000,512,10000.000000,200.000000,125,5,21,0,409,0,4.000000,0.108400,3.910551,1.000000,-1.000000,1,0.603894,7.433623,7.066000
s5_traffic,vbf,6,50,5,500.000000,500.000000,3.000000,150.000000,120.000000,8.000000,512,10000.000000,200.000000,125,4,13,0,357,0,3.200000,0.086720,6.452654,1.000000,-1.000000,1,0.557716,7.584809,6.140000
s5_traffic,vbf,7,50,5,500.000000,500.000000,3.000000,150.000000,120.000000,8.000000,512,10000.000000,200.000000,125,10,32,0,431,0,8.000000,0.216800,6.776050,1.000000,-1.000000,1,0.691392,5.920440,7.842000
s5_traffic,vbf,8,50,5,500.000000,500.000000,3.000000,150.000000,120.000000,8.000000,512,10000.000000,200.000000,122,4,18,0,373,0,3.278689,0.086720,6.122844,1.000000,-1.000000,1,0.561566,8.012369,6.572000
s5_traffic,vbf,9,50,5,500.000000,500.000000,3.000000,150.000000,120.000000,8.000000,512,10000.000000,200.000000,124,6,47,0,427,0,4.838710,0.130080,3.186799,1.000000,-1.000000,1,0.568754,8.711728,7.324000
s5_traffic,vbf,10,50,5,500.000000,500.000000,3.000000,150.000000,120.000000,8.000000,512,10000.000000,200.000000,125,8,9,0,412,0,6.400000,0.173440,6.550758,1.000000,-1.000000,1,0.702880,5.131005,7.128000
s5_traffic,vbf,11,50,5,500.000000,500.000000,3.000000,150.000000,120.000000,8.000000,512,10000.000000,200.000000,125,11,23,0,315,0,8.800000,0.238480,4.384269,1.000000,-1.000000,1,0.520548,8.153740,5.822000
s5_traffic,vbf,12,50,5,500.000000,500.000000,3.000000,150.000000,120.000000,8.000000,512,10000.000000,200.000000,125,8,29,0,340,0,6.400000,0.173440,5.513196,1.000000,-1.000000,1,0.554948,7.240219,5.806000
s5_traffic,vbf,13,50,5,500.000000,500.000000,3.000000,150.000000,120.000000,8.000000,512,10000.000000,200.000000,126,10,58,0,412,0,7.936508,0.216800,4.666964,1.000000,-1.000000,1,0.532254,9.977912,7.410000
s5_traffic,vbf,14,50,5,500.000000,500.000000,3.000000,150.000000,120.000000,8.000000,512,10000.000000,200.000000,124,3,4,0,396,0,2.419355,0.065040,2.885750,1.000000,-1.000000,1,0.492898,10.496476,6.834000
s5_traffic,vbf,15,50,5,500.000000,500.000000,3.000000,150.000000,120.000000,8.000000,512,10000.000000,200.000000,124,7,31,0,337,0,5.645161,0.151760,5.421466,1.000000,-1.000000,1,0.503357,8.208603,5.534000
s5_traffic,vbf,16,50,5,500.000000,500.000000,3.000000,150.000000,120.000000,8.000000,512,10000.000000,200.000000,125,3,14,0,436,0,2.400000,0.065040,3.856515,1.000000,-1.000000,1,0.677562,5.851670,7.330000
s5_traffic,vbf,17,50,5,500.000000,500.000000,3.000000,150.000000,120.000000,8.000000,512,10000.000000,200.000000,123,7,15,0,340,0,5.691057,0.151760,5.484551,1.000000,-1.000000,1,0.563074,7.044473,5.808000
s5_traffic,vbf,19,50,5,500.000000,500.000000,3.000000,150.000000,120.000000,8.000000,512,10000.000000,200.000000,125,8,33,0,361,0,6.400000,0.173440,7.465856,1.000000,-1.000000,1,0.471998,10.090688,6.128000
s5_traffic,vbf,18,50,5,500.000000,500.000000,3.000000,150.000000,120.000000,8.000000,512,10000.000000,200.000000,124,7,43,0,373,0,5.645161,0.151760,5.308687,1.000000,-1.000000,1,0.555638,8.350352,6.712000
s5_traffic,vbf,20,50,5,500.000000,500.000000,3.000000,150.000000,120.000000,8.000000,512,10000.000000,200.000000,124,3,31,0,423,0,2.419355,0.065040,3.514746,1.000000,-1.000000,1,0.656410,6.592875,7.604000
s5_traffic,hhvbf,1,50,5,500.000000,500.000000,3.000000,150.000000,120.000000,8.000000,512,10000.000000,200.000000,123,5,36,0,427,0,4.065041,0.108400,4.750631,1.000000,-1.000000,1,0.580433,8.508727,7.448000
s5_traffic,hhvbf,2,50,5,500.000000,500.000000,3.000000,150.000000,120.000000,8.000000,512,10000.000000,200.000000,124,14,50,0,475,0,11.290323,0.303520,4.671058,1.000000,-1.000000,1,0.655214,7.509803,8.622000
s5_traffic,hhvbf,4,50,5,500.000000,500.000000,3.000000,150.000000,120.000000,8.000000,512,10000.000000,200.000000,123,9,62,0,430,0,7.317073,0.195120,4.565175,1.000000,-1.000000,1,0.606323,8.112180,7.778000
s5_traffic,hhvbf,3,50,5,500.000000,500.000000,3.000000,150.000000,120.000000,8.000000,512,10000.000000,200.000000,124,12,49,0,495,0,9.677419,0.260160,5.605854,1.000000,-1.000000,1,0.601873,9.123216,8.610000
s5_traffic,hhvbf,5,50,5,500.000000,500.000000,3.000000,150.000000,120.000000,8.000000,512,10000.000000,200.000000,125,4,19,0,475,0,3.200000,0.086720,3.538540,1.000000,-1.000000,1,0.642802,7.425418,8.134000
s5_traffic,hhvbf,6,50,5,500.000000,500.000000,3.000000,150.000000,120.000000,8.000000,512,10000.000000,200.000000,125,5,23,0,440,0,4.000000,0.108400,6.619075,1.000000,-1.000000,1,0.614222,7.609977,7.506000
s5_traffic,hhvbf,7,50,5,500.000000,500.000000,3.000000,150.000000,120.000000,8.000000,512,10000.000000,200.000000,125,9,35,0,558,0,7.200000,0.195120,7.859118,1.000000,-1.000000,1,0.712006,6.913689,9.984000
s5_traffic,hhvbf,8,50,5,500.000000,500.000000,3.000000,150.000000,120.000000,8.000000,512,10000.000000,200.000000,122,6,24,0,424,0,4.918033,0.130080,7.719833,1.000000,-1.000000,1,0.599747,7.744525,7.254000
s5_traffic,hhvbf,9,50,5,500.000000,500.000000,3.000000,150.000000,120.000000,8.000000,512,10000.000000,200.000000,124,7,52,0,495,0,5.645161,0.151760,4.185953,1.000000,-1.000000,1,0.641432,7.742539,8.438000
s5_traffic,hhvbf,10,50,5,500.000000,500.000000,3.000000,150.000000,120.000000,8.000000,512,10000.000000,200.000000,125,8,13,0,478,0,6.400000,0.173440,8.084481,1.000000,-1.000000,1,0.757502,4.553906,8.094000
s5_traffic,hhvbf,11,50,5,500.000000,500.000000,3.000000,150.000000,120.000000,8.000000,512,10000.000000,200.000000,125,10,28,0,364,0,8.000000,0.216800,4.167715,1.000000,-1.000000,1,0.575576,7.623835,6.562000
s5_traffic,hhvbf,12,50,5,500.000000,500.000000,3.000000,150.000000,120.000000,8.000000,512,10000.000000,200.000000,125,9,32,0,402,0,7.200000,0.195120,6.376018,1.000000,-1.000000,1,0.614361,6.827935,6.738000
s5_traffic,hhvbf,13,50,5,500.000000,500.000000,3.000000,150.000000,120.000000,8.000000,512,10000.000000,200.000000,126,10,61,0,482,0,7.936508,0.216800,5.457926,1.000000,-1.000000,1,0.600979,8.990626,8.458000
s5_traffic,hhvbf,14,50,5,500.000000,500.000000,3.000000,150.000000,120.000000,8.000000,512,10000.000000,200.000000,124,5,8,0,462,0,4.032258,0.108400,4.875416,1.000000,-1.000000,1,0.574253,9.208740,7.890000
s5_traffic,hhvbf,15,50,5,500.000000,500.000000,3.000000,150.000000,120.000000,8.000000,512,10000.000000,200.000000,124,7,32,0,372,0,5.645161,0.151760,4.740320,1.000000,-1.000000,1,0.545311,7.854720,6.096000
s5_traffic,hhvbf,16,50,5,500.000000,500.000000,3.000000,150.000000,120.000000,8.000000,512,10000.000000,200.000000,125,4,17,0,546,0,3.200000,0.086720,7.313587,1.000000,-1.000000,1,0.705632,6.493497,9.126000
s5_traffic,hhvbf,17,50,5,500.000000,500.000000,3.000000,150.000000,120.000000,8.000000,512,10000.000000,200.000000,123,8,14,0,368,0,6.504065,0.173440,6.721634,1.000000,-1.000000,1,0.579265,7.182895,6.262000
s5_traffic,hhvbf,18,50,5,500.000000,500.000000,3.000000,150.000000,120.000000,8.000000,512,10000.000000,200.000000,124,8,43,0,424,0,6.451613,0.173440,5.857108,1.000000,-1.000000,1,0.615522,7.477554,7.410000
s5_traffic,hhvbf,19,50,5,500.000000,500.000000,3.000000,150.000000,120.000000,8.000000,512,10000.000000,200.000000,125,9,42,0,418,0,7.200000,0.195120,7.216698,1.000000,-1.000000,1,0.524420,9.721380,7.032000
s5_traffic,dbr,1,50,5,500.000000,500.000000,3.000000,150.000000,120.000000,8.000000,512,10000.000000,200.000000,123,2,3,0,168,0,1.626016,0.003760,82.264049,1.000000,-1.000000,1,0.407904,6.793104,3.324000
s5_traffic,hhvbf,20,50,5,500.000000,500.000000,3.000000,150.000000,120.000000,8.000000,512,10000.000000,200.000000,124,4,44,0,493,0,3.225806,0.086720,2.922490,1.000000,-1.000000,1,0.669108,7.096951,8.598000
s5_traffic,dbr,2,50,5,500.000000,500.000000,3.000000,150.000000,120.000000,8.000000,512,10000.000000,200.000000,124,2,8,0,170,0,1.612903,0.003760,67.961381,2.000000,-1.000000,1,0.449003,5.736328,3.226000
s5_traffic,dbr,3,50,5,500.000000,500.000000,3.000000,150.000000,120.000000,8.000000,512,10000.000000,200.000000,124,5,13,0,166,0,4.032258,0.009400,116.381333,0.600000,-1.000000,1,0.405501,6.663935,3.234000
s5_traffic,dbr,4,50,5,500.000000,500.000000,3.000000,150.000000,120.000000,8.000000,512,10000.000000,200.000000,123,3,32,0,169,0,2.439024,0.005640,36.270840,0.333333,-1.000000,1,0.437223,6.204692,3.354000
s5_traffic,dbr,5,50,5,500.000000,500.000000,3.000000,150.000000,120.000000,8.000000,512,10000.000000,200.000000,125,2,6,0,167,0,1.600000,0.003760,132.324068,0.500000,-1.000000,1,0.372238,6.808409,2.942000
s5_traffic,dbr,6,50,5,500.000000,500.000000,3.000000,150.000000,120.000000,8.000000,512,10000.000000,200.000000,125,1,0,0,165,0,0.800000,0.001880,40.173711,2.000000,-1.000000,1,0.392713,6.392110,2.968000
s5_traffic,dbr,7,50,5,500.000000,500.000000,3.000000,150.000000,120.000000,8.000000,512,10000.000000,200.000000,125,1,0,0,168,0,0.800000,0.001880,134.075772,2.000000,-1.000000,1,0.391801,6.801299,3.148000
s5_traffic,dbr,9,50,5,500.000000,500.000000,3.000000,150.000000,120.000000,8.000000,512,10000.000000,200.000000,124,3,17,0,166,0,2.419355,0.005640,7.601132,1.000000,-1.000000,1,0.386267,6.872154,3.120000
s5_traffic,dbr,8,50,5,500.000000,500.000000,3.000000,150.000000,120.000000,8.000000,512,10000.000000,200.000000,122,0,0,0,161,0,0.000000,0.000000,0.000000,0.000000,-1.000000,1,0.359534,6.945843,2.868000
s5_traffic,dbr,10,50,5,500.000000,500.000000,3.000000,150.000000,120.000000,8.000000,512,10000.000000,200.000000,125,8,0,0,171,0,6.400000,0.015040,96.247357,2.875000,-1.000000,1,0.380757,6.413397,2.856000
s5_traffic,dbr,11,50,5,500.000000,500.000000,3.000000,150.000000,120.000000,8.000000,512,10000.000000,200.000000,125,7,11,0,170,0,5.600000,0.013160,96.888381,1.571429,-1.000000,1,0.400632,6.722130,3.208000
s5_traffic,dbr,12,50,5,500.000000,500.000000,3.000000,150.000000,120.000000,8.000000,512,10000.000000,200.000000,125,3,1,0,172,0,2.400000,0.005640,68.550122,1.666667,-1.000000,1,0.380097,6.657890,2.958000
s5_traffic,dbr,13,50,5,500.000000,500.000000,3.000000,150.000000,120.000000,8.000000,512,10000.000000,200.000000,126,3,22,0,171,0,2.380952,0.005640,43.838788,0.333333,-1.000000,1,0.396384,6.689721,3.146000
s5_traffic,dbr,14,50,5,500.000000,500.000000,3.000000,150.000000,120.000000,8.000000,512,10000.000000,200.000000,124,2,2,0,169,0,1.612903,0.003760,6.323116,0.500000,-1.000000,1,0.321698,7.914548,2.840000
s5_traffic,dbr,15,50,5,500.000000,500.000000,3.000000,150.000000,120.000000,8.000000,512,10000.000000,200.000000,124,5,8,0,169,0,4.032258,0.009400,83.537648,3.000000,-1.000000,1,0.342605,7.337042,2.848000
s5_traffic,dbr,16,50,5,500.000000,500.000000,3.000000,150.000000,120.000000,8.000000,512,10000.000000,200.000000,125,1,7,0,166,0,0.800000,0.001880,21.834739,0.000000,-1.000000,1,0.371445,6.748724,2.908000
s5_traffic,dbr,17,50,5,500.000000,500.000000,3.000000,150.000000,120.000000,8.000000,512,10000.000000,200.000000,123,0,0,0,164,0,0.000000,0.000000,0.000000,0.000000,-1.000000,1,0.354507,7.176977,2.910000
s5_traffic,dbr,18,50,5,500.000000,500.000000,3.000000,150.000000,120.000000,8.000000,512,10000.000000,200.000000,124,3,2,0,165,0,2.419355,0.005640,85.599807,2.333333,-1.000000,1,0.323579,7.802543,2.820000
s5_traffic,dbr,19,50,5,500.000000,500.000000,3.000000,150.000000,120.000000,8.000000,512,10000.000000,200.000000,125,1,0,0,167,0,0.800000,0.001880,7.387036,2.000000,-1.000000,1,0.306063,8.480977,2.864000
s5_traffic,dbr,20,50,5,500.000000,500.000000,3.000000,150.000000,120.000000,8.000000,512,10000.000000,200.000000,124,1,17,0,170,0,0.806452,0.001880,5.850429,0.000000,-1.000000,1,0.435011,5.982743,3.210000
s5_traffic,adaptive,2,50,5,500.000000,500.000000,3.000000,150.000000,120.000000,10.000000,512,10000.000000,200.000000,100,45,85,75,1200,10,45.000000,0.633600,2.326774,1.422222,-1.000000,1,0.937062,2.846666,21.880000
s5_traffic,adaptive,1,50,5,500.000000,500.000000,3.000000,150.000000,120.000000,10.000000,512,10000.000000,200.000000,99,18,29,72,1162,11,18.181818,0.272640,2.771254,1.666667,-1.000000,1,0.936935,2.568125,19.698000
s5_traffic,adaptive,3,50,5,500.000000,500.000000,3.000000,150.000000,120.000000,10.000000,512,10000.000000,200.000000,100,42,44,65,1225,14,42.000000,0.610560,1.825538,1.047619,-1.000000,1,0.907408,3.838936,19.724000
s5_traffic,adaptive,4,50,5,500.000000,500.000000,3.000000,150.000000,120.000000,10.000000,512,10000.000000,200.000000,99,47,87,61,1187,12,47.474747,0.732160,1.210973,0.446809,-1.000000,1,0.924898,3.187952,20.396000
s5_traffic,adaptive,5,50,5,500.000000,500.000000,3.000000,150.000000,120.000000,10.000000,512,10000.000000,200.000000,100,17,23,67,1233,16,17.000000,0.213760,1.553316,0.823529,-1.000000,1,0.929825,2.937669,20.170000
s5_traffic,adaptive,6,50,5,500.000000,500.000000,3.000000,150.000000,120.000000,10.000000,512,10000.000000,200.000000,100,14,27,74,1163,9,14.000000,0.190720,2.326125,1.428571,-1.000000,1,0.924033,2.998767,18.958000
s5_traffic,adaptive,7,50,5,500.000000,500.000000,3.000000,150.000000,120.000000,10.000000,512,10000.000000,200.000000,100,25,39,65,1235,7,25.000000,0.300800,2.925845,2.000000,-1.000000,1,0.932328,2.944510,20.994000
s5_traffic,adaptive,8,50,5,500.000000,500.000000,3.000000,150.000000,120.000000,10.000000,512,10000.000000,200.000000,99,23,41,97,1183,11,23.232323,0.240640,2.320022,1.434783,-1.000000,1,0.937093,2.599683,19.992000
s5_traffic,adaptive,9,50,5,500.000000,500.000000,3.000000,150.000000,120.000000,10.000000,512,10000.000000,200.000000,100,29,63,74,1192,11,29.000000,0.440320,1.333782,0.586207,-1.000000,1,0.934418,2.600747,19.156000
s5_traffic,adaptive,10,50,5,500.000000,500.000000,3.000000,150.000000,120.000000,10.000000,512,10000.000000,200.000000,100,15,71,94,1183,8,15.000000,0.096000,0.903865,0.466667,-1.000000,1,0.961893,1.554625,20.002000
s5_traffic,adaptive,11,50,5,500.000000,500.000000,3.000000,150.000000,120.000000,10.000000,512,10000.000000,200.000000,100,36,54,79,1115,7,36.000000,0.468480,1.350437,0.638889,-1.000000,1,0.942828,2.260072,19.184000
s5_traffic,adaptive,12,50,5,500.000000,500.000000,3.000000,150.000000,120.000000,10.000000,512,10000.000000,200.000000,100,36,80,90,1170,11,36.000000,0.410880,2.014278,1.222222,-1.000000,1,0.926638,3.067094,20.108000
s5_traffic,adaptive,13,50,5,500.000000,500.000000,3.000000,150.000000,120.000000,10.000000,512,10000.000000,200.000000,101,43,55,75,1224,7,42.574257,0.669440,1.883072,0.953488,-1.000000,1,0.913400,3.845178,21.196000
s5_traffic,adaptive,14,50,5,500.000000,500.000000,3.000000,150.000000,120.000000,10.000000,512,10000.000000,200.000000,100,11,32,84,1205,7,11.000000,0.052480,0.622831,0.272727,-1.000000,1,0.938986,2.438210,19.352000
s5_traffic,adaptive,15,50,5,500.000000,500.000000,3.000000,150.000000,120.000000,10.000000,512,10000.000000,200.000000,100,34,59,83,1162,7,34.000000,0.542720,2.528765,1.558824,-1.000000,1,0.932813,2.574895,18.496000
s5_traffic,adaptive,16,50,5,500.000000,500.000000,3.000000,150.000000,120.000000,10.000000,512,10000.000000,200.000000,100,14,25,87,1234,16,14.000000,0.171520,1.357901,0.714286,-1.000000,1,0.945829,2.243157,20.128000
s5_traffic,adaptive,17,50,5,500.000000,500.000000,3.000000,150.000000,120.000000,10.000000,512,10000.000000,200.000000,99,21,26,78,1152,6,21.212121,0.218880,1.917035,1.190476,-1.000000,1,0.945849,2.109279,18.934000
s5_traffic,adaptive,18,50,5,500.000000,500.000000,3.000000,150.000000,120.000000,10.000000,512,10000.000000,200.000000,100,35,45,56,1196,10,35.000000,0.563200,2.744973,1.742857,-1.000000,1,0.930919,2.909912,20.308000
s5_traffic,adaptive,19,50,5,500.000000,500.000000,3.000000,150.000000,120.000000,10.000000,512,10000.000000,200.000000,100,37,63,62,1191,5,37.000000,0.565760,3.907115,2.783784,-1.000000,1,0.929882,2.932884,20.154000
s5_traffic,adaptive,20,50,5,500.000000,500.000000,3.000000,150.000000,120.000000,10.000000,512,10000.000000,200.000000,99,21,37,77,1185,7,21.212121,0.334080,2.345386,1.428571,-1.000000,1,0.946088,2.211067,19.938000
s5_traffic,vbf,1,50,5,500.000000,500.000000,3.000000,150.000000,120.000000,10.000000,512,10000.000000,200.000000,99,5,15,0,319,0,5.050505,0.108400,6.085638,1.000000,-1.000000,1,0.564410,6.906050,5.720000
s5_traffic,vbf,2,50,5,500.000000,500.000000,3.000000,150.000000,120.000000,10.000000,512,10000.000000,200.000000,100,14,40,0,330,0,14.000000,0.303520,4.137237,1.000000,-1.000000,1,0.640961,5.673283,6.172000
s5_traffic,vbf,3,50,5,500.000000,500.000000,3.000000,150.000000,120.000000,10.000000,512,10000.000000,200.000000,100,11,41,0,344,0,11.000000,0.238480,4.654842,1.000000,-1.000000,1,0.561220,7.623952,6.246000
s5_traffic,vbf,4,50,5,500.000000,500.000000,3.000000,150.000000,120.000000,10.000000,512,10000.000000,200.000000,99,8,42,0,327,0,8.080808,0.173440,3.044964,1.000000,-1.000000,1,0.572497,7.061857,6.014000
s5_traffic,vbf,5,50,5,500.000000,500.000000,3.000000,150.000000,120.000000,10.000000,512,10000.000000,200.000000,100,5,13,0,361,0,5.000000,0.108400,4.329976,1.000000,-1.000000,1,0.614639,6.270389,6.194000
s5_traffic,vbf,6,50,5,500.000000,500.000000,3.000000,150.000000,120.000000,10.000000,512,10000.000000,200.000000,100,4,11,0,268,0,4.000000,0.086720,6.404070,1.000000,-1.000000,1,0.567656,5.480341,4.590000
s5_traffic,vbf,7,50,5,500.000000,500.000000,3.000000,150.000000,120.000000,10.000000,512,10000.000000,200.000000,100,9,34,0,377,0,9.000000,0.195120,6.573420,1.000000,-1.000000,1,0.672052,5.750666,7.048000
s5_traffic,vbf,8,50,5,500.000000,500.000000,3.000000,150.000000,120.000000,10.000000,512,10000.000000,200.000000,99,5,10,0,298,0,5.050505,0.108400,6.947597,1.000000,-1.000000,1,0.568285,6.297708,5.286000
s5_traffic,vbf,9,50,5,500.000000,500.000000,3.000000,150.000000,120.000000,10.000000,512,10000.000000,200.000000,100,6,40,0,323,0,6.000000,0.130080,2.861407,1.000000,-1.000000,1,0.568605,6.700173,5.630000
s5_traffic,vbf,11,50,5,500.000000,500.000000,3.000000,150.000000,120.000000,10.000000,512,10000.000000,200.000000,100,10,22,0,246,0,10.000000,0.216800,3.598491,1.000000,-1.000000,1,0.559846,5.597096,4.564000
s5_traffic,vbf,10,50,5,500.000000,500.000000,3.000000,150.000000,120.000000,10.000000,512,10000.000000,200.000000,100,8,11,0,349,0,8.000000,0.173440,6.955092,1.000000,-1.000000,1,0.713051,4.224486,6.128000
s5_traffic,vbf,12,50,5,500.000000,500.000000,3.000000,150.000000,120.000000,10.000000,512,10000.000000,200.000000,100,8,32,0,301,0,8.000000,0.173440,5.185301,1.000000,-1.000000,1,0.561170,6.306765,5.166000
s5_traffic,vbf,13,50,5,500.000000,500.000000,3.000000,150.000000,120.000000,10.000000,512,10000.000000,200.000000,101,10,46,0,339,0,9.900990,0.216800,4.140468,1.000000,-1.000000,1,0.574138,7.031318,6.022000
s5_traffic,vbf,14,50,5,500.000000,500.000000,3.000000,150.000000,120.000000,10.000000,512,10000.000000,200.000000,100,5,2,0,329,0,5.000000,0.108400,4.818184,1.000000,-1.000000,1,0.521318,7.825417,5.602000
s5_traffic,vbf,15,50,5,500.000000,500.000000,3.000000,150.000000,120.000000,10.000000,512,10000.000000,200.000000,100,6,22,0,261,0,6.000000,0.130080,5.236673,1.000000,-1.000000,1,0.506919,6.379092,4.352000
s5_traffic,vbf,16,50,5,500.000000,500.000000,3.000000,150.000000,120.000000,10.000000,512,10000.000000,200.000000,100,3,7,0,362,0,3.000000,0.065040,2.741846,1.000000,-1.000000,1,0.683842,4.829722,6.204000
s5_traffic,vbf,17,50,5,500.000000,500.000000,3.000000,150.000000,120.000000,10.000000,512,10000.000000,200.000000,99,4,15,0,298,0,4.040404,0.086720,5.424592,1.000000,-1.000000,1,0.565610,6.055239,5.036000
s5_traffic,vbf,19,50,5,500.000000,500.000000,3.000000,150.000000,120.000000,10.000000,512,10000.000000,200.000000,100,8,29,0,308,0,8.000000,0.173440,6.033470,1.000000,-1.000000,1,0.505195,7.795776,5.288000
s5_traffic,vbf,18,50,5,500.000000,500.000000,3.000000,150.000000,120.000000,10.000000,512,10000.000000,200.000000,100,6,44,0,302,0,6.000000,0.130080,5.087372,1.000000,-1.000000,1,0.534660,7.338259,5.494000
s5_traffic,vbf,20,50,5,500.000000,500.000000,3.000000,150.000000,120.000000,10.000000,512,10000.000000,200.000000,99,3,26,0,357,0,3.030303,0.065040,2.312043,1.000000,-1.000000,1,0.641820,5.928137,6.470000
s5_traffic,hhvbf,1,50,5,500.000000,500.000000,3.000000,150.000000,120.000000,10.000000,512,10000.000000,200.000000,99,5,26,0,367,0,5.050505,0.108400,6.285998,1.000000,-1.000000,1,0.578930,7.708024,6.712000
s5_traffic,hhvbf,2,50,5,500.000000,500.000000,3.000000,150.000000,120.000000,10.000000,512,10000.000000,200.000000,100,14,40,0,383,0,14.000000,0.303520,4.767964,1.000000,-1.000000,1,0.659324,5.939942,6.928000
s5_traffic,hhvbf,3,50,5,500.000000,500.000000,3.000000,150.000000,120.000000,10.000000,512,10000.000000,200.000000,100,12,52,0,413,0,12.000000,0.260160,4.235782,1.000000,-1.000000,1,0.612650,7.428817,7.286000
s5_traffic,hhvbf,4,50,5,500.000000,500.000000,3.000000,150.000000,120.000000,10.000000,512,10000.000000,200.000000,99,8,47,0,382,0,8.080808,0.173440,4.526084,1.000000,-1.000000,1,0.587852,7.705951,6.922000
s5_traffic,hhvbf,5,50,5,500.000000,500.000000,3.000000,150.000000,120.000000,10.000000,512,10000.000000,200.000000,100,4,10,0,445,0,4.000000,0.086720,3.694658,1.000000,-1.000000,1,0.629591,7.292187,7.606000
s5_traffic,hhvbf,6,50,5,500.000000,500.000000,3.000000,150.000000,120.000000,10.000000,512,10000.000000,200.000000,100,5,16,0,345,0,5.000000,0.108400,7.198684,1.000000,-1.000000,1,0.607216,6.104797,5.872000
s5_traffic,hhvbf,8,50,5,500.000000,500.000000,3.000000,150.000000,120.000000,10.000000,512,10000.000000,200.000000,99,6,15,0,339,0,6.060606,0.130080,7.528814,1.000000,-1.000000,1,0.599999,6.329632,5.934000
s5_traffic,hhvbf,7,50,5,500.000000,500.000000,3.000000,150.000000,120.000000,10.000000,512,10000.000000,200.000000,100,11,28,0,473,0,11.000000,0.238480,7.696256,1.000000,-1.000000,1,0.695873,6.209533,8.378000
s5_traffic,hhvbf,9,50,5,500.000000,500.000000,3.000000,150.000000,120.000000,10.000000,512,10000.000000,200.000000,100,7,40,0,386,0,7.000000,0.151760,4.505450,1.000000,-1.000000,1,0.655777,5.739754,6.604000
s5_traffic,hhvbf,11,50,5,500.000000,500.000000,3.000000,150.000000,120.000000,10.000000,512,10000.000000,200.000000,100,11,26,0,281,0,11.000000,0.238480,4.000338,1.000000,-1.000000,1,0.594180,5.589954,5.134000
s5_traffic,hhvbf,10,50,5,500.000000,500.000000,3.000000,150.000000,120.000000,10.000000,512,10000.000000,200.000000,100,7,19,0,418,0,7.000000,0.151760,11.346628,1.000000,-1.000000,1,0.776461,3.629125,7.096000
s5_traffic,hhvbf,12,50,5,500.000000,500.000000,3.000000,150.000000,120.000000,10.000000,512,10000.000000,200.000000,100,9,26,0,339,0,9.000000,0.195120,5.443356,1.000000,-1.000000,1,0.607377,5.868546,5.648000
s5_traffic,hhvbf,15,50,5,500.000000,500.000000,3.000000,150.000000,120.000000,10.000000,512,10000.000000,200.000000,100,8,36,0,299,0,8.000000,0.173440,5.843225,1.000000,-1.000000,1,0.548377,6.439685,5.050000
s5_traffic,hhvbf,13,50,5,500.000000,500.000000,3.000000,150.000000,120.000000,10.000000,512,10000.000000,200.000000,101,10,57,0,419,0,9.900990,0.216800,5.016843,1.000000,-1.000000,1,0.627682,7.109795,7.364000
s5_traffic,hhvbf,14,50,5,500.000000,500.000000,3.000000,150.000000,120.000000,10.000000,512,10000.000000,200.000000,100,8,5,0,397,0,8.000000,0.173440,6.171327,1.000000,-1.000000,1,0.592428,7.469389,6.818000
s5_traffic,hhvbf,16,50,5,500.000000,500.000000,3.000000,150.000000,120.000000,10.000000,512,10000.000000,200.000000,100,4,9,0,433,0,4.000000,0.086720,7.322031,1.000000,-1.000000,1,0.735101,4.636891,7.416000
s5_traffic,hhvbf,17,50,5,500.000000,500.000000,3.000000,150.000000,120.000000,10.000000,512,10000.000000,200.000000,99,4,12,0,337,0,4.040404,0.086720,5.320948,1.000000,-1.000000,1,0.573348,6.673533,5.700000
s5_traffic,hhvbf,18,50,5,500.000000,500.000000,3.000000,150.000000,120.000000,10.000000,512,10000.000000,200.000000,100,7,47,0,346,0,7.000000,0.151760,5.532052,1.000000,-1.000000,1,0.582361,7.056107,6.218000
s5_traffic,hhvbf,19,50,5,500.000000,500.000000,3.000000,150.000000,120.000000,10.000000,512,10000.000000,200.000000,100,9,29,0,360,0,9.000000,0.195120,5.716185,1.000000,-1.000000,1,0.545055,7.755795,6.014000
s5_traffic,dbr,1,50,5,500.000000,500.000000,3.000000,150.000000,120.000000,10.000000,512,10000.000000,200.000000,99,2,2,0,144,0,2.020202,0.003760,82.175732,1.000000,-1.000000,1,0.434595,5.308034,2.844000
s5_traffic,hhvbf,20,50,5,500.000000,500.000000,3.000000,150.000000,120.000000,10.000000,512,10000.000000,200.000000,99,4,36,0,397,0,4.040404,0.086720,3.716818,1.000000,-1.000000,1,0.659882,6.048663,7.070000
s5_traffic,dbr,2,50,5,500.000000,500.000000,3.000000,150.000000,120.000000,10.000000,512,10000.000000,200.000000,100,2,7,0,146,0,2.000000,0.003760,67.164558,2.000000,-1.000000,1,0.485760,4.400886,2.798000
s5_traffic,dbr,3,50,5,500.000000,500.000000,3.000000,150.000000,120.000000,10.000000,512,10000.000000,200.000000,100,5,10,0,142,0,5.000000,0.009400,116.519508,0.600000,-1.000000,1,0.432100,5.209872,2.768000
s5_traffic,dbr,4,50,5,500.000000,500.000000,3.000000,150.000000,120.000000,10.000000,512,10000.000000,200.000000,99,3,22,0,145,0,3.030303,0.005640,37.227888,0.333333,-1.000000,1,0.463544,4.827180,2.850000
s5_traffic,dbr,5,50,5,500.000000,500.000000,3.000000,150.000000,120.000000,10.000000,512,10000.000000,200.000000,100,3,4,0,142,0,3.000000,0.005640,125.163189,1.000000,-1.000000,1,0.399957,5.280189,2.514000
s5_traffic,dbr,6,50,5,500.000000,500.000000,3.000000,150.000000,120.000000,10.000000,512,10000.000000,200.000000,100,1,0,0,140,0,1.000000,0.001880,47.584479,2.000000,-1.000000,1,0.421133,4.938223,2.528000
s5_traffic,dbr,7,50,5,500.000000,500.000000,3.000000,150.000000,120.000000,10.000000,512,10000.000000,200.000000,100,1,0,0,145,0,1.000000,0.001880,129.191566,2.000000,-1.000000,1,0.428218,5.160460,2.706000
s5_traffic,dbr,8,50,5,500.000000,500.000000,3.000000,150.000000,120.000000,10.000000,512,10000.000000,200.000000,99,0,0,0,138,0,0.000000,0.000000,0.000000,0.000000,-1.000000,1,0.391792,5.414418,2.506000
s5_traffic,dbr,9,50,5,500.000000,500.000000,3.000000,150.000000,120.000000,10.000000,512,10000.000000,200.000000,100,3,13,0,139,0,3.000000,0.005640,7.601132,1.000000,-1.000000,1,0.399413,5.538410,2.632000
s5_traffic,dbr,10,50,5,500.000000,500.000000,3.000000,150.000000,120.000000,10.000000,512,10000.000000,200.000000,100,8,0,0,146,0,8.000000,0.015040,98.053685,2.875000,-1.000000,1,0.418281,4.891696,2.480000
s5_traffic,dbr,11,50,5,500.000000,500.000000,3.000000,150.000000,120.000000,10.000000,512,10000.000000,200.000000,100,7,9,0,145,0,7.000000,0.013160,98.083897,1.571429,-1.000000,1,0.428378,5.195777,2.726000
s5_traffic,dbr,12,50,5,500.000000,500.000000,3.000000,150.000000,120.000000,10.000000,512,10000.000000,200.000000,100,3,1,0,147,0,3.000000,0.005640,70.110315,1.666667,-1.000000,1,0.413454,5.077146,2.532000
s5_traffic,dbr,14,50,5,500.000000,500.000000,3.000000,150.000000,120.000000,10.000000,512,10000.000000,200.000000,100,2,2,0,144,0,2.000000,0.003760,6.323116,0.500000,-1.000000,1,0.350784,6.129926,2.452000
s5_traffic,dbr,13,50,5,500.000000,500.000000,3.000000,150.000000,120.000000,10.000000,512,10000.000000,200.000000,101,3,16,0,146,0,2.970297,0.005640,45.874707,0.333333,-1.000000,1,0.432902,5.109445,2.722000
s5_traffic,dbr,15,50,5,500.000000,500.000000,3.000000,150.000000,120.000000,10.000000,512,10000.000000,200.000000,100,5,6,0,145,0,5.000000,0.009400,82.698024,3.400000,-1.000000,1,0.374601,5.673017,2.472000
s5_traffic,dbr,16,50,5,500.000000,500.000000,3.000000,150.000000,120.000000,10.000000,512,10000.000000,200.000000,100,1,5,0,141,0,1.000000,0.001880,25.630698,0.000000,-1.000000,1,0.401500,5.189469,2.484000
s5_traffic,dbr,17,50,5,500.000000,500.000000,3.000000,150.000000,120.000000,10.000000,512,10000.000000,200.000000,99,0,0,0,140,0,0.000000,0.000000,0.000000,0.000000,-1.000000,1,0.378897,5.614698,2.484000
s5_traffic,dbr,18,50,5,500.000000,500.000000,3.000000,150.000000,120.000000,10.000000,512,10000.000000,200.000000,100,3,1,0,141,0,3.000000,0.005640,86.468008,2.333333,-1.000000,1,0.351214,6.075382,2.434000
s5_traffic,dbr,19,50,5,500.000000,500.000000,3.000000,150.000000,120.000000,10.000000,512,10000.000000,200.000000,100,1,0,0,142,0,1.000000,0.001880,7.387036,2.000000,-1.000000,1,0.336511,6.487756,2.462000
s5_traffic,dbr,20,50,5,500.000000,500.000000,3.000000,150.000000,120.000000,10.000000,512,10000.000000,200.000000,99,1,14,0,145,0,1.010101,0.001880,5.850429,0.000000,-1.000000,1,0.468267,4.591657,2.754000
s5_traffic,adaptive,1,50,5,500.000000,500.000000,3.000000,150.000000,120.000000,12.000000,512,10000.000000,200.000000,83,15,31,59,1146,9,18.072289,0.211200,1.926843,1.066667,-1.000000,1,0.932878,2.719167,19.552000
s5_traffic,adaptive,2,50,5,500.000000,500.000000,3.000000,150.000000,120.000000,12.000000,512,10000.000000,200.000000,83,38,76,65,1206,8,45.783133,0.471040,2.220309,1.394737,-1.000000,1,0.940838,2.682764,21.982000
s5_traffic,adaptive,3,50,5,500.000000,500.000000,3.000000,150.000000,120.000000,12.000000,512,10000.000000,200.000000,84,42,48,52,1173,11,50.000000,0.591360,1.394186,0.690476,-1.000000,1,0.920829,3.123618,18.914000
s5_traffic,adaptive,4,50,5,500.000000,500.000000,3.000000,150.000000,120.000000,12.000000,512,10000.000000,200.000000,82,45,84,50,1141,13,54.878049,0.691200,1.216521,0.488889,-1.000000,1,0.932075,2.777417,19.726000
s5_traffic,adaptive,5,50,5,500.000000,500.000000,3.000000,150.000000,120.000000,12.000000,512,10000.000000,200.000000,83,16,21,60,1173,13,19.277108,0.193280,1.094215,0.437500,-1.000000,1,0.946291,2.126248,19.248000
s5_traffic,adaptive,6,50,5,500.000000,500.000000,3.000000,150.000000,120.000000,12.000000,512,10000.000000,200.000000,85,11,28,59,1142,3,12.941176,0.129280,2.139563,1.363636,-1.000000,1,0.934123,2.527501,18.530000
s5_traffic,adaptive,8,50,5,500.000000,500.000000,3.000000,150.000000,120.000000,12.000000,512,10000.000000,200.000000,83,19,45,75,1147,6,22.891566,0.177920,2.198753,1.421053,-1.000000,1,0.942592,2.312311,19.544000
s5_traffic,adaptive,7,50,5,500.000000,500.000000,3.000000,150.000000,120.000000,12.000000,512,10000.000000,200.000000,85,26,46,50,1194,7,30.588235,0.302080,2.300447,1.538462,-1.000000,1,0.937282,2.646334,20.414000
s5_traffic,adaptive,9,50,5,500.000000,500.000000,3.000000,150.000000,120.000000,12.000000,512,10000.000000,200.000000,84,24,66,76,1179,6,28.571429,0.337920,1.230989,0.541667,-1.000000,1,0.932394,2.674209,19.086000
s5_traffic,adaptive,10,50,5,500.000000,500.000000,3.000000,150.000000,120.000000,12.000000,512,10000.000000,200.000000,85,13,70,73,1133,9,15.294118,0.055040,0.424260,0.153846,-1.000000,1,0.970960,1.126625,19.112000
s5_traffic,adaptive,11,50,5,500.000000,500.000000,3.000000,150.000000,120.000000,12.000000,512,10000.000000,200.000000,83,31,58,66,1107,10,37.349398,0.366080,1.101617,0.516129,-1.000000,1,0.940957,2.354221,19.330000
s5_traffic,adaptive,12,50,5,500.000000,500.000000,3.000000,150.000000,120.000000,12.000000,512,10000.000000,200.000000,84,33,80,70,1131,7,39.285714,0.349440,2.073460,1.272727,-1.000000,1,0.935610,2.614122,19.624000
s5_traffic,adaptive,13,50,5,500.000000,500.000000,3.000000,150.000000,120.000000,12.000000,512,10000.000000,200.000000,85,41,63,55,1180,9,48.235294,0.628480,1.719400,0.853659,-1.000000,1,0.921916,3.310987,20.340000
s5_traffic,adaptive,15,50,5,500.000000,500.000000,3.000000,150.000000,120.000000,12.000000,512,10000.000000,200.000000,84,28,56,64,1121,4,33.333333,0.419840,2.771826,1.821429,-1.000000,1,0.949091,1.863077,17.820000
s5_traffic,adaptive,14,50,5,500.000000,500.000000,3.000000,150.000000,120.000000,12.000000,512,10000.000000,200.000000,83,12,31,71,1187,11,14.457831,0.072960,0.972033,0.583333,-1.000000,1,0.947836,2.046629,19.092000
s5_traffic,adaptive,16,50,5,500.000000,500.000000,3.000000,150.000000,120.000000,12.000000,512,10000.000000,200.000000,84,13,27,69,1229,13,15.476190,0.151040,1.511895,0.846154,-1.000000,1,0.944126,2.312385,20.098000
s5_traffic,adaptive,17,50,5,500.000000,500.000000,3.000000,150.000000,120.000000,12.000000,512,10000.000000,200.000000,83,16,29,69,1157,6,19.277108,0.116480,1.065336,0.625000,-1.000000,1,0.946804,2.081085,19.026000
s5_traffic,adaptive,18,50,5,500.000000,500.000000,3.000000,150.000000,120.000000,12.000000,512,10000.000000,200.000000,85,26,45,42,1147,4,30.588235,0.398080,2.458101,1.538462,-1.000000,1,0.940054,2.395622,19.364000
s5_traffic,adaptive,19,50,5,500.000000,500.000000,3.000000,150.000000,120.000000,12.000000,512,10000.000000,200.000000,85,26,63,45,1159,2,30.588235,0.340480,2.858087,2.000000,-1.000000,1,0.940465,2.418934,19.692000
s5_traffic,adaptive,20,50,5,500.000000,500.000000,3.000000,150.000000,120.000000,12.000000,512,10000.000000,200.000000,83,17,38,53,1156,6,20.481928,0.252160,2.191412,1.294118,-1.000000,1,0.951797,1.922381,19.448000
s5_traffic,vbf,1,50,5,500.000000,500.000000,3.000000,150.000000,120.000000,12.000000,512,10000.000000,200.000000,83,5,18,0,254,0,6.024096,0.108400,5.654867,1.000000,-1.000000,1,0.555092,5.673660,4.552000
s5_traffic,vbf,2,50,5,500.000000,500.000000,3.000000,150.000000,120.000000,12.000000,512,10000.000000,200.000000,83,14,35,0,309,0,16.867470,0.303520,4.067583,1.000000,-1.000000,1,0.645573,5.216451,5.774000
s5_traffic,vbf,3,50,5,500.000000,500.000000,3.000000,150.000000,120.000000,12.000000,512,10000.000000,200.000000,84,11,39,0,309,0,13.095238,0.238480,5.028650,1.000000,-1.000000,1,0.580808,6.304787,5.526000
s5_traffic,vbf,4,50,5,500.000000,500.000000,3.000000,150.000000,120.000000,12.000000,512,10000.000000,200.000000,82,7,37,0,271,0,8.536585,0.151760,3.328687,1.000000,-1.000000,1,0.575850,5.868565,5.056000
s5_traffic,vbf,5,50,5,500.000000,500.000000,3.000000,150.000000,120.000000,12.000000,512,10000.000000,200.000000,83,4,13,0,273,0,4.819277,0.086720,3.680915,1.000000,-1.000000,1,0.602757,5.080739,4.810000
s5_traffic,vbf,6,50,5,500.000000,500.000000,3.000000,150.000000,120.000000,12.000000,512,10000.000000,200.000000,85,4,6,0,229,0,4.705882,0.086720,5.907836,1.000000,-1.000000,1,0.555247,4.950619,3.974000
s5_traffic,vbf,7,50,5,500.000000,500.000000,3.000000,150.000000,120.000000,12.000000,512,10000.000000,200.000000,85,10,27,0,324,0,11.764706,0.216800,6.834278,1.000000,-1.000000,1,0.668014,5.045046,6.086000
s5_traffic,vbf,8,50,5,500.000000,500.000000,3.000000,150.000000,120.000000,12.000000,512,10000.000000,200.000000,83,5,10,0,263,0,6.024096,0.108400,7.347149,1.000000,-1.000000,1,0.562571,5.865927,4.828000
s5_traffic,vbf,9,50,5,500.000000,500.000000,3.000000,150.000000,120.000000,12.000000,512,10000.000000,200.000000,84,6,36,0,292,0,7.142857,0.130080,2.876982,1.000000,-1.000000,1,0.558317,6.449911,5.232000
s5_traffic,vbf,10,50,5,500.000000,500.000000,3.000000,150.000000,120.000000,12.000000,512,10000.000000,200.000000,85,5,3,0,266,0,5.882353,0.108400,6.986792,1.000000,-1.000000,1,0.694277,3.424469,4.590000
s5_traffic,vbf,11,50,5,500.000000,500.000000,3.000000,150.000000,120.000000,12.000000,512,10000.000000,200.000000,83,9,19,0,219,0,10.843373,0.195120,3.801204,1.000000,-1.000000,1,0.541039,5.388519,4.122000
s5_traffic,vbf,12,50,5,500.000000,500.000000,3.000000,150.000000,120.000000,12.000000,512,10000.000000,200.000000,84,8,23,0,264,0,9.523810,0.173440,5.189168,1.000000,-1.000000,1,0.571389,5.455182,4.628000
s5_traffic,vbf,14,50,5,500.000000,500.000000,3.000000,150.000000,120.000000,12.000000,512,10000.000000,200.000000,83,3,3,0,275,0,3.614458,0.065040,2.898723,1.000000,-1.000000,1,0.543435,6.182730,4.768000
s5_traffic,vbf,13,50,5,500.000000,500.000000,3.000000,150.000000,120.000000,12.000000,512,10000.000000,200.000000,85,9,42,0,289,0,10.588235,0.195120,3.921762,1.000000,-1.000000,1,0.540784,6.709386,5.128000
s5_traffic,vbf,15,50,5,500.000000,500.000000,3.000000,150.000000,120.000000,12.000000,512,10000.000000,200.000000,84,7,27,0,221,0,8.333333,0.151760,5.175016,1.000000,-1.000000,1,0.504000,5.514958,3.726000
s5_traffic,vbf,16,50,5,500.000000,500.000000,3.000000,150.000000,120.000000,12.000000,512,10000.000000,200.000000,84,3,9,0,333,0,3.571429,0.065040,3.856136,1.000000,-1.000000,1,0.683504,4.513565,5.790000
s5_traffic,vbf,17,50,5,500.000000,500.000000,3.000000,150.000000,120.000000,12.000000,512,10000.000000,200.000000,83,6,14,0,270,0,7.228916,0.130080,5.189611,1.000000,-1.000000,1,0.566880,5.593148,4.672000
s5_traffic,vbf,18,50,5,500.000000,500.000000,3.000000,150.000000,120.000000,12.000000,512,10000.000000,200.000000,85,7,36,0,254,0,8.235294,0.151760,6.112714,1.000000,-1.000000,1,0.544551,5.975978,4.626000
s5_traffic,vbf,19,50,5,500.000000,500.000000,3.000000,150.000000,120.000000,12.000000,512,10000.000000,200.000000,85,8,23,0,290,0,9.411765,0.173440,6.505469,1.000000,-1.000000,1,0.494844,7.507886,4.920000
s5_traffic,vbf,20,50,5,500.000000,500.000000,3.000000,150.000000,120.000000,12.000000,512,10000.000000,200.000000,83,3,23,0,298,0,3.614458,0.065040,3.979252,1.000000,-1.000000,1,0.634275,5.139452,5.454000
s5_traffic,hhvbf,1,50,5,500.000000,500.000000,3.000000,150.000000,120.000000,12.000000,512,10000.000000,200.000000,83,5,28,0,308,0,6.024096,0.108400,3.616965,1.000000,-1.000000,1,0.578623,6.295301,5.476000
s5_traffic,hhvbf,2,50,5,500.000000,500.000000,3.000000,150.000000,120.000000,12.000000,512,10000.000000,200.000000,83,15,39,0,348,0,18.072289,0.325200,4.544148,1.000000,-1.000000,1,0.687773,4.886792,6.378000
s5_traffic,hhvbf,3,50,5,500.000000,500.000000,3.000000,150.000000,120.000000,12.000000,512,10000.000000,200.000000,84,11,40,0,355,0,13.095238,0.238480,5.169602,1.000000,-1.000000,1,0.616075,6.302445,6.258000
s5_traffic,hhvbf,4,50,5,500.000000,500.000000,3.000000,150.000000,120.000000,12.000000,512,10000.000000,200.000000,82,7,43,0,293,0,8.536585,0.151760,4.348906,1.000000,-1.000000,1,0.600755,5.721202,5.378000
s5_traffic,hhvbf,5,50,5,500.000000,500.000000,3.000000,150.000000,120.000000,12.000000,512,10000.000000,200.000000,83,4,12,0,331,0,4.819277,0.086720,3.535006,1.000000,-1.000000,1,0.636545,5.320685,5.694000
s5_traffic,hhvbf,6,50,5,500.000000,500.000000,3.000000,150.000000,120.000000,12.000000,512,10000.000000,200.000000,85,5,12,0,285,0,5.882353,0.108400,6.372190,1.000000,-1.000000,1,0.604676,5.115423,4.876000
s5_traffic,hhvbf,8,50,5,500.000000,500.000000,3.000000,150.000000,120.000000,12.000000,512,10000.000000,200.000000,83,7,14,0,315,0,8.433735,0.151760,7.921523,1.000000,-1.000000,1,0.609571,5.773187,5.600000
s5_traffic,hhvbf,7,50,5,500.000000,500.000000,3.000000,150.000000,120.000000,12.000000,512,10000.000000,200.000000,85,9,35,0,424,0,10.588235,0.195120,6.280810,1.000000,-1.000000,1,0.693967,5.693817,7.622000
s5_traffic,hhvbf,9,50,5,500.000000,500.000000,3.000000,150.000000,120.000000,12.000000,512,10000.000000,200.000000,84,7,39,0,346,0,8.333333,0.151760,4.216139,1.000000,-1.000000,1,0.621550,5.955587,6.032000
s5_traffic,hhvbf,10,50,5,500.000000,500.000000,3.000000,150.000000,120.000000,12.000000,512,10000.000000,200.000000,85,6,15,0,331,0,7.058824,0.130080,8.780748,1.000000,-1.000000,1,0.749668,3.288188,5.628000
s5_traffic,hhvbf,11,50,5,500.000000,500.000000,3.000000,150.000000,120.000000,12.000000,512,10000.000000,200.000000,83,10,22,0,257,0,12.048193,0.216800,4.439655,1.000000,-1.000000,1,0.582210,5.284079,4.654000
s5_traffic,hhvbf,12,50,5,500.000000,500.000000,3.000000,150.000000,120.000000,12.000000,512,10000.000000,200.000000,84,10,31,0,324,0,11.904762,0.216800,5.349915,1.000000,-1.000000,1,0.630952,5.303995,5.560000
s5_traffic,hhvbf,14,50,5,500.000000,500.000000,3.000000,150.000000,120.000000,12.000000,512,10000.000000,200.000000,83,8,6,0,353,0,9.638554,0.173440,6.699667,1.000000,-1.000000,1,0.624040,5.937055,6.068000
s5_traffic,hhvbf,13,50,5,500.000000,500.000000,3.000000,150.000000,120.000000,12.000000,512,10000.000000,200.000000,85,10,48,0,363,0,11.764706,0.216800,4.622166,1.000000,-1.000000,1,0.599025,6.890946,6.438000
s5_traffic,hhvbf,15,50,5,500.000000,500.000000,3.000000,150.000000,120.000000,12.000000,512,10000.000000,200.000000,84,7,31,0,259,0,8.333333,0.151760,6.461415,1.000000,-1.000000,1,0.546631,5.628729,4.388000
s5_traffic,hhvbf,16,50,5,500.000000,500.000000,3.000000,150.000000,120.000000,12.000000,512,10000.000000,200.000000,84,5,11,0,387,0,5.952381,0.108400,7.598823,1.000000,-1.000000,1,0.725231,4.378087,6.698000
s5_traffic,hhvbf,17,50,5,500.000000,500.000000,3.000000,150.000000,120.000000,12.000000,512,10000.000000,200.000000,83,7,13,0,295,0,8.433735,0.151760,6.812824,1.000000,-1.000000,1,0.564067,6.138151,5.078000
s5_traffic,hhvbf,18,50,5,500.000000,500.000000,3.000000,150.000000,120.000000,12.000000,512,10000.000000,200.000000,85,6,36,0,282,0,7.058824,0.130080,6.226978,1.000000,-1.000000,1,0.589191,5.624477,5.076000
s5_traffic,hhvbf,19,50,5,500.000000,500.000000,3.000000,150.000000,120.000000,12.000000,512,10000.000000,200.000000,85,9,33,0,363,0,10.588235,0.195120,7.065217,1.000000,-1.000000,1,0.542659,7.922937,6.094000
s5_traffic,dbr,1,50,5,500.000000,500.000000,3.000000,150.000000,120.000000,12.000000,512,10000.000000,200.000000,83,2,2,0,128,0,2.409639,0.003760,79.527936,1.000000,-1.000000,1,0.457518,4.327377,2.504000
s5_traffic,hhvbf,20,50,5,500.000000,500.000000,3.000000,150.000000,120.000000,12.000000,512,10000.000000,200.000000,83,4,23,0,334,0,4.819277,0.086720,5.338203,1.000000,-1.000000,1,0.657625,5.195250,6.020000
s5_traffic,dbr,3,50,5,500.000000,500.000000,3.000000,150.000000,120.000000,12.000000,512,10000.000000,200.000000,84,5,8,0,126,0,5.952381,0.009400,116.833932,0.600000,-1.000000,1,0.453202,4.306154,2.456000
s5_traffic,dbr,2,50,5,500.000000,500.000000,3.000000,150.000000,120.000000,12.000000,512,10000.000000,200.000000,83,2,5,0,129,0,2.409639,0.003760,67.660737,2.000000,-1.000000,1,0.521512,3.473217,2.488000
s5_traffic,dbr,4,50,5,500.000000,500.000000,3.000000,150.000000,120.000000,12.000000,512,10000.000000,200.000000,82,3,20,0,128,0,3.658537,0.005640,39.426261,0.333333,-1.000000,1,0.500816,3.814604,2.550000
s5_traffic,dbr,5,50,5,500.000000,500.000000,3.000000,150.000000,120.000000,12.000000,512,10000.000000,200.000000,83,2,3,0,125,0,2.409639,0.003760,134.423711,0.500000,-1.000000,1,0.422313,4.338691,2.230000
s5_traffic,dbr,6,50,5,500.000000,500.000000,3.000000,150.000000,120.000000,12.000000,512,10000.000000,200.000000,85,1,0,0,125,0,1.176471,0.001880,43.637752,2.000000,-1.000000,1,0.444529,4.090226,2.266000
s5_traffic,dbr,7,50,5,500.000000,500.000000,3.000000,150.000000,120.000000,12.000000,512,10000.000000,200.000000,85,1,0,0,130,0,1.176471,0.001880,129.219420,2.000000,-1.000000,1,0.454174,4.243228,2.428000
s5_traffic,dbr,8,50,5,500.000000,500.000000,3.000000,150.000000,120.000000,12.000000,512,10000.000000,200.000000,83,0,0,0,122,0,0.000000,0.000000,0.000000,0.000000,-1.000000,1,0.420600,4.371839,2.234000
s5_traffic,dbr,9,50,5,500.000000,500.000000,3.000000,150.000000,120.000000,12.000000,512,10000.000000,200.000000,84,3,11,0,126,0,3.571429,0.005640,7.601132,1.000000,-1.000000,1,0.438832,4.401151,2.392000
s5_traffic,dbr,10,50,5,500.000000,500.000000,3.000000,150.000000,120.000000,12.000000,512,10000.000000,200.000000,85,8,0,0,131,0,9.411765,0.015040,93.714869,2.875000,-1.000000,1,0.447667,4.008092,2.244000
s5_traffic,dbr,11,50,5,500.000000,500.000000,3.000000,150.000000,120.000000,12.000000,512,10000.000000,200.000000,83,4,7,0,126,0,4.819277,0.007520,90.850722,1.000000,-1.000000,1,0.452461,4.190292,2.384000
s5_traffic,dbr,12,50,5,500.000000,500.000000,3.000000,150.000000,120.000000,12.000000,512,10000.000000,200.000000,84,3,1,0,131,0,3.571429,0.005640,71.829327,1.666667,-1.000000,1,0.446821,4.123374,2.302000
s5_traffic,dbr,13,50,5,500.000000,500.000000,3.000000,150.000000,120.000000,12.000000,512,10000.000000,200.000000,85,3,13,0,130,0,3.529412,0.005640,46.339659,0.333333,-1.000000,1,0.460067,4.167301,2.432000
s5_traffic,dbr,14,50,5,500.000000,500.000000,3.000000,150.000000,120.000000,12.000000,512,10000.000000,200.000000,83,2,1,0,127,0,2.409639,0.003760,6.323116,0.500000,-1.000000,1,0.376441,4.947639,2.170000
s5_traffic,dbr,15,50,5,500.000000,500.000000,3.000000,150.000000,120.000000,12.000000,512,10000.000000,200.000000,84,5,5,0,129,0,5.952381,0.009400,85.338497,3.000000,-1.000000,1,0.404276,4.585533,2.216000
s5_traffic,dbr,16,50,5,500.000000,500.000000,3.000000,150.000000,120.000000,12.000000,512,10000.000000,200.000000,84,2,4,0,132,0,2.380952,0.003760,30.968273,3.000000,-1.000000,1,0.469685,3.866407,2.330000
s5_traffic,dbr,17,50,5,500.000000,500.000000,3.000000,150.000000,120.000000,12.000000,512,10000.000000,200.000000,83,0,0,0,124,0,0.000000,0.000000,0.000000,0.000000,-1.000000,1,0.407158,4.548542,2.220000
s5_traffic,dbr,18,50,5,500.000000,500.000000,3.000000,150.000000,120.000000,12.000000,512,10000.000000,200.000000,85,3,1,0,127,0,3.529412,0.005640,86.735252,2.333333,-1.000000,1,0.381529,4.985127,2.226000
s5_traffic,dbr,19,50,5,500.000000,500.000000,3.000000,150.000000,120.000000,12.000000,512,10000.000000,200.000000,85,1,0,0,128,0,1.176471,0.001880,7.387036,2.000000,-1.000000,1,0.367971,5.267871,2.242000
s5_traffic,dbr,20,50,5,500.000000,500.000000,3.000000,150.000000,120.000000,12.000000,512,10000.000000,200.000000,83,1,11,0,128,0,1.204819,0.001880,5.850429,0.000000,-1.000000,1,0.487744,3.812527,2.440000
s5_traffic,adaptive,1,50,5,500.000000,500.000000,3.000000,150.000000,120.000000,15.000000,512,10000.000000,200.000000,66,14,30,48,1098,7,21.212121,0.190720,2.296916,1.357143,-1.000000,1,0.938433,2.406116,18.920000
s5_traffic,adaptive,2,50,5,500.000000,500.000000,3.000000,150.000000,120.000000,15.000000,512,10000.000000,200.000000,66,34,97,51,1151,3,51.515152,0.389120,1.665832,0.970588,-1.000000,1,0.949173,2.199823,21.076000
s5_traffic,adaptive,3,50,5,500.000000,500.000000,3.000000,150.000000,120.000000,15.000000,512,10000.000000,200.000000,66,37,49,42,1147,9,56.060606,0.488960,1.728775,0.945946,-1.000000,1,0.926569,2.861862,18.744000
s5_traffic,adaptive,4,50,5,500.000000,500.000000,3.000000,150.000000,120.000000,15.000000,512,10000.000000,200.000000,65,40,91,49,1150,13,61.538462,0.588800,1.177498,0.475000,-1.000000,1,0.939853,2.491071,20.066000
s5_traffic,adaptive,5,50,5,500.000000,500.000000,3.000000,150.000000,120.000000,15.000000,512,10000.000000,200.000000,66,14,22,54,1170,14,21.212121,0.152320,1.308989,0.642857,-1.000000,1,0.946707,2.102729,19.188000
s5_traffic,adaptive,6,50,5,500.000000,500.000000,3.000000,150.000000,120.000000,15.000000,512,10000.000000,200.000000,67,11,28,58,1110,7,16.417910,0.129280,2.698963,1.818182,-1.000000,1,0.939396,2.263142,18.088000
s5_traffic,adaptive,7,50,5,500.000000,500.000000,3.000000,150.000000,120.000000,15.000000,512,10000.000000,200.000000,66,28,53,37,1163,8,42.424242,0.362240,3.205108,2.250000,-1.000000,1,0.939246,2.530086,20.170000
s5_traffic,adaptive,8,50,5,500.000000,500.000000,3.000000,150.000000,120.000000,15.000000,512,10000.000000,200.000000,66,23,47,57,1132,7,34.848485,0.240640,2.917267,2.000000,-1.000000,1,0.949933,1.981260,19.278000
s5_traffic,adaptive,9,50,5,500.000000,500.000000,3.000000,150.000000,120.000000,15.000000,512,10000.000000,200.000000,66,22,68,46,1132,3,33.333333,0.296960,1.006794,0.363636,-1.000000,1,0.946990,2.002311,18.372000
s5_traffic,adaptive,12,50,5,500.000000,500.000000,3.000000,150.000000,120.000000,15.000000,512,10000.000000,200.000000,65,27,80,55,1102,8,41.538462,0.226560,1.594832,1.000000,-1.000000,1,0.940223,2.357058,19.108000
s5_traffic,adaptive,11,50,5,500.000000,500.000000,3.000000,150.000000,120.000000,15.000000,512,10000.000000,200.000000,67,28,56,55,1088,8,41.791045,0.304640,1.059503,0.464286,-1.000000,1,0.942959,2.222991,18.914000
s5_traffic,adaptive,10,50,5,500.000000,500.000000,3.000000,150.000000,120.000000,15.000000,512,10000.000000,200.000000,68,15,69,58,1128,3,22.058824,0.096000,2.205234,1.533333,-1.000000,1,0.967572,1.262559,19.146000
s5_traffic,adaptive,13,50,5,500.000000,500.000000,3.000000,150.000000,120.000000,15.000000,512,10000.000000,200.000000,66,31,65,52,1156,8,46.969697,0.423680,1.097372,0.419355,-1.000000,1,0.922357,3.239358,20.018000
s5_traffic,adaptive,14,50,5,500.000000,500.000000,3.000000,150.000000,120.000000,15.000000,512,10000.000000,200.000000,66,12,34,51,1127,7,18.181818,0.072960,1.288085,0.750000,-1.000000,1,0.959504,1.508795,18.244000
s5_traffic,adaptive,15,50,5,500.000000,500.000000,3.000000,150.000000,120.000000,15.000000,512,10000.000000,200.000000,68,20,61,49,1087,4,29.411765,0.256000,1.859339,1.100000,-1.000000,1,0.958175,1.475838,17.266000
s5_traffic,adaptive,16,50,5,500.000000,500.000000,3.000000,150.000000,120.000000,15.000000,512,10000.000000,200.000000,68,12,27,63,1163,13,17.647059,0.130560,0.892255,0.333333,-1.000000,1,0.955475,1.745784,19.158000
s5_traffic,adaptive,17,50,5,500.000000,500.000000,3.000000,150.000000,120.000000,15.000000,512,10000.000000,200.000000,67,17,30,51,1101,2,25.373134,0.136960,1.210516,0.705882,-1.000000,1,0.953451,1.736127,18.204000
s5_traffic,adaptive,18,50,5,500.000000,500.000000,3.000000,150.000000,120.000000,15.000000,512,10000.000000,200.000000,68,25,51,34,1128,7,36.764706,0.358400,2.430671,1.560000,-1.000000,1,0.936213,2.541056,19.262000
s5_traffic,adaptive,19,50,5,500.000000,500.000000,3.000000,150.000000,120.000000,15.000000,512,10000.000000,200.000000,68,19,64,32,1118,4,27.941176,0.197120,1.928303,1.315789,-1.000000,1,0.948931,1.992612,18.998000
s5_traffic,vbf,1,50,5,500.000000,500.000000,3.000000,150.000000,120.000000,15.000000,512,10000.000000,200.000000,66,5,13,0,204,0,7.575758,0.108400,6.702027,1.000000,-1.000000,1,0.569310,4.518493,3.806000
s5_traffic,adaptive,20,50,5,500.000000,500.000000,3.000000,150.000000,120.000000,15.000000,512,10000.000000,200.000000,68,14,34,55,1124,4,20.588235,0.190720,1.561159,0.857143,-1.000000,1,0.955194,1.751192,19.094000
s5_traffic,vbf,3,50,5,500.000000,500.000000,3.000000,150.000000,120.000000,15.000000,512,10000.000000,200.000000,66,12,25,0,234,0,18.181818,0.260160,3.628261,1.000000,-1.000000,1,0.588045,4.801571,4.316000
s5_traffic,vbf,2,50,5,500.000000,500.000000,3.000000,150.000000,120.000000,15.000000,512,10000.000000,200.000000,66,13,19,0,224,0,19.696970,0.281840,4.852973,1.000000,-1.000000,1,0.645069,3.855949,4.260000
s5_traffic,vbf,4,50,5,500.000000,500.000000,3.000000,150.000000,120.000000,15.000000,512,10000.000000,200.000000,65,7,26,0,242,0,10.769231,0.151760,2.546223,1.000000,-1.000000,1,0.574854,5.294809,4.546000
s5_traffic,vbf,5,50,5,500.000000,500.000000,3.000000,150.000000,120.000000,15.000000,512,10000.000000,200.000000,66,5,7,0,238,0,7.575758,0.108400,3.046781,1.000000,-1.000000,1,0.601597,4.539556,4.280000
s5_traffic,vbf,6,50,5,500.000000,500.000000,3.000000,150.000000,120.000000,15.000000,512,10000.000000,200.000000,67,3,5,0,174,0,4.477612,0.065040,4.513335,1.000000,-1.000000,1,0.577686,3.566190,3.092000
s5_traffic,vbf,7,50,5,500.000000,500.000000,3.000000,150.000000,120.000000,15.000000,512,10000.000000,200.000000,66,9,14,0,252,0,13.636364,0.195120,6.159026,1.000000,-1.000000,1,0.662226,4.100124,4.836000
s5_traffic,vbf,8,50,5,500.000000,500.000000,3.000000,150.000000,120.000000,15.000000,512,10000.000000,200.000000,66,5,14,0,207,0,7.575758,0.108400,6.462273,1.000000,-1.000000,1,0.564528,4.549872,3.770000
s5_traffic,vbf,9,50,5,500.000000,500.000000,3.000000,150.000000,120.000000,15.000000,512,10000.000000,200.000000,66,5,22,0,209,0,7.575758,0.108400,3.116176,1.000000,-1.000000,1,0.541410,4.969189,3.806000
s5_traffic,vbf,10,50,5,500.000000,500.000000,3.000000,150.000000,120.000000,15.000000,512,10000.000000,200.000000,68,6,2,0,214,0,8.823529,0.130080,6.523937,1.000000,-1.000000,1,0.722209,2.474847,3.736000
s5_traffic,vbf,11,50,5,500.000000,500.000000,3.000000,150.000000,120.000000,15.000000,512,10000.000000,200.000000,67,9,11,0,177,0,13.432836,0.195120,3.846849,1.000000,-1.000000,1,0.531954,4.523583,3.356000
s5_traffic,vbf,12,50,5,500.000000,500.000000,3.000000,150.000000,120.000000,15.000000,512,10000.000000,200.000000,65,9,20,0,211,0,13.846154,0.195120,5.374125,1.000000,-1.000000,1,0.559819,4.675307,3.812000
s5_traffic,vbf,13,50,5,500.000000,500.000000,3.000000,150.000000,120.000000,15.000000,512,10000.000000,200.000000,66,10,38,0,236,0,15.151515,0.216800,3.743749,1.000000,-1.000000,1,0.526529,6.045381,4.404000
s5_traffic,vbf,14,50,5,500.000000,500.000000,3.000000,150.000000,120.000000,15.000000,512,10000.000000,200.000000,66,5,0,0,193,0,7.575758,0.108400,5.646482,1.000000,-1.000000,1,0.556961,4.235662,3.420000
s5_traffic,vbf,15,50,5,500.000000,500.000000,3.000000,150.000000,120.000000,15.000000,512,10000.000000,200.000000,68,7,18,0,182,0,10.294118,0.151760,5.930335,1.000000,-1.000000,1,0.514884,4.453177,3.120000
s5_traffic,vbf,17,50,5,500.000000,500.000000,3.000000,150.000000,120.000000,15.000000,512,10000.000000,200.000000,67,5,6,0,193,0,7.462687,0.108400,5.377386,1.000000,-1.000000,1,0.562238,4.091867,3.364000
s5_traffic,vbf,16,50,5,500.000000,500.000000,3.000000,150.000000,120.000000,15.000000,512,10000.000000,200.000000,68,4,7,0,263,0,5.882353,0.086720,3.510046,1.000000,-1.000000,1,0.682979,3.671616,4.700000
s5_traffic,vbf,18,50,5,500.000000,500.000000,3.000000,150.000000,120.000000,15.000000,512,10000.000000,200.000000,68,5,28,0,208,0,7.352941,0.108400,4.138219,1.000000,-1.000000,1,0.533144,5.082784,3.786000
s5_traffic,vbf,19,50,5,500.000000,500.000000,3.000000,150.000000,120.000000,15.000000,512,10000.000000,200.000000,68,7,16,0,221,0,10.294118,0.151760,5.130935,1.000000,-1.000000,1,0.502633,5.742362,3.862000
s5_traffic,vbf,20,50,5,500.000000,500.000000,3.000000,150.000000,120.000000,15.000000,512,10000.000000,200.000000,68,3,17,0,259,0,4.411765,0.065040,3.300507,1.000000,-1.000000,1,0.632359,4.504048,4.746000
s5_traffic,hhvbf,1,50,5,500.000000,500.000000,3.000000,150.000000,120.000000,15.000000,512,10000.000000,200.000000,66,5,9,0,226,0,7.575758,0.108400,7.003604,1.000000,-1.000000,1,0.575985,4.819345,4.154000
s5_traffic,hhvbf,3,50,5,500.000000,500.000000,3.000000,150.000000,120.000000,15.000000,512,10000.000000,200.000000,66,11,19,0,264,0,16.666667,0.238480,4.325005,1.000000,-1.000000,1,0.623111,4.641664,4.728000
s5_traffic,hhvbf,2,50,5,500.000000,500.000000,3.000000,150.000000,120.000000,15.000000,512,10000.000000,200.000000,66,13,21,0,259,0,19.696970,0.281840,4.351356,1.000000,-1.000000,1,0.653671,4.266846,4.870000
s5_traffic,hhvbf,4,50,5,500.000000,500.000000,3.000000,150.000000,120.000000,15.000000,512,10000.000000,200.000000,65,8,32,0,259,0,12.307692,0.173440,3.850574,1.000000,-1.000000,1,0.565003,5.855815,4.860000
s5_traffic,hhvbf,6,50,5,500.000000,500.000000,3.000000,150.000000,120.000000,15.000000,512,10000.000000,200.000000,67,5,10,0,239,0,7.462687,0.108400,7.036716,1.000000,-1.000000,1,0.628059,4.047497,4.198000
s5_traffic,hhvbf,5,50,5,500.000000,500.000000,3.000000,150.000000,120.000000,15.000000,512,10000.000000,200.000000,66,4,8,0,312,0,6.060606,0.086720,4.243836,1.000000,-1.000000,1,0.613157,5.499895,5.404000
s5_traffic,hhvbf,7,50,5,500.000000,500.000000,3.000000,150.000000,120.000000,15.000000,512,10000.000000,200.000000,66,9,25,0,324,0,13.636364,0.195120,7.555180,1.000000,-1.000000,1,0.705839,4.305291,6.056000
s5_traffic,hhvbf,8,50,5,500.000000,500.000000,3.000000,150.000000,120.000000,15.000000,512,10000.000000,200.000000,66,7,11,0,250,0,10.606061,0.151760,7.226814,1.000000,-1.000000,1,0.613775,4.480330,4.412000
s5_traffic,hhvbf,9,50,5,500.000000,500.000000,3.000000,150.000000,120.000000,15.000000,512,10000.000000,200.000000,66,6,24,0,257,0,9.090909,0.130080,4.331881,1.000000,-1.000000,1,0.603990,4.776668,4.542000
s5_traffic,hhvbf,11,50,5,500.000000,500.000000,3.000000,150.000000,120.000000,15.000000,512,10000.000000,200.000000,67,8,13,0,208,0,11.940299,0.173440,3.543213,1.000000,-1.000000,1,0.562922,4.689051,3.864000
s5_traffic,hhvbf,10,50,5,500.000000,500.000000,3.000000,150.000000,120.000000,15.000000,512,10000.000000,200.000000,68,6,5,0,245,0,8.823529,0.130080,7.369883,1.000000,-1.000000,1,0.754657,2.374207,4.162000
s5_traffic,hhvbf,12,50,5,500.000000,500.000000,3.000000,150.000000,120.000000,15.000000,512,10000.000000,200.000000,65,11,16,0,270,0,16.923077,0.238480,5.977577,1.000000,-1.000000,1,0.604583,4.846366,4.618000
s5_traffic,hhvbf,13,50,5,500.000000,500.000000,3.000000,150.000000,120.000000,15.000000,512,10000.000000,200.000000,66,10,34,0,261,0,15.151515,0.216800,3.241966,1.000000,-1.000000,1,0.601274,5.011987,4.720000
s5_traffic,hhvbf,14,50,5,500.000000,500.000000,3.000000,150.000000,120.000000,15.000000,512,10000.000000,200.000000,66,6,4,0,251,0,9.090909,0.130080,5.454758,1.000000,-1.000000,1,0.611172,4.458873,4.350000
s5_traffic,hhvbf,15,50,5,500.000000,500.000000,3.000000,150.000000,120.000000,15.000000,512,10000.000000,200.000000,68,7,19,0,211,0,10.294118,0.151760,4.781815,1.000000,-1.000000,1,0.558452,4.391608,3.564000
s5_traffic,hhvbf,16,50,5,500.000000,500.000000,3.000000,150.000000,120.000000,15.000000,512,10000.000000,200.000000,68,4,7,0,303,0,5.882353,0.086720,3.509866,1.000000,-1.000000,1,0.723197,3.499579,5.306000
s5_traffic,hhvbf,17,50,5,500.000000,500.000000,3.000000,150.000000,120.000000,15.000000,512,10000.000000,200.000000,67,5,8,0,226,0,7.462687,0.108400,5.322973,1.000000,-1.000000,1,0.568411,4.644427,3.900000
s5_traffic,hhvbf,18,50,5,500.000000,500.000000,3.000000,150.000000,120.000000,15.000000,512,10000.000000,200.000000,68,6,34,0,230,0,8.823529,0.130080,5.691275,1.000000,-1.000000,1,0.562677,5.088921,4.190000
s5_traffic,hhvbf,19,50,5,500.000000,500.000000,3.000000,150.000000,120.000000,15.000000,512,10000.000000,200.000000,68,8,25,0,259,0,11.764706,0.173440,5.969295,1.000000,-1.000000,1,0.572825,5.282786,4.504000
s5_traffic,dbr,1,50,5,500.000000,500.000000,3.000000,150.000000,120.000000,15.000000,512,10000.000000,200.000000,66,2,1,0,111,0,3.030303,0.003760,82.941018,1.000000,-1.000000,1,0.500368,3.286970,2.194000
s5_traffic,hhvbf,20,50,5,500.000000,500.000000,3.000000,150.000000,120.000000,15.000000,512,10000.000000,200.000000,68,4,24,0,299,0,5.882353,0.086720,3.696149,1.000000,-1.000000,1,0.686862,4.131248,5.372000
s5_traffic,dbr,2,50,5,500.000000,500.000000,3.000000,150.000000,120.000000,15.000000,512,10000.000000,200.000000,66,2,5,0,112,0,3.030303,0.003760,66.964760,2.000000,-1.000000,1,0.569122,2.589772,2.180000
s5_traffic,dbr,4,50,5,500.000000,500.000000,3.000000,150.000000,120.000000,15.000000,512,10000.000000,200.000000,65,3,16,0,111,0,4.615385,0.005640,37.211763,0.333333,-1.000000,1,0.543962,2.883922,2.228000
s5_traffic,dbr,3,50,5,500.000000,500.000000,3.000000,150.000000,120.000000,15.000000,512,10000.000000,200.000000,66,5,4,0,107,0,7.575758,0.009400,120.131391,0.600000,-1.000000,1,0.487836,3.286522,2.104000
s5_traffic,dbr,5,50,5,500.000000,500.000000,3.000000,150.000000,120.000000,15.000000,512,10000.000000,200.000000,66,3,2,0,108,0,4.545455,0.005640,124.401635,1.000000,-1.000000,1,0.468824,3.258446,1.958000
s5_traffic,dbr,6,50,5,500.000000,500.000000,3.000000,150.000000,120.000000,15.000000,512,10000.000000,200.000000,67,1,0,0,105,0,1.492537,0.001880,53.543308,2.000000,-1.000000,1,0.461283,3.300537,1.934000
s5_traffic,dbr,7,50,5,500.000000,500.000000,3.000000,150.000000,120.000000,15.000000,512,10000.000000,200.000000,66,2,0,0,109,0,3.030303,0.003760,175.481323,2.500000,-1.000000,1,0.494393,3.163564,2.070000
s5_traffic,dbr,8,50,5,500.000000,500.000000,3.000000,150.000000,120.000000,15.000000,512,10000.000000,200.000000,66,0,0,0,105,0,0.000000,0.000000,0.000000,0.000000,-1.000000,1,0.458987,3.346586,1.946000
s5_traffic,dbr,9,50,5,500.000000,500.000000,3.000000,150.000000,120.000000,15.000000,512,10000.000000,200.000000,66,3,9,0,108,0,4.545455,0.005640,7.601132,1.000000,-1.000000,1,0.473884,3.354489,2.050000
s5_traffic,dbr,10,50,5,500.000000,500.000000,3.000000,150.000000,120.000000,15.000000,512,10000.000000,200.000000,68,6,0,0,114,0,8.823529,0.011280,100.372083,2.666667,-1.000000,1,0.501150,2.994498,2.004000
s5_traffic,dbr,12,50,5,500.000000,500.000000,3.000000,150.000000,120.000000,15.000000,512,10000.000000,200.000000,65,3,0,0,112,0,4.615385,0.005640,68.452847,1.666667,-1.000000,1,0.496165,2.993013,1.970000
s5_traffic,dbr,11,50,5,500.000000,500.000000,3.000000,150.000000,120.000000,15.000000,512,10000.000000,200.000000,67,6,6,0,109,0,8.955224,0.011280,66.196736,3.166667,-1.000000,1,0.479359,3.332426,2.074000
s5_traffic,dbr,13,50,5,500.000000,500.000000,3.000000,150.000000,120.000000,15.000000,512,10000.000000,200.000000,66,3,11,0,108,0,4.545455,0.005640,45.835405,0.333333,-1.000000,1,0.483030,3.228430,2.034000
s5_traffic,dbr,14,50,5,500.000000,500.000000,3.000000,150.000000,120.000000,15.000000,512,10000.000000,200.000000,66,2,1,0,110,0,3.030303,0.003760,6.323116,0.500000,-1.000000,1,0.418658,3.762563,1.910000
s5_traffic,dbr,16,50,5,500.000000,500.000000,3.000000,150.000000,120.000000,15.000000,512,10000.000000,200.000000,68,1,3,0,108,0,1.470588,0.001880,21.809044,2.000000,-1.000000,1,0.460684,3.327661,1.946000
s5_traffic,dbr,15,50,5,500.000000,500.000000,3.000000,150.000000,120.000000,15.000000,512,10000.000000,200.000000,68,4,4,0,110,0,5.882353,0.007520,68.222354,3.250000,-1.000000,1,0.422735,3.660254,1.884000
s5_traffic,dbr,17,50,5,500.000000,500.000000,3.000000,150.000000,120.000000,15.000000,512,10000.000000,200.000000,67,0,0,0,108,0,0.000000,0.000000,0.000000,0.000000,-1.000000,1,0.435929,3.593418,1.934000
s5_traffic,dbr,19,50,5,500.000000,500.000000,3.000000,150.000000,120.000000,15.000000,512,10000.000000,200.000000,68,1,0,0,108,0,1.470588,0.001880,7.387036,2.000000,-1.000000,1,0.394686,4.093996,1.914000
s5_traffic,dbr,18,50,5,500.000000,500.000000,3.000000,150.000000,120.000000,15.000000,512,10000.000000,200.000000,68,3,0,0,110,0,4.411765,0.005640,86.989224,2.333333,-1.000000,1,0.419037,3.773451,1.918000
s5_traffic,dbr,20,50,5,500.000000,500.000000,3.000000,150.000000,120.000000,15.000000,512,10000.000000,200.000000,68,1,9,0,113,0,1.470588,0.001880,5.850429,0.000000,-1.000000,1,0.523687,3.012838,2.174000
