label,protocol,seed,nNodes,nSources,fieldSize,waterDepth,maxSpeed,basePipeR,commRange,packetInterval,payloadBytes,bitRate,simTime,generated,delivered,duplicates,dropped,transmissions,fallbacks,pdr_pct,throughput_kbps,mean_delay_s,mean_hops,lifetime_s,lifetime_censored,jain_fairness,energy_gap_J,mean_consumed_J
s1_density,adaptive,3,10,5,500.000000,500.000000,3.000000,150.000000,250.000000,6.000000,512,10000.000000,200.000000,165,79,63,33,397,11,47.878788,1.483520,1.567892,0.569620,-1.000000,1,0.942554,3.748308,31.660000
s1_density,adaptive,2,10,5,500.000000,500.000000,3.000000,150.000000,250.000000,6.000000,512,10000.000000,200.000000,164,78,72,46,333,18,47.560976,1.443840,1.096798,0.192308,-1.000000,1,0.941040,3.722593,30.610000
s1_density,adaptive,1,10,5,500.000000,500.000000,3.000000,150.000000,250.000000,6.000000,512,10000.000000,200.000000,164,70,95,29,354,14,42.682927,1.299200,1.219348,0.257143,-1.000000,1,0.903883,6.330738,31.270000
s1_density,adaptive,4,10,5,500.000000,500.000000,3.000000,150.000000,250.000000,6.000000,512,10000.000000,200.000000,163,51,64,72,335,20,31.288344,0.910080,1.194310,0.274510,-1.000000,1,0.940081,3.802464,30.750000
s1_density,adaptive,6,10,5,500.000000,500.000000,3.000000,150.000000,250.000000,6.000000,512,10000.000000,200.000000,165,72,79,7,375,2,43.636364,1.359360,1.384075,0.416667,-1.000000,1,0.889461,7.380265,31.430000
s1_density,adaptive,5,10,5,500.000000,500.000000,3.000000,150.000000,250.000000,6.000000,512,10000.000000,200.000000,165,52,41,65,382,80,31.515152,0.949760,1.284339,0.307692,-1.000000,1,0.921156,5.155101,31.350000
s1_density,adaptive,7,10,5,500.000000,500.000000,3.000000,150.000000,250.000000,6.000000,512,10000.000000,200.000000,165,1,16,122,324,62,0.606061,0.001280,0.215064,0.000000,-1.000000,1,0.905670,5.206271,26.230000
s1_density,adaptive,8,10,5,500.000000,500.000000,3.000000,150.000000,250.000000,6.000000,512,10000.000000,200.000000,164,48,53,76,348,46,29.268293,0.848640,1.299383,0.354167,-1.000000,1,0.948009,3.036180,28.420000
s1_density,adaptive,9,10,5,500.000000,500.000000,3.000000,150.000000,250.000000,6.000000,512,10000.000000,200.000000,163,35,38,40,342,65,21.472393,0.659200,1.137734,0.171429,-1.000000,1,0.851283,8.822748,27.280000
s1_density,adaptive,10,10,5,500.000000,500.000000,3.000000,150.000000,250.000000,6.000000,512,10000.000000,200.000000,165,67,54,97,334,9,40.606061,1.237760,1.232572,0.268657,-1.000000,1,0.909787,4.899014,25.870000
s1_density,adaptive,11,10,5,500.000000,500.000000,3.000000,150.000000,250.000000,6.000000,512,10000.000000,200.000000,165,44,69,92,342,31,26.666667,0.766720,1.639592,0.590909,-1.000000,1,0.943559,3.513302,30.220000
s1_density,adaptive,12,10,5,500.000000,500.000000,3.000000,150.000000,250.000000,6.000000,512,10000.000000,200.000000,165,64,70,63,391,66,38.787879,1.176320,1.378770,0.390625,-1.000000,1,0.944672,3.649258,32.040000
s1_density,adaptive,13,10,5,500.000000,500.000000,3.000000,150.000000,250.000000,6.000000,512,10000.000000,200.000000,165,46,79,58,362,36,27.878788,0.826880,1.620903,0.565217,-1.000000,1,0.923196,4.671918,29.200000
s1_density,adaptive,14,10,5,500.000000,500.000000,3.000000,150.000000,250.000000,6.000000,512,10000.000000,200.000000,165,64,50,43,397,51,38.787879,1.253120,1.237080,0.281250,-1.000000,1,0.912622,5.246426,28.650000
s1_density,adaptive,15,10,5,500.000000,500.000000,3.000000,150.000000,250.000000,6.000000,512,10000.000000,200.000000,164,77,70,38,372,36,46.951220,1.423360,1.247511,0.311688,-1.000000,1,0.866899,8.283862,28.900000
s1_density,adaptive,16,10,5,500.000000,500.000000,3.000000,150.000000,250.000000,6.000000,512,10000.000000,200.000000,165,83,79,24,423,37,50.303030,1.623040,1.726426,0.602410,-1.000000,1,0.922298,5.320083,32.850000
s1_density,adaptive,17,10,5,500.000000,500.000000,3.000000,150.000000,250.000000,6.000000,512,10000.000000,200.000000,163,89,55,10,352,19,54.601227,1.688320,1.355048,0.359551,-1.000000,1,0.894378,6.937474,31.010000
s1_density,adaptive,18,10,5,500.000000,500.000000,3.000000,150.000000,250.000000,6.000000,512,10000.000000,200.000000,165,79,72,0,383,6,47.878788,1.541120,1.458818,0.405063,-1.000000,1,0.929502,4.621494,31.580000
s1_density,adaptive,19,10,5,500.000000,500.000000,3.000000,150.000000,250.000000,6.000000,512,10000.000000,200.000000,165,42,43,16,377,25,25.454545,0.821760,1.847547,0.714286,-1.000000,1,0.918682,5.088246,29.960000
s1_density,adaptive,20,10,5,500.000000,500.000000,3.000000,150.000000,250.000000,6.000000,512,10000.000000,200.000000,164,72,57,47,373,38,43.902439,1.397760,1.752803,0.625000,-1.000000,1,0.919482,5.437594,32.350000
s1_density,vbf,1,10,5,500.000000,500.000000,3.000000,150.000000,250.000000,6.000000,512,10000.000000,200.000000,164,5,94,0,212,0,3.048780,0.108400,1.388144,1.000000,-1.000000,1,0.775551,9.573117,18.630000
s1_density,vbf,2,10,5,500.000000,500.000000,3.000000,150.000000,250.000000,6.000000,512,10000.000000,200.000000,164,7,100,0,237,0,4.268293,0.151760,1.561409,1.000000,-1.000000,1,0.824574,8.237032,21.220000
s1_density,vbf,3,10,5,500.000000,500.000000,3.000000,150.000000,250.000000,6.000000,512,10000.000000,200.000000,165,7,71,0,276,0,4.242424,0.151760,2.095051,1.000000,-1.000000,1,0.924307,3.334472,21.160000
s1_density,vbf,4,10,5,500.000000,500.000000,3.000000,150.000000,250.000000,6.000000,512,10000.000000,200.000000,163,6,65,0,230,0,3.680982,0.130080,1.616820,1.000000,-1.000000,1,0.701558,14.266919,19.710000
s1_density,vbf,5,10,5,500.000000,500.000000,3.000000,150.000000,250.000000,6.000000,512,10000.000000,200.000000,165,6,68,0,227,0,3.636364,0.130080,2.007432,1.000000,-1.000000,1,0.772469,10.102293,19.350000
s1_density,vbf,6,10,5,500.000000,500.000000,3.000000,150.000000,250.000000,6.000000,512,10000.000000,200.000000,165,6,98,0,263,0,3.636364,0.130080,2.289412,1.000000,-1.000000,1,0.762835,11.849125,21.620000
s1_density,vbf,7,10,5,500.000000,500.000000,3.000000,150.000000,250.000000,6.000000,512,10000.000000,200.000000,165,0,0,0,209,0,0.000000,0.000000,0.000000,0.000000,-1.000000,1,0.736676,10.764224,17.340000
s1_density,vbf,8,10,5,500.000000,500.000000,3.000000,150.000000,250.000000,6.000000,512,10000.000000,200.000000,164,7,67,0,227,0,4.268293,0.151760,1.985376,1.000000,-1.000000,1,0.821388,7.576715,19.130000
s1_density,vbf,10,10,5,500.000000,500.000000,3.000000,150.000000,250.000000,6.000000,512,10000.000000,200.000000,165,5,84,0,244,0,3.030303,0.108400,1.391727,1.000000,-1.000000,1,0.723154,11.860976,17.980000
s1_density,vbf,9,10,5,500.000000,500.000000,3.000000,150.000000,250.000000,6.000000,512,10000.000000,200.000000,163,3,74,0,206,0,1.840491,0.065040,2.262086,1.000000,-1.000000,1,0.633430,16.457286,17.410000
s1_density,vbf,13,10,5,500.000000,500.000000,3.000000,150.000000,250.000000,6.000000,512,10000.000000,200.000000,165,6,107,0,258,0,3.636364,0.130080,2.668949,1.000000,-1.000000,1,0.802899,9.312042,21.040000
s1_density,vbf,11,10,5,500.000000,500.000000,3.000000,150.000000,250.000000,6.000000,512,10000.000000,200.000000,165,7,63,0,225,0,4.242424,0.151760,2.477888,1.000000,-1.000000,1,0.833003,7.007713,19.070000
s1_density,vbf,12,10,5,500.000000,500.000000,3.000000,150.000000,250.000000,6.000000,512,10000.000000,200.000000,165,5,76,0,203,0,3.030303,0.108400,1.780560,1.000000,-1.000000,1,0.839466,5.951911,16.920000
s1_density,vbf,16,10,5,500.000000,500.000000,3.000000,150.000000,250.000000,6.000000,512,10000.000000,200.000000,165,4,109,0,221,0,2.424242,0.086720,1.508719,1.000000,-1.000000,1,0.803299,7.864336,17.810000
s1_density,vbf,15,10,5,500.000000,500.000000,3.000000,150.000000,250.000000,6.000000,512,10000.000000,200.000000,164,7,125,0,245,0,4.268293,0.151760,1.557901,1.000000,-1.000000,1,0.755386,11.419962,20.090000
s1_density,vbf,14,10,5,500.000000,500.000000,3.000000,150.000000,250.000000,6.000000,512,10000.000000,200.000000,165,3,88,0,241,0,1.818182,0.065040,1.620016,1.000000,-1.000000,1,0.823644,6.844971,17.530000
s1_density,vbf,19,10,5,500.000000,500.000000,3.000000,150.000000,250.000000,6.000000,512,10000.000000,200.000000,165,3,71,0,224,0,1.818182,0.065040,2.139016,1.000000,-1.000000,1,0.800023,8.229413,18.290000
s1_density,vbf,18,10,5,500.000000,500.000000,3.000000,150.000000,250.000000,6.000000,512,10000.000000,200.000000,165,4,106,0,237,0,2.424242,0.086720,1.537574,1.000000,-1.000000,1,0.805794,8.608616,19.780000
s1_density,vbf,17,10,5,500.000000,500.000000,3.000000,150.000000,250.000000,6.000000,512,10000.000000,200.000000,163,7,87,0,221,0,4.294479,0.151760,1.788929,1.000000,-1.000000,1,0.756632,10.949997,19.380000
s1_density,vbf,20,10,5,500.000000,500.000000,3.000000,150.000000,250.000000,6.000000,512,10000.000000,200.000000,164,7,108,0,238,0,4.268293,0.151760,2.364200,1.000000,-1.000000,1,0.858108,6.768649,22.030000
s1_density,hhvbf,1,10,5,500.000000,500.000000,3.000000,150.000000,250.000000,6.000000,512,10000.000000,200.000000,164,5,92,0,205,0,3.048780,0.108400,1.427510,1.000000,-1.000000,1,0.778356,9.282386,18.330000
s1_density,hhvbf,2,10,5,500.000000,500.000000,3.000000,150.000000,250.000000,6.000000,512,10000.000000,200.000000,164,7,109,0,225,0,4.268293,0.151760,1.536860,1.000000,-1.000000,1,0.844631,7.047619,20.770000
s1_density,hhvbf,3,10,5,500.000000,500.000000,3.000000,150.000000,250.000000,6.000000,512,10000.000000,200.000000,165,7,80,0,273,0,4.242424,0.151760,2.090418,1.000000,-1.000000,1,0.921984,3.454358,21.240000
s1_density,hhvbf,4,10,5,500.000000,500.000000,3.000000,150.000000,250.000000,6.000000,512,10000.000000,200.000000,163,6,66,0,231,0,3.680982,0.130080,1.616820,1.000000,-1.000000,1,0.702389,14.325476,19.860000
s1_density,hhvbf,5,10,5,500.000000,500.000000,3.000000,150.000000,250.000000,6.000000,512,10000.000000,200.000000,165,6,64,0,226,0,3.636364,0.130080,2.007432,1.000000,-1.000000,1,0.777529,9.744718,19.160000
s1_density,hhvbf,6,10,5,500.000000,500.000000,3.000000,150.000000,250.000000,6.000000,512,10000.000000,200.000000,165,6,100,0,268,0,3.636364,0.130080,3.183096,1.000000,-1.000000,1,0.774509,11.427901,22.120000
s1_density,hhvbf,7,10,5,500.000000,500.000000,3.000000,150.000000,250.000000,6.000000,512,10000.000000,200.000000,165,0,0,0,206,0,0.000000,0.000000,0.000000,0.000000,-1.000000,1,0.730866,10.905458,17.110000
s1_density,hhvbf,8,10,5,500.000000,500.000000,3.000000,150.000000,250.000000,6.000000,512,10000.000000,200.000000,164,7,61,0,226,0,4.268293,0.151760,1.572707,1.000000,-1.000000,1,0.822456,7.356873,18.700000
s1_density,hhvbf,10,10,5,500.000000,500.000000,3.000000,150.000000,250.000000,6.000000,512,10000.000000,200.000000,165,6,85,0,241,0,3.636364,0.130080,1.617739,1.000000,-1.000000,1,0.738424,10.893690,17.690000
s1_density,hhvbf,9,10,5,500.000000,500.000000,3.000000,150.000000,250.000000,6.000000,512,10000.000000,200.000000,163,3,76,0,207,0,1.840491,0.065040,2.262086,1.000000,-1.000000,1,0.634010,16.327720,17.310000
s1_density,hhvbf,11,10,5,500.000000,500.000000,3.000000,150.000000,250.000000,6.000000,512,10000.000000,200.000000,165,7,52,0,230,0,4.242424,0.151760,2.177349,1.000000,-1.000000,1,0.808448,8.171311,19.070000
s1_density,hhvbf,12,10,5,500.000000,500.000000,3.000000,150.000000,250.000000,6.000000,512,10000.000000,200.000000,165,5,74,0,200,0,3.030303,0.108400,1.780560,1.000000,-1.000000,1,0.837265,5.885001,16.480000
s1_density,hhvbf,13,10,5,500.000000,500.000000,3.000000,150.000000,250.000000,6.000000,512,10000.000000,200.000000,165,5,109,0,276,0,3.030303,0.108400,2.208452,1.000000,-1.000000,1,0.809426,9.504465,22.310000
s1_density,hhvbf,15,10,5,500.000000,500.000000,3.000000,150.000000,250.000000,6.000000,512,10000.000000,200.000000,164,7,124,0,245,0,4.268293,0.151760,1.557901,1.000000,-1.000000,1,0.748915,11.791473,20.110000
s1_density,hhvbf,14,10,5,500.000000,500.000000,3.000000,150.000000,250.000000,6.000000,512,10000.000000,200.000000,165,3,84,0,251,0,1.818182,0.065040,1.620016,1.000000,-1.000000,1,0.815846,7.451522,18.180000
s1_density,hhvbf,16,10,5,500.000000,500.000000,3.000000,150.000000,250.000000,6.000000,512,10000.000000,200.000000,165,4,115,0,229,0,2.424242,0.086720,2.037893,1.000000,-1.000000,1,0.825873,7.083395,18.400000
s1_density,hhvbf,17,10,5,500.000000,500.000000,3.000000,150.000000,250.000000,6.000000,512,10000.000000,200.000000,163,7,83,0,224,0,4.294479,0.151760,1.788929,1.000000,-1.000000,1,0.752341,11.092701,19.230000
s1_density,hhvbf,18,10,5,500.000000,500.000000,3.000000,150.000000,250.000000,6.000000,512,10000.000000,200.000000,165,4,105,0,245,0,2.424242,0.086720,2.038437,1.000000,-1.000000,1,0.795763,9.365329,20.320000
s1_density,hhvbf,19,10,5,500.000000,500.000000,3.000000,150.000000,250.000000,6.000000,512,10000.000000,200.000000,165,3,77,0,229,0,1.818182,0.065040,2.139016,1.000000,-1.000000,1,0.822455,7.329351,18.630000
s1_density,dbr,2,10,5,500.000000,500.000000,3.000000,150.000000,250.000000,6.000000,512,10000.000000,200.000000,164,5,126,0,173,0,3.048780,0.009400,33.985605,0.200000,-1.000000,1,0.868266,5.294915,18.680000
s1_density,dbr,1,10,5,500.000000,500.000000,3.000000,150.000000,250.000000,6.000000,512,10000.000000,200.000000,164,4,86,0,173,0,2.439024,0.007520,5.951045,0.500000,-1.000000,1,0.792858,7.869153,16.800000
s1_density,hhvbf,20,10,5,500.000000,500.000000,3.000000,150.000000,250.000000,6.000000,512,10000.000000,200.000000,164,7,108,0,235,0,4.268293,0.151760,2.364885,1.000000,-1.000000,1,0.855214,6.850163,21.810000
s1_density,dbr,3,10,5,500.000000,500.000000,3.000000,150.000000,250.000000,6.000000,512,10000.000000,200.000000,165,4,50,0,174,0,2.424242,0.007520,76.413961,0.250000,-1.000000,1,0.831091,5.027694,13.510000
s1_density,dbr,5,10,5,500.000000,500.000000,3.000000,150.000000,250.000000,6.000000,512,10000.000000,200.000000,165,5,63,0,174,0,3.030303,0.009400,64.692118,0.200000,-1.000000,1,0.758336,8.920638,15.920000
s1_density,dbr,4,10,5,500.000000,500.000000,3.000000,150.000000,250.000000,6.000000,512,10000.000000,200.000000,163,5,72,0,172,0,3.067485,0.009400,38.669233,0.600000,-1.000000,1,0.783175,8.397475,17.010000
s1_density,dbr,6,10,5,500.000000,500.000000,3.000000,150.000000,250.000000,6.000000,512,10000.000000,200.000000,165,6,91,0,174,0,3.636364,0.011280,41.210028,0.500000,-1.000000,1,0.760189,9.039847,16.280000
s1_density,dbr,7,10,5,500.000000,500.000000,3.000000,150.000000,250.000000,6.000000,512,10000.000000,200.000000,165,0,0,0,174,0,0.000000,0.000000,0.000000,0.000000,-1.000000,1,0.736390,9.504029,15.290000
s1_density,dbr,8,10,5,500.000000,500.000000,3.000000,150.000000,250.000000,6.000000,512,10000.000000,200.000000,164,6,64,0,173,0,3.658537,0.011280,27.201128,0.333333,-1.000000,1,0.803978,6.813064,15.490000
s1_density,dbr,11,10,5,500.000000,500.000000,3.000000,150.000000,250.000000,6.000000,512,10000.000000,200.000000,165,6,31,0,174,0,3.636364,0.011280,35.457000,0.666667,-1.000000,1,0.760750,8.749143,15.800000
s1_density,dbr,10,10,5,500.000000,500.000000,3.000000,150.000000,250.000000,6.000000,512,10000.000000,200.000000,165,4,91,0,174,0,2.424242,0.007520,49.908219,0.000000,-1.000000,1,0.741268,8.575642,14.110000
s1_density,dbr,9,10,5,500.000000,500.000000,3.000000,150.000000,250.000000,6.000000,512,10000.000000,200.000000,163,3,43,0,172,0,1.840491,0.005640,57.795283,0.000000,-1.000000,1,0.664414,12.963171,15.420000
s1_density,dbr,12,10,5,500.000000,500.000000,3.000000,150.000000,250.000000,6.000000,512,10000.000000,200.000000,165,3,45,0,174,0,1.818182,0.005640,64.073878,0.000000,-1.000000,1,0.780659,7.454627,14.900000
s1_density,dbr,14,10,5,500.000000,500.000000,3.000000,150.000000,250.000000,6.000000,512,10000.000000,200.000000,165,3,56,0,174,0,1.818182,0.005640,26.622719,0.333333,-1.000000,1,0.786171,6.403058,13.180000
s1_density,dbr,13,10,5,500.000000,500.000000,3.000000,150.000000,250.000000,6.000000,512,10000.000000,200.000000,165,6,74,0,174,0,3.636364,0.011280,34.899334,0.333333,-1.000000,1,0.753628,8.943277,15.600000
s1_density,dbr,15,10,5,500.000000,500.000000,3.000000,150.000000,250.000000,6.000000,512,10000.000000,200.000000,164,5,97,0,172,0,3.048780,0.009400,55.405679,0.200000,-1.000000,1,0.783398,6.903280,14.000000
s1_density,dbr,16,10,5,500.000000,500.000000,3.000000,150.000000,250.000000,6.000000,512,10000.000000,200.000000,165,3,84,0,174,0,1.818182,0.005640,6.302189,0.000000,-1.000000,1,0.768438,7.641824,14.340000
s1_density,dbr,17,10,5,500.000000,500.000000,3.000000,150.000000,250.000000,6.000000,512,10000.000000,200.000000,163,5,123,0,172,0,3.067485,0.009400,45.663040,0.000000,-1.000000,1,0.796067,7.982872,17.350000
s1_density,dbr,18,10,5,500.000000,500.000000,3.000000,150.000000,250.000000,6.000000,512,10000.000000,200.000000,165,4,91,0,174,0,2.424242,0.007520,6.739596,0.500000,-1.000000,1,0.839914,5.442635,15.520000
s1_density,dbr,20,10,5,500.000000,500.000000,3.000000,150.000000,250.000000,6.000000,512,10000.000000,200.000000,164,5,71,0,173,0,3.048780,0.009400,36.363541,0.400000,-1.000000,1,0.726719,11.343773,17.470000
s1_density,dbr,19,10,5,500.000000,500.000000,3.000000,150.000000,250.000000,6.000000,512,10000.000000,200.000000,165,3,29,0,174,0,1.818182,0.005640,76.509012,0.333333,-1.000000,1,0.782958,7.883300,15.950000
s1_density,adaptive,1,25,5,500.000000,500.000000,3.000000,150.000000,250.000000,6.000000,512,10000.000000,200.000000,164,77,112,12,653,50,46.951220,1.327360,1.372456,0.428571,-1.000000,1,0.948009,3.302006,30.908000
s1_density,adaptive,3,25,5,500.000000,500.000000,3.000000,150.000000,250.000000,6.000000,512,10000.000000,200.000000,165,86,118,20,669,28,52.121212,1.454080,1.871109,0.837209,-1.000000,1,0.929978,4.489101,30.892000
s1_density,adaptive,2,25,5,500.000000,500.000000,3.000000,150.000000,250.000000,6.000000,512,10000.000000,200.000000,164,78,138,30,628,11,47.560976,1.136640,1.067032,0.282051,-1.000000,1,0.954486,3.012182,32.320000
s1_density,adaptive,4,25,5,500.000000,500.000000,3.000000,150.000000,250.000000,6.000000,512,10000.000000,200.000000,163,73,156,49,623,41,44.785276,1.130240,1.252429,0.369863,-1.000000,1,0.974732,1.759319,34.368000
s1_density,adaptive,5,25,5,500.000000,500.000000,3.000000,150.000000,250.000000,6.000000,512,10000.000000,200.000000,165,60,112,36,609,59,36.363636,0.979200,1.369467,0.416667,-1.000000,1,0.949189,3.271302,31.352000
s1_density,adaptive,6,25,5,500.000000,500.000000,3.000000,150.000000,250.000000,6.000000,512,10000.000000,200.000000,165,67,143,0,653,1,40.606061,1.103360,1.353268,0.432836,-1.000000,1,0.931954,4.537071,32.164000
s1_density,adaptive,7,25,5,500.000000,500.000000,3.000000,150.000000,250.000000,6.000000,512,10000.000000,200.000000,165,60,94,16,656,54,36.363636,1.036800,1.978222,0.866667,-1.000000,1,0.962817,2.504834,33.044000
s1_density,adaptive,8,25,5,500.000000,500.000000,3.000000,150.000000,250.000000,6.000000,512,10000.000000,200.000000,164,82,113,45,628,53,50.000000,1.333760,1.306266,0.402439,-1.000000,1,0.949536,3.265376,31.516000
s1_density,adaptive,9,25,5,500.000000,500.000000,3.000000,150.000000,250.000000,6.000000,512,10000.000000,200.000000,163,50,57,48,676,79,30.674847,0.793600,1.994304,0.920000,-1.000000,1,0.943481,3.487578,29.956000
s1_density,adaptive,10,25,5,500.000000,500.000000,3.000000,150.000000,250.000000,6.000000,512,10000.000000,200.000000,165,92,113,41,714,42,55.757576,1.557760,1.412703,0.456522,-1.000000,1,0.969981,1.981159,32.496000
s1_density,adaptive,11,25,5,500.000000,500.000000,3.000000,150.000000,250.000000,6.000000,512,10000.000000,200.000000,165,71,135,48,648,80,43.030303,1.050880,1.269504,0.394366,-1.000000,1,0.956696,2.928060,33.060000
s1_density,adaptive,12,25,5,500.000000,500.000000,3.000000,150.000000,250.000000,6.000000,512,10000.000000,200.000000,165,69,170,23,660,98,41.818182,0.990720,1.381148,0.521739,-1.000000,1,0.960865,2.549272,31.920000
s1_density,adaptive,13,25,5,500.000000,500.000000,3.000000,150.000000,250.000000,6.000000,512,10000.000000,200.000000,165,70,108,71,602,10,42.424242,1.203200,1.031498,0.200000,-1.000000,1,0.967349,2.150961,32.392000
s1_density,adaptive,14,25,5,500.000000,500.000000,3.000000,150.000000,250.000000,6.000000,512,10000.000000,200.000000,165,65,95,17,710,55,39.393939,1.158400,2.059419,0.892308,-1.000000,1,0.964269,2.293331,31.508000
s1_density,adaptive,15,25,5,500.000000,500.000000,3.000000,150.000000,250.000000,6.000000,512,10000.000000,200.000000,164,89,137,45,634,37,54.268293,1.477120,1.567689,0.606742,-1.000000,1,0.934160,4.124541,30.256000
s1_density,adaptive,16,25,5,500.000000,500.000000,3.000000,150.000000,250.000000,6.000000,512,10000.000000,200.000000,165,77,119,6,698,72,46.666667,1.288960,1.570227,0.571429,-1.000000,1,0.944992,3.493877,30.860000
s1_density,adaptive,17,25,5,500.000000,500.000000,3.000000,150.000000,250.000000,6.000000,512,10000.000000,200.000000,163,83,148,48,591,28,50.920245,1.277440,1.122132,0.289157,-1.000000,1,0.920255,5.291546,31.800000
s1_density,adaptive,18,25,5,500.000000,500.000000,3.000000,150.000000,250.000000,6.000000,512,10000.000000,200.000000,165,82,137,0,659,12,49.696970,1.448960,1.452421,0.475610,-1.000000,1,0.954774,2.997081,32.368000
s1_density,adaptive,19,25,5,500.000000,500.000000,3.000000,150.000000,250.000000,6.000000,512,10000.000000,200.000000,165,58,114,0,643,19,35.151515,0.995840,1.705384,0.706897,-1.000000,1,0.959489,2.575645,31.132000
s1_density,vbf,1,25,5,500.000000,500.000000,3.000000,150.000000,250.000000,6.000000,512,10000.000000,200.000000,164,11,73,0,279,0,6.707317,0.238480,2.334422,1.000000,-1.000000,1,0.803795,5.452714,12.384000
s1_density,adaptive,20,25,5,500.000000,500.000000,3.000000,150.000000,250.000000,6.000000,512,10000.000000,200.000000,164,75,77,39,640,56,45.731707,1.248000,1.593834,0.613333,-1.000000,1,0.936939,4.065873,31.188000
s1_density,vbf,2,25,5,500.000000,500.000000,3.000000,150.000000,250.000000,6.000000,512,10000.000000,200.000000,164,14,64,0,355,0,8.536585,0.303520,3.307906,1.000000,-1.000000,1,0.777079,7.897693,15.492000
s1_density,vbf,3,25,5,500.000000,500.000000,3.000000,150.000000,250.000000,6.000000,512,10000.000000,200.000000,165,14,87,0,338,0,8.484848,0.303520,2.954639,1.000000,-1.000000,1,0.723048,9.268839,14.044000
s1_density,vbf,4,25,5,500.000000,500.000000,3.000000,150.000000,250.000000,6.000000,512,10000.000000,200.000000,163,14,85,0,322,0,8.588957,0.303520,3.385675,1.000000,-1.000000,1,0.861077,4.623980,15.400000
s1_density,vbf,5,25,5,500.000000,500.000000,3.000000,150.000000,250.000000,6.000000,512,10000.000000,200.000000,165,11,65,0,287,0,6.666667,0.238480,2.859894,1.000000,-1.000000,1,0.795719,6.147981,13.336000
s1_density,vbf,6,25,5,500.000000,500.000000,3.000000,150.000000,250.000000,6.000000,512,10000.000000,200.000000,165,12,93,0,288,0,7.272727,0.260160,2.865801,1.000000,-1.000000,1,0.700964,9.738132,13.420000
s1_density,vbf,7,25,5,500.000000,500.000000,3.000000,150.000000,250.000000,6.000000,512,10000.000000,200.000000,165,10,79,0,345,0,6.060606,0.216800,3.261871,1.000000,-1.000000,1,0.858425,4.782597,15.604000
s1_density,vbf,9,25,5,500.000000,500.000000,3.000000,150.000000,250.000000,6.000000,512,10000.000000,200.000000,163,7,63,0,317,0,4.294479,0.151760,3.125752,1.000000,-1.000000,1,0.784038,6.873858,13.988000
s1_density,vbf,8,25,5,500.000000,500.000000,3.000000,150.000000,250.000000,6.000000,512,10000.000000,200.000000,164,13,79,0,277,0,7.926829,0.281840,2.482205,1.000000,-1.000000,1,0.683435,10.286608,13.192000
s1_density,vbf,10,25,5,500.000000,500.000000,3.000000,150.000000,250.000000,6.000000,512,10000.000000,200.000000,165,14,98,0,389,0,8.484848,0.303520,3.181012,1.000000,-1.000000,1,0.831232,5.951816,16.008000
s1_density,vbf,11,25,5,500.000000,500.000000,3.000000,150.000000,250.000000,6.000000,512,10000.000000,200.000000,165,10,72,0,271,0,6.060606,0.216800,2.229321,1.000000,-1.000000,1,0.780047,6.731830,13.412000
s1_density,vbf,12,25,5,500.000000,500.000000,3.000000,150.000000,250.000000,6.000000,512,10000.000000,200.000000,165,11,70,0,296,0,6.666667,0.238480,2.812708,1.000000,-1.000000,1,0.814369,5.245785,12.684000
s1_density,vbf,13,25,5,500.000000,500.000000,3.000000,150.000000,250.000000,6.000000,512,10000.000000,200.000000,165,8,116,0,251,0,4.848485,0.173440,2.754181,1.000000,-1.000000,1,0.489624,17.788426,11.456000
s1_density,vbf,14,25,5,500.000000,500.000000,3.000000,150.000000,250.000000,6.000000,512,10000.000000,200.000000,165,8,69,0,364,0,4.848485,0.173440,3.391177,1.000000,-1.000000,1,0.849970,4.759690,14.576000
s1_density,vbf,15,25,5,500.000000,500.000000,3.000000,150.000000,250.000000,6.000000,512,10000.000000,200.000000,164,13,94,0,321,0,7.926829,0.281840,2.672447,1.000000,-1.000000,1,0.752886,8.834847,15.356000
s1_density,vbf,16,25,5,500.000000,500.000000,3.000000,150.000000,250.000000,6.000000,512,10000.000000,200.000000,165,10,86,0,306,0,6.060606,0.216800,2.640190,1.000000,-1.000000,1,0.801630,6.216615,13.944000
s1_density,vbf,17,25,5,500.000000,500.000000,3.000000,150.000000,250.000000,6.000000,512,10000.000000,200.000000,163,10,104,0,288,0,6.134969,0.216800,2.357928,1.000000,-1.000000,1,0.704772,10.666184,14.936000
s1_density,vbf,18,25,5,500.000000,500.000000,3.000000,150.000000,250.000000,6.000000,512,10000.000000,200.000000,165,11,96,0,306,0,6.666667,0.238480,2.813639,1.000000,-1.000000,1,0.780377,6.978701,13.928000
s1_density,vbf,19,25,5,500.000000,500.000000,3.000000,150.000000,250.000000,6.000000,512,10000.000000,200.000000,165,10,83,0,359,0,6.060606,0.216800,2.862892,1.000000,-1.000000,1,0.860555,5.073387,16.828000
s1_density,vbf,20,25,5,500.000000,500.000000,3.000000,150.000000,250.000000,6.000000,512,10000.000000,200.000000,164,10,97,0,306,0,6.097561,0.216800,2.656177,1.000000,-1.000000,1,0.748918,8.516020,14.524000
s1_density,hhvbf,1,25,5,500.000000,500.000000,3.000000,150.000000,250.000000,6.000000,512,10000.000000,200.000000,164,11,80,0,284,0,6.707317,0.238480,2.839004,1.000000,-1.000000,1,0.809477,5.427531,12.744000
s1_density,hhvbf,3,25,5,500.000000,500.000000,3.000000,150.000000,250.000000,6.000000,512,10000.000000,200.000000,165,13,79,0,337,0,7.878788,0.281840,3.712691,1.000000,-1.000000,1,0.723689,9.195262,13.972000
s1_density,hhvbf,2,25,5,500.000000,500.000000,3.000000,150.000000,250.000000,6.000000,512,10000.000000,200.000000,164,13,67,0,361,0,7.926829,0.281840,2.770961,1.000000,-1.000000,1,0.771905,8.304137,15.860000
s1_density,hhvbf,4,25,5,500.000000,500.000000,3.000000,150.000000,250.000000,6.000000,512,10000.000000,200.000000,163,13,99,0,325,0,7.975460,0.281840,2.786914,1.000000,-1.000000,1,0.825633,6.076394,15.760000
s1_density,hhvbf,6,25,5,500.000000,500.000000,3.000000,150.000000,250.000000,6.000000,512,10000.000000,200.000000,165,12,96,0,290,0,7.272727,0.260160,3.035410,1.000000,-1.000000,1,0.707962,9.621229,13.656000
s1_density,hhvbf,5,25,5,500.000000,500.000000,3.000000,150.000000,250.000000,6.000000,512,10000.000000,200.000000,165,12,64,0,295,0,7.272727,0.260160,3.034777,1.000000,-1.000000,1,0.785343,6.484346,13.288000
s1_density,hhvbf,7,25,5,500.000000,500.000000,3.000000,150.000000,250.000000,6.000000,512,10000.000000,200.000000,165,11,84,0,352,0,6.666667,0.238480,3.191441,1.000000,-1.000000,1,0.852242,5.099592,15.880000
s1_density,hhvbf,8,25,5,500.000000,500.000000,3.000000,150.000000,250.000000,6.000000,512,10000.000000,200.000000,164,13,79,0,281,0,7.926829,0.281840,2.620392,1.000000,-1.000000,1,0.674641,10.667179,13.208000
s1_density,hhvbf,9,25,5,500.000000,500.000000,3.000000,150.000000,250.000000,6.000000,512,10000.000000,200.000000,163,9,71,0,331,0,5.521472,0.195120,3.694290,1.000000,-1.000000,1,0.798863,6.601716,14.576000
s1_density,hhvbf,10,25,5,500.000000,500.000000,3.000000,150.000000,250.000000,6.000000,512,10000.000000,200.000000,165,15,91,0,400,0,9.090909,0.325200,3.100397,1.000000,-1.000000,1,0.831355,5.970774,16.072000
s1_density,hhvbf,11,25,5,500.000000,500.000000,3.000000,150.000000,250.000000,6.000000,512,10000.000000,200.000000,165,11,73,0,279,0,6.666667,0.238480,2.381340,1.000000,-1.000000,1,0.758073,7.733654,13.784000
s1_density,hhvbf,12,25,5,500.000000,500.000000,3.000000,150.000000,250.000000,6.000000,512,10000.000000,200.000000,165,12,72,0,289,0,7.272727,0.260160,2.868227,1.000000,-1.000000,1,0.812608,5.228323,12.508000
s1_density,hhvbf,13,25,5,500.000000,500.000000,3.000000,150.000000,250.000000,6.000000,512,10000.000000,200.000000,165,7,108,0,237,0,4.242424,0.151760,1.849214,1.000000,-1.000000,1,0.478964,17.272896,10.736000
s1_density,hhvbf,14,25,5,500.000000,500.000000,3.000000,150.000000,250.000000,6.000000,512,10000.000000,200.000000,165,8,72,0,371,0,4.848485,0.173440,3.294336,1.000000,-1.000000,1,0.866650,4.416276,15.376000
s1_density,hhvbf,15,25,5,500.000000,500.000000,3.000000,150.000000,250.000000,6.000000,512,10000.000000,200.000000,164,13,89,0,335,0,7.926829,0.281840,3.163273,1.000000,-1.000000,1,0.750372,9.044299,15.532000
s1_density,hhvbf,16,25,5,500.000000,500.000000,3.000000,150.000000,250.000000,6.000000,512,10000.000000,200.000000,165,10,95,0,314,0,6.060606,0.216800,3.032286,1.000000,-1.000000,1,0.796473,6.707815,14.612000
s1_density,hhvbf,17,25,5,500.000000,500.000000,3.000000,150.000000,250.000000,6.000000,512,10000.000000,200.000000,163,10,99,0,287,0,6.134969,0.216800,3.042932,1.000000,-1.000000,1,0.725316,9.581374,14.664000
s1_density,hhvbf,18,25,5,500.000000,500.000000,3.000000,150.000000,250.000000,6.000000,512,10000.000000,200.000000,165,11,99,0,316,0,6.666667,0.238480,3.212906,1.000000,-1.000000,1,0.760295,7.887423,14.212000
s1_density,hhvbf,19,25,5,500.000000,500.000000,3.000000,150.000000,250.000000,6.000000,512,10000.000000,200.000000,165,10,95,0,357,0,6.060606,0.216800,2.871088,1.000000,-1.000000,1,0.874801,4.514167,16.824000
s1_density,dbr,1,25,5,500.000000,500.000000,3.000000,150.000000,250.000000,6.000000,512,10000.000000,200.000000,164,5,83,0,187,0,3.048780,0.009400,5.955327,0.400000,-1.000000,1,0.713943,6.823327,9.936000
s1_density,hhvbf,20,25,5,500.000000,500.000000,3.000000,150.000000,250.000000,6.000000,512,10000.000000,200.000000,164,10,96,0,319,0,6.097561,0.216800,2.685162,1.000000,-1.000000,1,0.756146,8.545086,15.088000
s1_density,dbr,2,25,5,500.000000,500.000000,3.000000,150.000000,250.000000,6.000000,512,10000.000000,200.000000,164,10,132,0,187,0,6.097561,0.018800,14.899405,0.600000,-1.000000,1,0.787770,6.274761,13.028000
s1_density,dbr,4,25,5,500.000000,500.000000,3.000000,150.000000,250.000000,6.000000,512,10000.000000,200.000000,163,11,91,0,187,0,6.748466,0.020680,26.796464,0.636364,-1.000000,1,0.799940,5.137156,11.412000
s1_density,dbr,3,25,5,500.000000,500.000000,3.000000,150.000000,250.000000,6.000000,512,10000.000000,200.000000,165,7,100,0,189,0,4.242424,0.013160,23.588103,0.714286,-1.000000,1,0.666984,8.815742,10.592000
s1_density,dbr,5,25,5,500.000000,500.000000,3.000000,150.000000,250.000000,6.000000,512,10000.000000,200.000000,165,6,60,0,189,0,3.636364,0.011280,37.011508,0.666667,-1.000000,1,0.776692,5.952084,11.652000
s1_density,dbr,6,25,5,500.000000,500.000000,3.000000,150.000000,250.000000,6.000000,512,10000.000000,200.000000,165,6,101,0,189,0,3.636364,0.011280,41.138163,0.333333,-1.000000,1,0.723911,7.345296,11.172000
s1_density,dbr,7,25,5,500.000000,500.000000,3.000000,150.000000,250.000000,6.000000,512,10000.000000,200.000000,165,3,30,0,189,0,1.818182,0.005640,75.087376,0.333333,-1.000000,1,0.799255,5.108392,11.304000
s1_density,dbr,8,25,5,500.000000,500.000000,3.000000,150.000000,250.000000,6.000000,512,10000.000000,200.000000,164,7,90,0,188,0,4.268293,0.013160,21.796203,0.857143,-1.000000,1,0.684472,8.411130,10.832000
s1_density,dbr,9,25,5,500.000000,500.000000,3.000000,150.000000,250.000000,6.000000,512,10000.000000,200.000000,163,4,8,0,187,0,2.453988,0.007520,41.346609,1.250000,-1.000000,1,0.661601,9.049561,10.648000
s1_density,dbr,10,25,5,500.000000,500.000000,3.000000,150.000000,250.000000,6.000000,512,10000.000000,200.000000,165,5,64,0,189,0,3.030303,0.009400,42.435893,0.400000,-1.000000,1,0.776160,4.989151,9.740000
s1_density,dbr,12,25,5,500.000000,500.000000,3.000000,150.000000,250.000000,6.000000,512,10000.000000,200.000000,165,9,72,0,189,0,5.454545,0.016920,42.746715,1.111111,-1.000000,1,0.708799,6.952999,9.904000
s1_density,dbr,11,25,5,500.000000,500.000000,3.000000,150.000000,250.000000,6.000000,512,10000.000000,200.000000,165,7,69,0,189,0,4.242424,0.013160,43.184070,0.857143,-1.000000,1,0.761653,6.509514,11.808000
s1_density,dbr,13,25,5,500.000000,500.000000,3.000000,150.000000,250.000000,6.000000,512,10000.000000,200.000000,165,5,127,0,189,0,3.030303,0.009400,12.452279,1.000000,-1.000000,1,0.573532,11.967275,10.228000
s1_density,dbr,14,25,5,500.000000,500.000000,3.000000,150.000000,250.000000,6.000000,512,10000.000000,200.000000,165,3,31,0,189,0,1.818182,0.005640,9.080174,1.000000,-1.000000,1,0.696488,6.854677,9.272000
s1_density,dbr,15,25,5,500.000000,500.000000,3.000000,150.000000,250.000000,6.000000,512,10000.000000,200.000000,164,11,53,0,188,0,6.707317,0.020680,34.579902,1.000000,-1.000000,1,0.658894,9.632314,11.216000
s1_density,dbr,16,25,5,500.000000,500.000000,3.000000,150.000000,250.000000,6.000000,512,10000.000000,200.000000,165,7,67,0,189,0,4.242424,0.013160,46.209027,1.000000,-1.000000,1,0.737964,6.427887,10.416000
s1_density,dbr,18,25,5,500.000000,500.000000,3.000000,150.000000,250.000000,6.000000,512,10000.000000,200.000000,165,6,94,0,189,0,3.636364,0.011280,7.062757,1.166667,-1.000000,1,0.759571,6.128817,11.004000
s1_density,dbr,17,25,5,500.000000,500.000000,3.000000,150.000000,250.000000,6.000000,512,10000.000000,200.000000,163,11,117,0,187,0,6.748466,0.020680,30.949781,1.000000,-1.000000,1,0.752474,8.043002,13.952000
s1_density,dbr,19,25,5,500.000000,500.000000,3.000000,150.000000,250.000000,6.000000,512,10000.000000,200.000000,165,6,40,0,189,0,3.636364,0.011280,28.601380,1.000000,-1.000000,1,0.757560,6.463872,11.492000
s1_density,dbr,20,25,5,500.000000,500.000000,3.000000,150.000000,250.000000,6.000000,512,10000.000000,200.000000,164,7,76,0,187,0,4.268293,0.013160,40.659884,0.428571,-1.000000,1,0.742982,6.695097,11.104000
s1_density,adaptive,1,50,5,500.000000,500.000000,3.000000,150.000000,250.000000,6.000000,512,10000.000000,200.000000,164,96,187,9,1052,66,58.536585,1.390080,1.058349,0.260417,-1.000000,1,0.964606,2.933230,40.690000
s1_density,adaptive,2,50,5,500.000000,500.000000,3.000000,150.000000,250.000000,6.000000,512,10000.000000,200.000000,164,76,255,23,1037,19,46.341463,0.730880,0.874030,0.250000,-1.000000,1,0.983736,1.370019,41.772000
s1_density,adaptive,3,50,5,500.000000,500.000000,3.000000,150.000000,250.000000,6.000000,512,10000.000000,200.000000,165,87,210,12,1048,41,52.727273,1.186560,1.135258,0.356322,-1.000000,1,0.964027,2.673828,36.484000
s1_density,adaptive,4,50,5,500.000000,500.000000,3.000000,150.000000,250.000000,6.000000,512,10000.000000,200.000000,163,68,219,16,1034,45,41.717791,0.739840,0.842252,0.235294,-1.000000,1,0.973185,2.227954,40.978000
s1_density,adaptive,5,50,5,500.000000,500.000000,3.000000,150.000000,250.000000,6.000000,512,10000.000000,200.000000,165,70,189,14,1064,58,42.424242,0.915200,1.387078,0.571429,-1.000000,1,0.960863,3.034318,37.992000
s1_density,adaptive,6,50,5,500.000000,500.000000,3.000000,150.000000,250.000000,6.000000,512,10000.000000,200.000000,165,78,224,2,1077,25,47.272727,1.098240,1.332189,0.487179,-1.000000,1,0.967565,2.552321,38.696000
s1_density,adaptive,8,50,5,500.000000,500.000000,3.000000,150.000000,250.000000,6.000000,512,10000.000000,200.000000,164,71,245,17,1085,64,43.292683,0.743680,1.217965,0.521127,-1.000000,1,0.976112,1.927666,39.860000
s1_density,adaptive,7,50,5,500.000000,500.000000,3.000000,150.000000,250.000000,6.000000,512,10000.000000,200.000000,165,67,168,10,1009,33,40.606061,0.853760,1.403938,0.582090,-1.000000,1,0.969652,2.505887,40.650000
s1_density,adaptive,9,50,5,500.000000,500.000000,3.000000,150.000000,250.000000,6.000000,512,10000.000000,200.000000,163,78,185,32,1094,26,47.852761,1.117440,1.535489,0.653846,-1.000000,1,0.977536,1.736960,38.222000
s1_density,adaptive,10,50,5,500.000000,500.000000,3.000000,150.000000,250.000000,6.000000,512,10000.000000,200.000000,165,87,200,28,1104,28,52.727273,1.167360,1.441035,0.586207,-1.000000,1,0.979593,1.611448,39.076000
s1_density,adaptive,11,50,5,500.000000,500.000000,3.000000,150.000000,250.000000,6.000000,512,10000.000000,200.000000,165,104,155,41,1023,101,63.030303,1.419520,1.108187,0.346154,-1.000000,1,0.966304,2.765590,40.334000
s1_density,adaptive,12,50,5,500.000000,500.000000,3.000000,150.000000,250.000000,6.000000,512,10000.000000,200.000000,165,94,271,22,1048,69,56.969697,1.099520,1.073892,0.351064,-1.000000,1,0.974161,2.191525,41.852000
s1_density,adaptive,13,50,5,500.000000,500.000000,3.000000,150.000000,250.000000,6.000000,512,10000.000000,200.000000,165,89,187,26,1067,21,53.939394,1.361920,1.349852,0.494382,-1.000000,1,0.969511,2.498554,40.340000
s1_density,adaptive,14,50,5,500.000000,500.000000,3.000000,150.000000,250.000000,6.000000,512,10000.000000,200.000000,165,54,209,16,1098,44,32.727273,0.606720,1.550932,0.703704,-1.000000,1,0.975416,1.924851,38.662000
s1_density,adaptive,15,50,5,500.000000,500.000000,3.000000,150.000000,250.000000,6.000000,512,10000.000000,200.000000,164,85,189,25,1047,55,51.829268,1.049600,0.919942,0.223529,-1.000000,1,0.972732,2.020436,36.536000
s1_density,adaptive,16,50,5,500.000000,500.000000,3.000000,150.000000,250.000000,6.000000,512,10000.000000,200.000000,165,68,253,2,1078,19,41.212121,0.778240,1.332825,0.544118,-1.000000,1,0.977361,1.802531,39.354000
s1_density,adaptive,17,50,5,500.000000,500.000000,3.000000,150.000000,250.000000,6.000000,512,10000.000000,200.000000,163,75,224,42,1076,32,46.012270,0.787200,1.048592,0.386667,-1.000000,1,0.966651,2.634860,38.834000
s1_density,adaptive,18,50,5,500.000000,500.000000,3.000000,150.000000,250.000000,6.000000,512,10000.000000,200.000000,165,79,236,0,1091,3,47.878788,1.061120,1.414603,0.569620,-1.000000,1,0.966401,2.678324,39.176000
s1_density,vbf,1,50,5,500.000000,500.000000,3.000000,150.000000,250.000000,6.000000,512,10000.000000,200.000000,164,17,94,0,404,0,10.365854,0.368560,3.087907,1.000000,-1.000000,1,0.836261,4.595606,12.782000
s1_density,adaptive,19,50,5,500.000000,500.000000,3.000000,150.000000,250.000000,6.000000,512,10000.000000,200.000000,165,66,292,1,1084,16,40.000000,0.814080,1.313306,0.515152,-1.000000,1,0.967366,2.767297,41.696000
s1_density,adaptive,20,50,5,500.000000,500.000000,3.000000,150.000000,250.000000,6.000000,512,10000.000000,200.000000,164,66,161,29,1037,38,40.243902,0.910080,1.122282,0.348485,-1.000000,1,0.962816,3.048727,40.218000
s1_density,vbf,2,50,5,500.000000,500.000000,3.000000,150.000000,250.000000,6.000000,512,10000.000000,200.000000,164,20,55,0,396,0,12.195122,0.433600,3.022361,1.000000,-1.000000,1,0.846429,3.995954,11.928000
s1_density,vbf,3,50,5,500.000000,500.000000,3.000000,150.000000,250.000000,6.000000,512,10000.000000,200.000000,165,22,57,0,393,0,13.333333,0.476960,3.997583,1.000000,-1.000000,1,0.812070,4.956732,11.820000
s1_density,vbf,4,50,5,500.000000,500.000000,3.000000,150.000000,250.000000,6.000000,512,10000.000000,200.000000,163,21,87,0,386,0,12.883436,0.455280,3.332326,1.000000,-1.000000,1,0.829574,4.688532,12.474000
s1_density,vbf,5,50,5,500.000000,500.000000,3.000000,150.000000,250.000000,6.000000,512,10000.000000,200.000000,165,20,54,0,450,0,12.121212,0.433600,4.374599,1.000000,-1.000000,1,0.869015,3.497742,12.416000
s1_density,vbf,6,50,5,500.000000,500.000000,3.000000,150.000000,250.000000,6.000000,512,10000.000000,200.000000,165,18,59,0,424,0,10.909091,0.390240,3.921455,1.000000,-1.000000,1,0.867975,3.472660,12.222000
s1_density,vbf,7,50,5,500.000000,500.000000,3.000000,150.000000,250.000000,6.000000,512,10000.000000,200.000000,165,18,59,0,381,0,10.909091,0.390240,3.665612,1.000000,-1.000000,1,0.866431,3.513735,12.212000
s1_density,vbf,9,50,5,500.000000,500.000000,3.000000,150.000000,250.000000,6.000000,512,10000.000000,200.000000,163,16,94,0,445,0,9.815951,0.346880,3.889611,1.000000,-1.000000,1,0.790837,6.091075,12.860000
s1_density,vbf,8,50,5,500.000000,500.000000,3.000000,150.000000,250.000000,6.000000,512,10000.000000,200.000000,164,20,50,0,445,0,12.195122,0.433600,4.015685,1.000000,-1.000000,1,0.843711,4.355876,12.754000
s1_density,vbf,10,50,5,500.000000,500.000000,3.000000,150.000000,250.000000,6.000000,512,10000.000000,200.000000,165,21,81,0,499,0,12.727273,0.455280,3.833563,1.000000,-1.000000,1,0.903291,2.687332,13.188000
s1_density,vbf,11,50,5,500.000000,500.000000,3.000000,150.000000,250.000000,6.000000,512,10000.000000,200.000000,165,16,72,0,339,0,9.696970,0.346880,2.801754,1.000000,-1.000000,1,0.815092,4.714690,11.450000
s1_density,vbf,12,50,5,500.000000,500.000000,3.000000,150.000000,250.000000,6.000000,512,10000.000000,200.000000,165,24,86,0,388,0,14.545455,0.520320,3.717986,1.000000,-1.000000,1,0.849172,4.192292,12.764000
s1_density,vbf,13,50,5,500.000000,500.000000,3.000000,150.000000,250.000000,6.000000,512,10000.000000,200.000000,165,17,98,0,480,0,10.303030,0.368560,3.244359,1.000000,-1.000000,1,0.856224,4.192292,13.450000
s1_density,vbf,14,50,5,500.000000,500.000000,3.000000,150.000000,250.000000,6.000000,512,10000.000000,200.000000,165,18,65,0,487,0,10.909091,0.390240,4.598328,1.000000,-1.000000,1,0.827467,5.066325,13.296000
s1_density,vbf,15,50,5,500.000000,500.000000,3.000000,150.000000,250.000000,6.000000,512,10000.000000,200.000000,164,21,81,0,367,0,12.804878,0.455280,2.994383,1.000000,-1.000000,1,0.816157,4.966455,12.140000
s1_density,vbf,16,50,5,500.000000,500.000000,3.000000,150.000000,250.000000,6.000000,512,10000.000000,200.000000,165,24,75,0,469,0,14.545455,0.520320,4.009975,1.000000,-1.000000,1,0.866935,3.932673,13.724000
s1_density,vbf,17,50,5,500.000000,500.000000,3.000000,150.000000,250.000000,6.000000,512,10000.000000,200.000000,163,15,68,0,390,0,9.202454,0.325200,3.373824,1.000000,-1.000000,1,0.757148,6.533211,11.592000
s1_density,vbf,18,50,5,500.000000,500.000000,3.000000,150.000000,250.000000,6.000000,512,10000.000000,200.000000,165,20,77,0,482,0,12.121212,0.433600,4.119651,1.000000,-1.000000,1,0.851808,4.262879,13.232000
s1_density,vbf,19,50,5,500.000000,500.000000,3.000000,150.000000,250.000000,6.000000,512,10000.000000,200.000000,165,14,63,0,386,0,8.484848,0.303520,4.169751,1.000000,-1.000000,1,0.730295,6.774848,10.602000
s1_density,vbf,20,50,5,500.000000,500.000000,3.000000,150.000000,250.000000,6.000000,512,10000.000000,200.000000,164,16,86,0,390,0,9.756098,0.346880,3.249040,1.000000,-1.000000,1,0.845447,4.209554,12.478000
s1_density,hhvbf,1,50,5,500.000000,500.000000,3.000000,150.000000,250.000000,6.000000,512,10000.000000,200.000000,164,18,84,0,399,0,10.975610,0.390240,3.258056,1.000000,-1.000000,1,0.840327,4.309540,12.324000
s1_density,hhvbf,2,50,5,500.000000,500.000000,3.000000,150.000000,250.000000,6.000000,512,10000.000000,200.000000,164,21,53,0,379,0,12.804878,0.455280,3.311981,1.000000,-1.000000,1,0.854104,3.763179,11.882000
s1_density,hhvbf,3,50,5,500.000000,500.000000,3.000000,150.000000,250.000000,6.000000,512,10000.000000,200.000000,165,20,64,0,410,0,12.121212,0.433600,3.680788,1.000000,-1.000000,1,0.829240,4.517946,11.994000
s1_density,hhvbf,4,50,5,500.000000,500.000000,3.000000,150.000000,250.000000,6.000000,512,10000.000000,200.000000,163,21,81,0,388,0,12.883436,0.455280,2.930137,1.000000,-1.000000,1,0.843534,4.267603,12.480000
s1_density,hhvbf,5,50,5,500.000000,500.000000,3.000000,150.000000,250.000000,6.000000,512,10000.000000,200.000000,165,18,78,0,493,0,10.909091,0.390240,4.124185,1.000000,-1.000000,1,0.878004,3.499236,13.410000
s1_density,hhvbf,6,50,5,500.000000,500.000000,3.000000,150.000000,250.000000,6.000000,512,10000.000000,200.000000,165,20,76,0,446,0,12.121212,0.433600,4.550314,1.000000,-1.000000,1,0.867048,3.793349,13.250000
s1_density,hhvbf,7,50,5,500.000000,500.000000,3.000000,150.000000,250.000000,6.000000,512,10000.000000,200.000000,165,20,64,0,368,0,12.121212,0.433600,3.926093,1.000000,-1.000000,1,0.863218,3.411782,11.556000
s1_density,hhvbf,8,50,5,500.000000,500.000000,3.000000,150.000000,250.000000,6.000000,512,10000.000000,200.000000,164,23,46,0,462,0,14.024390,0.498640,4.077828,1.000000,-1.000000,1,0.847189,4.377400,13.138000
s1_density,hhvbf,9,50,5,500.000000,500.000000,3.000000,150.000000,250.000000,6.000000,512,10000.000000,200.000000,163,15,90,0,401,0,9.202454,0.325200,3.680755,1.000000,-1.000000,1,0.811329,5.064705,12.024000
s1_density,hhvbf,10,50,5,500.000000,500.000000,3.000000,150.000000,250.000000,6.000000,512,10000.000000,200.000000,165,23,75,0,530,0,13.939394,0.498640,3.781815,1.000000,-1.000000,1,0.920155,2.331651,13.994000
s1_density,hhvbf,11,50,5,500.000000,500.000000,3.000000,150.000000,250.000000,6.000000,512,10000.000000,200.000000,165,21,68,0,349,0,12.727273,0.455280,2.933288,1.000000,-1.000000,1,0.811006,4.866014,11.530000
s1_density,hhvbf,12,50,5,500.000000,500.000000,3.000000,150.000000,250.000000,6.000000,512,10000.000000,200.000000,165,21,72,0,377,0,12.727273,0.455280,3.492868,1.000000,-1.000000,1,0.861152,3.617201,12.054000
s1_density,hhvbf,13,50,5,500.000000,500.000000,3.000000,150.000000,250.000000,6.000000,512,10000.000000,200.000000,165,18,85,0,454,0,10.909091,0.390240,3.634615,1.000000,-1.000000,1,0.872983,3.572655,13.110000
s1_density,hhvbf,14,50,5,500.000000,500.000000,3.000000,150.000000,250.000000,6.000000,512,10000.000000,200.000000,165,16,77,0,500,0,9.696970,0.346880,4.135404,1.000000,-1.000000,1,0.846128,4.745158,14.134000
s1_density,hhvbf,15,50,5,500.000000,500.000000,3.000000,150.000000,250.000000,6.000000,512,10000.000000,200.000000,164,23,73,0,383,0,14.024390,0.498640,3.343523,1.000000,-1.000000,1,0.819594,4.952874,12.366000
s1_density,hhvbf,16,50,5,500.000000,500.000000,3.000000,150.000000,250.000000,6.000000,512,10000.000000,200.000000,165,19,68,0,437,0,11.515152,0.411920,3.910330,1.000000,-1.000000,1,0.868956,3.608816,12.804000
s1_density,hhvbf,17,50,5,500.000000,500.000000,3.000000,150.000000,250.000000,6.000000,512,10000.000000,200.000000,163,17,71,0,416,0,10.429448,0.368560,2.845924,1.000000,-1.000000,1,0.747453,7.276379,12.324000
s1_density,hhvbf,18,50,5,500.000000,500.000000,3.000000,150.000000,250.000000,6.000000,512,10000.000000,200.000000,165,21,84,0,494,0,12.727273,0.455280,4.524435,1.000000,-1.000000,1,0.856474,4.202374,13.508000
s1_density,hhvbf,19,50,5,500.000000,500.000000,3.000000,150.000000,250.000000,6.000000,512,10000.000000,200.000000,165,17,64,0,396,0,10.303030,0.368560,4.490719,1.000000,-1.000000,1,0.760492,6.139931,11.074000
s1_density,hhvbf,20,50,5,500.000000,500.000000,3.000000,150.000000,250.000000,6.000000,512,10000.000000,200.000000,164,19,87,0,424,0,11.585366,0.411920,3.463247,1.000000,-1.000000,1,0.843168,4.457540,13.002000
s1_density,dbr,1,50,5,500.000000,500.000000,3.000000,150.000000,250.000000,6.000000,512,10000.000000,200.000000,164,8,87,0,213,0,4.878049,0.015040,25.443554,0.500000,-1.000000,1,0.827947,4.233911,11.146000
s1_density,dbr,2,50,5,500.000000,500.000000,3.000000,150.000000,250.000000,6.000000,512,10000.000000,200.000000,164,12,98,0,213,0,7.317073,0.022560,28.350260,0.750000,-1.000000,1,0.844632,3.649003,10.754000
s1_density,dbr,3,50,5,500.000000,500.000000,3.000000,150.000000,250.000000,6.000000,512,10000.000000,200.000000,165,10,85,0,214,0,6.060606,0.018800,28.822184,1.400000,-1.000000,1,0.740136,6.129222,10.032000
s1_density,dbr,4,50,5,500.000000,500.000000,3.000000,150.000000,250.000000,6.000000,512,10000.000000,200.000000,163,9,89,0,210,0,5.521472,0.016920,7.134072,0.888889,-1.000000,1,0.819088,4.205046,10.466000
s1_density,dbr,5,50,5,500.000000,500.000000,3.000000,150.000000,250.000000,6.000000,512,10000.000000,200.000000,165,6,22,0,212,0,3.636364,0.011280,21.883672,1.500000,-1.000000,1,0.767297,5.193646,9.690000
s1_density,dbr,6,50,5,500.000000,500.000000,3.000000,150.000000,250.000000,6.000000,512,10000.000000,200.000000,165,8,71,0,211,0,4.848485,0.015040,21.195921,0.750000,-1.000000,1,0.789024,4.282325,8.952000
s1_density,dbr,8,50,5,500.000000,500.000000,3.000000,150.000000,250.000000,6.000000,512,10000.000000,200.000000,164,12,24,0,213,0,7.317073,0.022560,11.687887,1.083333,-1.000000,1,0.748258,5.135975,8.732000
s1_density,dbr,7,50,5,500.000000,500.000000,3.000000,150.000000,250.000000,6.000000,512,10000.000000,200.000000,165,7,42,0,210,0,4.242424,0.013160,43.428733,1.000000,-1.000000,1,0.767889,6.224478,11.648000
s1_density,dbr,9,50,5,500.000000,500.000000,3.000000,150.000000,250.000000,6.000000,512,10000.000000,200.000000,163,6,65,0,210,0,3.680982,0.011280,6.723122,1.500000,-1.000000,1,0.769234,4.832043,9.104000
s1_density,dbr,10,50,5,500.000000,500.000000,3.000000,150.000000,250.000000,6.000000,512,10000.000000,200.000000,165,10,53,0,213,0,6.060606,0.018800,31.628340,2.300000,-1.000000,1,0.742194,5.287904,8.738000
s1_density,dbr,11,50,5,500.000000,500.000000,3.000000,150.000000,250.000000,6.000000,512,10000.000000,200.000000,165,13,94,0,213,0,7.878788,0.024440,22.661457,1.153846,-1.000000,1,0.830967,4.008316,10.762000
s1_density,dbr,12,50,5,500.000000,500.000000,3.000000,150.000000,250.000000,6.000000,512,10000.000000,200.000000,165,13,101,0,214,0,7.878788,0.024440,17.366593,1.384615,-1.000000,1,0.807779,4.689846,10.902000
s1_density,dbr,13,50,5,500.000000,500.000000,3.000000,150.000000,250.000000,6.000000,512,10000.000000,200.000000,165,9,70,0,213,0,5.454545,0.016920,15.750812,1.111111,-1.000000,1,0.797989,4.287613,9.420000
s1_density,dbr,14,50,5,500.000000,500.000000,3.000000,150.000000,250.000000,6.000000,512,10000.000000,200.000000,165,7,10,0,213,0,4.242424,0.013160,18.922895,1.000000,-1.000000,1,0.744043,4.924527,8.208000
s1_density,dbr,15,50,5,500.000000,500.000000,3.000000,150.000000,250.000000,6.000000,512,10000.000000,200.000000,164,9,110,0,212,0,5.487805,0.016920,20.268908,0.444444,-1.000000,1,0.756035,5.873934,10.366000
s1_density,dbr,16,50,5,500.000000,500.000000,3.000000,150.000000,250.000000,6.000000,512,10000.000000,200.000000,165,12,24,0,212,0,7.272727,0.022560,20.730813,2.166667,-1.000000,1,0.702724,6.520253,9.052000
s1_density,dbr,17,50,5,500.000000,500.000000,3.000000,150.000000,250.000000,6.000000,512,10000.000000,200.000000,163,13,101,0,210,0,7.975460,0.024440,32.140408,0.923077,-1.000000,1,0.722470,5.617585,8.490000
s1_density,dbr,18,50,5,500.000000,500.000000,3.000000,150.000000,250.000000,6.000000,512,10000.000000,200.000000,165,6,48,0,211,0,3.636364,0.011280,17.643446,1.333333,-1.000000,1,0.731921,5.455389,8.600000
s1_density,dbr,19,50,5,500.000000,500.000000,3.000000,150.000000,250.000000,6.000000,512,10000.000000,200.000000,165,6,32,0,211,0,3.636364,0.011280,6.472296,1.333333,-1.000000,1,0.610613,9.260194,9.016000
s1_density,dbr,20,50,5,500.000000,500.000000,3.000000,150.000000,250.000000,6.000000,512,10000.000000,200.000000,164,6,62,0,211,0,3.658537,0.011280,11.603822,1.000000,-1.000000,1,0.790405,5.083818,10.708000
s1_density,adaptive,2,75,5,500.000000,500.000000,3.000000,150.000000,250.000000,6.000000,512,10000.000000,200.000000,164,90,300,26,1388,32,54.878049,0.576000,0.471105,0.055556,-1.000000,1,0.978376,2.131702,48.750667
s1_density,adaptive,1,75,5,500.000000,500.000000,3.000000,150.000000,250.000000,6.000000,512,10000.000000,200.000000,164,75,343,24,1453,12,45.731707,0.576000,0.678910,0.186667,-1.000000,1,0.975757,2.553302,52.014667
s1_density,adaptive,3,75,5,500.000000,500.000000,3.000000,150.000000,250.000000,6.000000,512,10000.000000,200.000000,165,81,330,2,1464,21,49.090909,0.756480,0.910839,0.308642,-1.000000,1,0.971971,2.598288,45.692000
s1_density,adaptive,4,75,5,500.000000,500.000000,3.000000,150.000000,250.000000,6.000000,512,10000.000000,200.000000,163,91,328,12,1427,30,55.828221,0.769280,0.683323,0.153846,-1.000000,1,0.969511,3.096079,49.988000
s1_density,adaptive,5,75,5,500.000000,500.000000,3.000000,150.000000,250.000000,6.000000,512,10000.000000,200.000000,165,58,284,8,1468,15,35.151515,0.458240,1.015350,0.431034,-1.000000,1,0.972623,2.593862,46.716000
s1_density,adaptive,6,75,5,500.000000,500.000000,3.000000,150.000000,250.000000,6.000000,512,10000.000000,200.000000,165,69,302,8,1459,19,41.818182,0.606720,0.892212,0.289855,-1.000000,1,0.976096,2.340649,48.366667
s1_density,adaptive,9,75,5,500.000000,500.000000,3.000000,150.000000,250.000000,6.000000,512,10000.000000,200.000000,163,75,243,13,1469,19,46.012270,0.806400,1.200921,0.480000,-1.000000,1,0.979262,1.826248,43.569333
s1_density,adaptive,8,75,5,500.000000,500.000000,3.000000,150.000000,250.000000,6.000000,512,10000.000000,200.000000,164,80,367,20,1487,62,48.780488,0.563200,0.516828,0.062500,-1.000000,1,0.968790,3.191578,50.320000
s1_density,adaptive,7,75,5,500.000000,500.000000,3.000000,150.000000,250.000000,6.000000,512,10000.000000,200.000000,165,81,253,5,1429,9,49.090909,0.794880,1.045664,0.382716,-1.000000,1,0.977522,2.163412,47.576000
s1_density,adaptive,10,75,5,500.000000,500.000000,3.000000,150.000000,250.000000,6.000000,512,10000.000000,200.000000,165,74,309,26,1474,12,44.848485,0.574720,0.847825,0.310811,-1.000000,1,0.979539,2.005135,48.493333
s1_density,adaptive,11,75,5,500.000000,500.000000,3.000000,150.000000,250.000000,6.000000,512,10000.000000,200.000000,165,86,308,26,1473,79,52.121212,0.686080,0.667285,0.151163,-1.000000,1,0.981354,1.833453,48.702667
s1_density,adaptive,12,75,5,500.000000,500.000000,3.000000,150.000000,250.000000,6.000000,512,10000.000000,200.000000,165,98,371,15,1455,42,59.393939,0.759040,0.631938,0.142857,-1.000000,1,0.972531,2.736022,49.109333
s1_density,adaptive,13,75,5,500.000000,500.000000,3.000000,150.000000,250.000000,6.000000,512,10000.000000,200.000000,165,88,225,14,1482,26,53.333333,1.130240,0.989578,0.272727,-1.000000,1,0.972931,2.667768,48.601333
s1_density,adaptive,14,75,5,500.000000,500.000000,3.000000,150.000000,250.000000,6.000000,512,10000.000000,200.000000,165,79,257,25,1468,46,47.878788,0.869120,0.895563,0.240506,-1.000000,1,0.982771,1.624679,46.740000
s1_density,adaptive,15,75,5,500.000000,500.000000,3.000000,150.000000,250.000000,6.000000,512,10000.000000,200.000000,164,90,323,32,1434,38,54.878049,0.691200,0.709688,0.188889,-1.000000,1,0.976536,2.209042,46.514667
s1_density,adaptive,16,75,5,500.000000,500.000000,3.000000,150.000000,250.000000,6.000000,512,10000.000000,200.000000,165,92,232,0,1459,23,55.757576,0.981760,0.831061,0.217391,-1.000000,1,0.976282,2.273057,47.342667
s1_density,adaptive,18,75,5,500.000000,500.000000,3.000000,150.000000,250.000000,6.000000,512,10000.000000,200.000000,165,67,291,0,1520,11,40.606061,0.604160,1.056170,0.402985,-1.000000,1,0.975849,2.284689,46.722667
s1_density,adaptive,17,75,5,500.000000,500.000000,3.000000,150.000000,250.000000,6.000000,512,10000.000000,200.000000,163,96,262,38,1486,24,58.895706,0.775680,0.670330,0.156250,-1.000000,1,0.969883,2.954742,48.304000
s1_density,adaptive,19,75,5,500.000000,500.000000,3.000000,150.000000,250.000000,6.000000,512,10000.000000,200.000000,165,79,334,0,1466,1,47.878788,0.849920,0.845822,0.227848,-1.000000,1,0.975619,2.329629,47.185333
s1_density,vbf,1,75,5,500.000000,500.000000,3.000000,150.000000,250.000000,6.000000,512,10000.000000,200.000000,164,23,80,0,483,0,14.024390,0.498640,3.511250,1.000000,-1.000000,1,0.828986,4.249995,11.264000
s1_density,adaptive,20,75,5,500.000000,500.000000,3.000000,150.000000,250.000000,6.000000,512,10000.000000,200.000000,164,92,278,17,1415,22,56.097561,0.943360,0.837308,0.217391,-1.000000,1,0.973970,2.556926,48.468000
s1_density,vbf,2,75,5,500.000000,500.000000,3.000000,150.000000,250.000000,6.000000,512,10000.000000,200.000000,164,17,62,0,410,0,10.365854,0.368560,3.439486,1.000000,-1.000000,1,0.836913,3.638242,10.164000
s1_density,vbf,3,75,5,500.000000,500.000000,3.000000,150.000000,250.000000,6.000000,512,10000.000000,200.000000,165,27,64,0,556,0,16.363636,0.585360,3.971414,1.000000,-1.000000,1,0.854143,3.901196,12.321333
s1_density,vbf,4,75,5,500.000000,500.000000,3.000000,150.000000,250.000000,6.000000,512,10000.000000,200.000000,163,25,61,0,467,0,15.337423,0.542000,3.883025,1.000000,-1.000000,1,0.868491,3.305382,11.682667
s1_density,vbf,5,75,5,500.000000,500.000000,3.000000,150.000000,250.000000,6.000000,512,10000.000000,200.000000,165,23,71,0,524,0,13.939394,0.498640,4.316846,1.000000,-1.000000,1,0.873124,3.347559,12.298667
s1_density,vbf,6,75,5,500.000000,500.000000,3.000000,150.000000,250.000000,6.000000,512,10000.000000,200.000000,165,21,63,0,410,0,12.727273,0.455280,3.730478,1.000000,-1.000000,1,0.845063,3.522180,10.412000
s1_density,vbf,8,75,5,500.000000,500.000000,3.000000,150.000000,250.000000,6.000000,512,10000.000000,200.000000,164,17,47,0,365,0,10.365854,0.368560,3.497840,1.000000,-1.000000,1,0.767312,5.321527,9.929333
s1_density,vbf,7,75,5,500.000000,500.000000,3.000000,150.000000,250.000000,6.000000,512,10000.000000,200.000000,165,23,54,0,442,0,13.939394,0.498640,3.914354,1.000000,-1.000000,1,0.875633,2.978331,11.180000
s1_density,vbf,9,75,5,500.000000,500.000000,3.000000,150.000000,250.000000,6.000000,512,10000.000000,200.000000,163,18,65,0,455,0,11.042945,0.390240,3.312222,1.000000,-1.000000,1,0.855807,3.478665,11.125333
s1_density,vbf,11,75,5,500.000000,500.000000,3.000000,150.000000,250.000000,6.000000,512,10000.000000,200.000000,165,19,48,0,402,0,11.515152,0.411920,3.060536,1.000000,-1.000000,1,0.783256,4.618178,9.358667
s1_density,vbf,12,75,5,500.000000,500.000000,3.000000,150.000000,250.000000,6.000000,512,10000.000000,200.000000,165,25,56,0,437,0,15.151515,0.542000,3.784606,1.000000,-1.000000,1,0.836165,3.776149,10.496000
s1_density,vbf,10,75,5,500.000000,500.000000,3.000000,150.000000,250.000000,6.000000,512,10000.000000,200.000000,165,25,61,0,464,0,15.151515,0.542000,3.785811,1.000000,-1.000000,1,0.835566,3.910900,10.826667
s1_density,vbf,14,75,5,500.000000,500.000000,3.000000,150.000000,250.000000,6.000000,512,10000.000000,200.000000,165,19,64,0,483,0,11.515152,0.411920,3.985341,1.000000,-1.000000,1,0.850544,3.494117,10.745333
s1_density,vbf,13,75,5,500.000000,500.000000,3.000000,150.000000,250.000000,6.000000,512,10000.000000,200.000000,165,17,70,0,410,0,10.303030,0.368560,2.983289,1.000000,-1.000000,1,0.727746,5.915484,9.152000
s1_density,vbf,15,75,5,500.000000,500.000000,3.000000,150.000000,250.000000,6.000000,512,10000.000000,200.000000,164,26,68,0,428,0,15.853659,0.563680,3.314081,1.000000,-1.000000,1,0.823887,4.202813,10.780000
s1_density,vbf,16,75,5,500.000000,500.000000,3.000000,150.000000,250.000000,6.000000,512,10000.000000,200.000000,165,21,85,0,461,0,12.727273,0.455280,4.030572,1.000000,-1.000000,1,0.782338,5.354189,10.797333
s1_density,vbf,17,75,5,500.000000,500.000000,3.000000,150.000000,250.000000,6.000000,512,10000.000000,200.000000,163,22,86,0,374,0,13.496933,0.476960,3.135370,1.000000,-1.000000,1,0.728785,6.299791,9.792000
s1_density,vbf,18,75,5,500.000000,500.000000,3.000000,150.000000,250.000000,6.000000,512,10000.000000,200.000000,165,22,57,0,516,0,13.333333,0.476960,3.773066,1.000000,-1.000000,1,0.871597,2.960901,10.738667
s1_density,vbf,19,75,5,500.000000,500.000000,3.000000,150.000000,250.000000,6.000000,512,10000.000000,200.000000,165,22,63,0,456,0,13.333333,0.476960,3.809994,1.000000,-1.000000,1,0.860828,3.145220,10.454667
s1_density,vbf,20,75,5,500.000000,500.000000,3.000000,150.000000,250.000000,6.000000,512,10000.000000,200.000000,164,25,66,0,457,0,15.243902,0.542000,4.093003,1.000000,-1.000000,1,0.870093,3.079855,11.030667
s1_density,hhvbf,1,75,5,500.000000,500.000000,3.000000,150.000000,250.000000,6.000000,512,10000.000000,200.000000,164,28,70,0,478,0,17.073171,0.607040,3.623764,1.000000,-1.000000,1,0.849171,3.700502,11.266667
s1_density,hhvbf,2,75,5,500.000000,500.000000,3.000000,150.000000,250.000000,6.000000,512,10000.000000,200.000000,164,21,68,0,408,0,12.804878,0.455280,3.427233,1.000000,-1.000000,1,0.824096,3.956375,10.161333
s1_density,hhvbf,3,75,5,500.000000,500.000000,3.000000,150.000000,250.000000,6.000000,512,10000.000000,200.000000,165,27,51,0,552,0,16.363636,0.585360,3.896942,1.000000,-1.000000,1,0.841426,4.021883,11.589333
s1_density,hhvbf,4,75,5,500.000000,500.000000,3.000000,150.000000,250.000000,6.000000,512,10000.000000,200.000000,163,24,71,0,452,0,14.723926,0.520320,4.395194,1.000000,-1.000000,1,0.866784,3.216409,11.210667
s1_density,hhvbf,5,75,5,500.000000,500.000000,3.000000,150.000000,250.000000,6.000000,512,10000.000000,200.000000,165,30,50,0,553,0,18.181818,0.650400,4.630913,1.000000,-1.000000,1,0.887401,2.919158,12.189333
s1_density,hhvbf,6,75,5,500.000000,500.000000,3.000000,150.000000,250.000000,6.000000,512,10000.000000,200.000000,165,20,62,0,431,0,12.121212,0.433600,3.954297,1.000000,-1.000000,1,0.842191,3.717896,10.770667
s1_density,hhvbf,7,75,5,500.000000,500.000000,3.000000,150.000000,250.000000,6.000000,512,10000.000000,200.000000,165,23,55,0,437,0,13.939394,0.498640,3.772857,1.000000,-1.000000,1,0.863858,3.238980,11.026667
s1_density,hhvbf,8,75,5,500.000000,500.000000,3.000000,150.000000,250.000000,6.000000,512,10000.000000,200.000000,164,18,46,0,377,0,10.975610,0.390240,3.161019,1.000000,-1.000000,1,0.762373,5.351861,9.742667
s1_density,hhvbf,9,75,5,500.000000,500.000000,3.000000,150.000000,250.000000,6.000000,512,10000.000000,200.000000,163,20,40,0,415,0,12.269939,0.433600,3.558294,1.000000,-1.000000,1,0.855433,3.033648,9.674667
s1_density,hhvbf,10,75,5,500.000000,500.000000,3.000000,150.000000,250.000000,6.000000,512,10000.000000,200.000000,165,28,62,0,500,0,16.969697,0.607040,3.758915,1.000000,-1.000000,1,0.831886,4.046052,10.929333
s1_density,hhvbf,11,75,5,500.000000,500.000000,3.000000,150.000000,250.000000,6.000000,512,10000.000000,200.000000,165,18,47,0,411,0,10.909091,0.390240,2.898123,1.000000,-1.000000,1,0.790641,4.672014,9.853333
s1_density,hhvbf,13,75,5,500.000000,500.000000,3.000000,150.000000,250.000000,6.000000,512,10000.000000,200.000000,165,18,69,0,406,0,10.909091,0.390240,3.293673,1.000000,-1.000000,1,0.741347,5.849469,9.628000
s1_density,hhvbf,12,75,5,500.000000,500.000000,3.000000,150.000000,250.000000,6.000000,512,10000.000000,200.000000,165,21,53,0,422,0,12.727273,0.455280,3.172073,1.000000,-1.000000,1,0.838519,3.678434,10.389333
s1_density,hhvbf,14,75,5,500.000000,500.000000,3.000000,150.000000,250.000000,6.000000,512,10000.000000,200.000000,165,22,64,0,529,0,13.333333,0.476960,3.794595,1.000000,-1.000000,1,0.854416,3.459289,10.948000
s1_density,hhvbf,16,75,5,500.000000,500.000000,3.000000,150.000000,250.000000,6.000000,512,10000.000000,200.000000,165,18,89,0,457,0,10.909091,0.390240,3.335523,1.000000,-1.000000,1,0.813153,4.720682,11.330667
s1_density,hhvbf,17,75,5,500.000000,500.000000,3.000000,150.000000,250.000000,6.000000,512,10000.000000,200.000000,163,21,75,0,391,0,12.883436,0.455280,2.940704,1.000000,-1.000000,1,0.736289,6.037151,9.708000
s1_density,hhvbf,15,75,5,500.000000,500.000000,3.000000,150.000000,250.000000,6.000000,512,10000.000000,200.000000,164,29,54,0,420,0,17.682927,0.628720,3.547618,1.000000,-1.000000,1,0.842844,3.480603,10.129333
s1_density,hhvbf,20,75,5,500.000000,500.000000,3.000000,150.000000,250.000000,6.000000,512,10000.000000,200.000000,164,25,48,0,462,0,15.243902,0.542000,3.429416,1.000000,-1.000000,1,0.881775,2.707015,10.729333
s1_density,hhvbf,18,75,5,500.000000,500.000000,3.000000,150.000000,250.000000,6.000000,512,10000.000000,200.000000,165,28,51,0,545,0,16.969697,0.607040,4.193136,1.000000,-1.000000,1,0.873115,2.991765,10.990667
s1_density,hhvbf,19,75,5,500.000000,500.000000,3.000000,150.000000,250.000000,6.000000,512,10000.000000,200.000000,165,27,75,0,467,0,16.363636,0.585360,4.101327,1.000000,-1.000000,1,0.858323,3.371276,10.990667
s1_density,dbr,1,75,5,500.000000,500.000000,3.000000,150.000000,250.000000,6.000000,512,10000.000000,200.000000,164,8,45,0,234,0,4.878049,0.015040,6.880394,0.875000,-1.000000,1,0.790154,4.155179,8.740000
s1_density,dbr,2,75,5,500.000000,500.000000,3.000000,150.000000,250.000000,6.000000,512,10000.000000,200.000000,164,11,123,0,229,0,6.707317,0.020680,23.047312,1.272727,-1.000000,1,0.796977,4.736346,10.346667
s1_density,dbr,3,75,5,500.000000,500.000000,3.000000,150.000000,250.000000,6.000000,512,10000.000000,200.000000,165,11,46,0,234,0,6.666667,0.020680,43.732951,1.909091,-1.000000,1,0.780482,4.330715,8.648000
s1_density,dbr,4,75,5,500.000000,500.000000,3.000000,150.000000,250.000000,6.000000,512,10000.000000,200.000000,163,8,69,0,229,0,4.907975,0.015040,24.373218,1.000000,-1.000000,1,0.854433,3.059092,9.682667
s1_density,dbr,6,75,5,500.000000,500.000000,3.000000,150.000000,250.000000,6.000000,512,10000.000000,200.000000,165,10,53,0,235,0,6.060606,0.018800,32.285008,1.100000,-1.000000,1,0.770723,5.035818,9.560000
s1_density,dbr,5,75,5,500.000000,500.000000,3.000000,150.000000,250.000000,6.000000,512,10000.000000,200.000000,165,9,8,0,232,0,5.454545,0.016920,12.911663,2.111111,-1.000000,1,0.739150,5.064714,8.252000
s1_density,dbr,8,75,5,500.000000,500.000000,3.000000,150.000000,250.000000,6.000000,512,10000.000000,200.000000,164,8,66,0,234,0,4.878049,0.015040,17.034846,0.625000,-1.000000,1,0.771531,4.261784,8.124000
s1_density,dbr,7,75,5,500.000000,500.000000,3.000000,150.000000,250.000000,6.000000,512,10000.000000,200.000000,165,10,82,0,232,0,6.060606,0.018800,13.160526,0.900000,-1.000000,1,0.829562,3.753410,9.985333
s1_density,dbr,9,75,5,500.000000,500.000000,3.000000,150.000000,250.000000,6.000000,512,10000.000000,200.000000,163,8,28,0,234,0,4.907975,0.015040,35.772823,1.000000,-1.000000,1,0.769573,5.081608,9.590667
s1_density,dbr,10,75,5,500.000000,500.000000,3.000000,150.000000,250.000000,6.000000,512,10000.000000,200.000000,165,13,49,0,235,0,7.878788,0.024440,30.696700,1.461538,-1.000000,1,0.770979,4.802004,9.128000
s1_density,dbr,11,75,5,500.000000,500.000000,3.000000,150.000000,250.000000,6.000000,512,10000.000000,200.000000,165,13,45,0,235,0,7.878788,0.024440,43.494448,1.461538,-1.000000,1,0.812410,3.658772,8.742667
s1_density,dbr,12,75,5,500.000000,500.000000,3.000000,150.000000,250.000000,6.000000,512,10000.000000,200.000000,165,7,86,0,238,0,4.242424,0.013160,36.592406,0.857143,-1.000000,1,0.823411,3.875050,9.909333
s1_density,dbr,13,75,5,500.000000,500.000000,3.000000,150.000000,250.000000,6.000000,512,10000.000000,200.000000,165,9,96,0,233,0,5.454545,0.016920,13.869086,1.000000,-1.000000,1,0.714817,6.036882,8.824000
s1_density,dbr,14,75,5,500.000000,500.000000,3.000000,150.000000,250.000000,6.000000,512,10000.000000,200.000000,165,8,69,0,234,0,4.848485,0.015040,47.795804,1.250000,-1.000000,1,0.800913,4.042681,9.030667
s1_density,dbr,15,75,5,500.000000,500.000000,3.000000,150.000000,250.000000,6.000000,512,10000.000000,200.000000,164,8,70,0,231,0,4.878049,0.015040,14.669342,0.875000,-1.000000,1,0.837136,3.273900,9.160000
s1_density,dbr,16,75,5,500.000000,500.000000,3.000000,150.000000,250.000000,6.000000,512,10000.000000,200.000000,165,12,86,0,233,0,7.272727,0.022560,10.326749,1.666667,-1.000000,1,0.770996,4.614311,8.772000
s1_density,dbr,17,75,5,500.000000,500.000000,3.000000,150.000000,250.000000,6.000000,512,10000.000000,200.000000,163,10,124,0,233,0,6.134969,0.018800,25.707715,1.000000,-1.000000,1,0.771376,4.364565,8.313333
s1_density,dbr,18,75,5,500.000000,500.000000,3.000000,150.000000,250.000000,6.000000,512,10000.000000,200.000000,165,7,19,0,234,0,4.242424,0.013160,7.652824,1.428571,-1.000000,1,0.756362,4.457413,7.878667
s1_density,dbr,19,75,5,500.000000,500.000000,3.000000,150.000000,250.000000,6.000000,512,10000.000000,200.000000,165,9,46,0,234,0,5.454545,0.016920,7.885082,1.777778,-1.000000,1,0.818923,3.504431,8.713333
s1_density,dbr,20,75,5,500.000000,500.000000,3.000000,150.000000,250.000000,6.000000,512,10000.000000,200.000000,164,18,69,0,233,0,10.975610,0.033840,32.695033,1.666667,-1.000000,1,0.817058,3.844963,9.450667
s1_density,adaptive,1,100,5,500.000000,500.000000,3.000000,150.000000,250.000000,6.000000,512,10000.000000,200.000000,164,100,405,16,1844,10,60.975610,0.761600,0.643212,0.140000,-1.000000,1,0.972695,3.195381,57.702000
s1_density,adaptive,2,100,5,500.000000,500.000000,3.000000,150.000000,250.000000,6.000000,512,10000.000000,200.000000,164,97,469,9,1846,15,59.146341,0.469760,0.564335,0.164948,-1.000000,1,0.980598,2.227229,56.835000
s1_density,adaptive,3,100,5,500.000000,500.000000,3.000000,150.000000,250.000000,6.000000,512,10000.000000,200.000000,165,86,420,24,1894,27,52.121212,0.513280,0.426663,0.034884,-1.000000,1,0.973823,3.034945,57.200000
s1_density,adaptive,4,100,5,500.000000,500.000000,3.000000,150.000000,250.000000,6.000000,512,10000.000000,200.000000,163,99,388,26,1822,17,60.736196,0.664320,0.573631,0.121212,-1.000000,1,0.974420,2.964194,57.189000
s1_density,adaptive,5,100,5,500.000000,500.000000,3.000000,150.000000,250.000000,6.000000,512,10000.000000,200.000000,165,75,370,6,1872,18,45.454545,0.556800,0.695227,0.213333,-1.000000,1,0.969273,3.423785,54.843000
s1_density,adaptive,6,100,5,500.000000,500.000000,3.000000,150.000000,250.000000,6.000000,512,10000.000000,200.000000,165,91,331,8,1820,2,55.151515,0.865280,0.765954,0.186813,-1.000000,1,0.974245,2.790463,53.467000
s1_density,adaptive,7,100,5,500.000000,500.000000,3.000000,150.000000,250.000000,6.000000,512,10000.000000,200.000000,165,86,356,5,1852,10,52.121212,0.570880,0.727926,0.232558,-1.000000,1,0.981010,2.139289,55.786000
s1_density,adaptive,8,100,5,500.000000,500.000000,3.000000,150.000000,250.000000,6.000000,512,10000.000000,200.000000,164,102,436,18,1859,10,62.195122,0.629760,0.499724,0.078431,-1.000000,1,0.975054,2.835602,56.118000
s1_density,adaptive,9,100,5,500.000000,500.000000,3.000000,150.000000,250.000000,6.000000,512,10000.000000,200.000000,163,78,327,10,1899,13,47.852761,0.599040,0.978892,0.410256,-1.000000,1,0.983538,1.771099,53.347000
s1_density,adaptive,10,100,5,500.000000,500.000000,3.000000,150.000000,250.000000,6.000000,512,10000.000000,200.000000,165,91,423,8,1898,38,55.151515,0.538880,0.576425,0.142857,-1.000000,1,0.979809,2.419405,59.302000
s1_density,adaptive,11,100,5,500.000000,500.000000,3.000000,150.000000,250.000000,6.000000,512,10000.000000,200.000000,165,100,392,8,1830,42,60.606061,0.588800,0.578219,0.140000,-1.000000,1,0.977256,2.524021,54.850000
s1_density,adaptive,12,100,5,500.000000,500.000000,3.000000,150.000000,250.000000,6.000000,512,10000.000000,200.000000,165,103,476,2,1891,22,62.424242,0.515840,0.491205,0.116505,-1.000000,1,0.974358,2.989084,57.527000
s1_density,adaptive,14,100,5,500.000000,500.000000,3.000000,150.000000,250.000000,6.000000,512,10000.000000,200.000000,165,72,397,9,1893,19,43.636364,0.456960,0.739558,0.263889,-1.000000,1,0.978933,2.341140,54.972000
s1_density,adaptive,13,100,5,500.000000,500.000000,3.000000,150.000000,250.000000,6.000000,512,10000.000000,200.000000,165,87,332,11,1836,9,52.727273,0.898560,0.776698,0.183908,-1.000000,1,0.980175,2.348356,58.634000
s1_density,adaptive,15,100,5,500.000000,500.000000,3.000000,150.000000,250.000000,6.000000,512,10000.000000,200.000000,164,98,379,13,1792,37,59.756098,0.490240,0.460094,0.081633,-1.000000,1,0.981646,1.901577,51.322000
s1_density,adaptive,16,100,5,500.000000,500.000000,3.000000,150.000000,250.000000,6.000000,512,10000.000000,200.000000,165,97,349,9,1868,29,58.787879,0.911360,0.811962,0.237113,-1.000000,1,0.976226,2.718207,56.480000
s1_density,adaptive,18,100,5,500.000000,500.000000,3.000000,150.000000,250.000000,6.000000,512,10000.000000,200.000000,165,67,357,0,1861,7,40.606061,0.373760,0.700146,0.268657,-1.000000,1,0.979324,2.271046,54.347000
s1_density,adaptive,17,100,5,500.000000,500.000000,3.000000,150.000000,250.000000,6.000000,512,10000.000000,200.000000,163,98,439,24,1894,3,60.122699,0.413440,0.457733,0.102041,-1.000000,1,0.969097,3.614059,57.556000
s1_density,vbf,1,100,5,500.000000,500.000000,3.000000,150.000000,250.000000,6.000000,512,10000.000000,200.000000,164,33,49,0,472,0,20.121951,0.715440,3.948910,1.000000,-1.000000,1,0.880680,2.522064,9.898000
s1_density,vbf,2,100,5,500.000000,500.000000,3.000000,150.000000,250.000000,6.000000,512,10000.000000,200.000000,164,31,34,0,573,0,18.902439,0.672080,4.586390,1.000000,-1.000000,1,0.895129,2.260017,10.179000
s1_density,adaptive,19,100,5,500.000000,500.000000,3.000000,150.000000,250.000000,6.000000,512,10000.000000,200.000000,165,82,395,0,1894,8,49.696970,0.642560,0.607743,0.109756,-1.000000,1,0.971342,3.355571,57.693000
s1_density,adaptive,20,100,5,500.000000,500.000000,3.000000,150.000000,250.000000,6.000000,512,10000.000000,200.000000,164,82,363,18,1843,28,50.000000,0.488960,0.597170,0.158537,-1.000000,1,0.968688,3.827895,60.152000
s1_density,vbf,3,100,5,500.000000,500.000000,3.000000,150.000000,250.000000,6.000000,512,10000.000000,200.000000,165,27,51,0,479,0,16.363636,0.585360,3.727075,1.000000,-1.000000,1,0.831311,3.368267,9.064000
s1_density,vbf,4,100,5,500.000000,500.000000,3.000000,150.000000,250.000000,6.000000,512,10000.000000,200.000000,163,26,58,0,439,0,15.950920,0.563680,3.810881,1.000000,-1.000000,1,0.850846,3.153711,9.720000
s1_density,vbf,5,100,5,500.000000,500.000000,3.000000,150.000000,250.000000,6.000000,512,10000.000000,200.000000,165,26,55,0,539,0,15.757576,0.563680,3.885074,1.000000,-1.000000,1,0.854591,3.357227,10.639000
s1_density,vbf,6,100,5,500.000000,500.000000,3.000000,150.000000,250.000000,6.000000,512,10000.000000,200.000000,165,24,57,0,481,0,14.545455,0.520320,3.719845,1.000000,-1.000000,1,0.860808,3.161170,10.506000
s1_density,vbf,7,100,5,500.000000,500.000000,3.000000,150.000000,250.000000,6.000000,512,10000.000000,200.000000,165,24,42,0,475,0,14.545455,0.520320,3.794755,1.000000,-1.000000,1,0.859225,2.933745,9.631000
s1_density,vbf,8,100,5,500.000000,500.000000,3.000000,150.000000,250.000000,6.000000,512,10000.000000,200.000000,164,25,40,0,420,0,15.243902,0.542000,2.995199,1.000000,-1.000000,1,0.848429,3.227909,9.775000
s1_density,vbf,9,100,5,500.000000,500.000000,3.000000,150.000000,250.000000,6.000000,512,10000.000000,200.000000,163,25,60,0,535,0,15.337423,0.542000,4.369894,1.000000,-1.000000,1,0.889315,2.550870,10.848000
s1_density,vbf,10,100,5,500.000000,500.000000,3.000000,150.000000,250.000000,6.000000,512,10000.000000,200.000000,165,27,52,0,532,0,16.363636,0.585360,4.371743,1.000000,-1.000000,1,0.880276,2.572652,10.060000
s1_density,vbf,11,100,5,500.000000,500.000000,3.000000,150.000000,250.000000,6.000000,512,10000.000000,200.000000,165,23,50,0,425,0,13.939394,0.498640,3.696672,1.000000,-1.000000,1,0.847658,3.147637,9.479000
s1_density,vbf,13,100,5,500.000000,500.000000,3.000000,150.000000,250.000000,6.000000,512,10000.000000,200.000000,165,20,48,0,461,0,12.121212,0.433600,3.731034,1.000000,-1.000000,1,0.886444,2.251289,9.316000
s1_density,vbf,12,100,5,500.000000,500.000000,3.000000,150.000000,250.000000,6.000000,512,10000.000000,200.000000,165,35,36,0,558,0,21.212121,0.758800,4.085800,1.000000,-1.000000,1,0.873374,2.713392,9.990000
s1_density,vbf,14,100,5,500.000000,500.000000,3.000000,150.000000,250.000000,6.000000,512,10000.000000,200.000000,165,19,48,0,532,0,11.515152,0.411920,4.666847,1.000000,-1.000000,1,0.874463,2.676170,9.945000
s1_density,vbf,16,100,5,500.000000,500.000000,3.000000,150.000000,250.000000,6.000000,512,10000.000000,200.000000,165,23,66,0,483,0,13.939394,0.498640,4.366377,1.000000,-1.000000,1,0.782079,4.834052,9.735000
s1_density,vbf,15,100,5,500.000000,500.000000,3.000000,150.000000,250.000000,6.000000,512,10000.000000,200.000000,164,27,49,0,543,0,16.463415,0.585360,3.509365,1.000000,-1.000000,1,0.895409,2.518415,11.375000
s1_density,vbf,17,100,5,500.000000,500.000000,3.000000,150.000000,250.000000,6.000000,512,10000.000000,200.000000,163,25,57,0,557,0,15.337423,0.542000,4.591157,1.000000,-1.000000,1,0.834865,3.792283,10.449000
s1_density,vbf,19,100,5,500.000000,500.000000,3.000000,150.000000,250.000000,6.000000,512,10000.000000,200.000000,165,25,62,0,484,0,15.151515,0.542000,4.236068,1.000000,-1.000000,1,0.866163,2.753214,9.548000
s1_density,vbf,18,100,5,500.000000,500.000000,3.000000,150.000000,250.000000,6.000000,512,10000.000000,200.000000,165,27,42,0,552,0,16.363636,0.585360,4.118753,1.000000,-1.000000,1,0.884388,2.613881,10.611000
s1_density,vbf,20,100,5,500.000000,500.000000,3.000000,150.000000,250.000000,6.000000,512,10000.000000,200.000000,164,25,64,0,484,0,15.243902,0.542000,3.741247,1.000000,-1.000000,1,0.875450,2.849631,10.680000
s1_density,hhvbf,1,100,5,500.000000,500.000000,3.000000,150.000000,250.000000,6.000000,512,10000.000000,200.000000,164,28,54,0,494,0,17.073171,0.607040,4.022758,1.000000,-1.000000,1,0.873213,2.754633,10.128000
s1_density,hhvbf,2,100,5,500.000000,500.000000,3.000000,150.000000,250.000000,6.000000,512,10000.000000,200.000000,164,29,37,0,583,0,17.682927,0.628720,4.430288,1.000000,-1.000000,1,0.888517,2.448440,10.333000
s1_density,hhvbf,3,100,5,500.000000,500.000000,3.000000,150.000000,250.000000,6.000000,512,10000.000000,200.000000,165,27,54,0,495,0,16.363636,0.585360,4.277442,1.000000,-1.000000,1,0.825735,3.765608,9.773000
s1_density,hhvbf,4,100,5,500.000000,500.000000,3.000000,150.000000,250.000000,6.000000,512,10000.000000,200.000000,163,21,56,0,458,0,12.883436,0.455280,4.377783,1.000000,-1.000000,1,0.853192,3.054209,9.578000
s1_density,hhvbf,5,100,5,500.000000,500.000000,3.000000,150.000000,250.000000,6.000000,512,10000.000000,200.000000,165,27,48,0,527,0,16.363636,0.585360,4.134198,1.000000,-1.000000,1,0.850350,3.384670,10.394000
s1_density,hhvbf,6,100,5,500.000000,500.000000,3.000000,150.000000,250.000000,6.000000,512,10000.000000,200.000000,165,21,44,0,449,0,12.727273,0.455280,3.731718,1.000000,-1.000000,1,0.860693,2.833621,9.409000
s1_density,hhvbf,7,100,5,500.000000,500.000000,3.000000,150.000000,250.000000,6.000000,512,10000.000000,200.000000,165,24,47,0,475,0,14.545455,0.520320,3.591106,1.000000,-1.000000,1,0.846331,3.170706,9.458000
s1_density,hhvbf,8,100,5,500.000000,500.000000,3.000000,150.000000,250.000000,6.000000,512,10000.000000,200.000000,164,26,49,0,455,0,15.853659,0.563680,3.159888,1.000000,-1.000000,1,0.846788,3.256237,9.745000
s1_density,hhvbf,9,100,5,500.000000,500.000000,3.000000,150.000000,250.000000,6.000000,512,10000.000000,200.000000,163,23,44,0,536,0,14.110429,0.498640,4.964013,1.000000,-1.000000,1,0.896502,2.266952,10.354000
s1_density,hhvbf,10,100,5,500.000000,500.000000,3.000000,150.000000,250.000000,6.000000,512,10000.000000,200.000000,165,34,50,0,560,0,20.606061,0.737120,4.011227,1.000000,-1.000000,1,0.876323,2.771233,10.465000
s1_density,hhvbf,11,100,5,500.000000,500.000000,3.000000,150.000000,250.000000,6.000000,512,10000.000000,200.000000,165,17,53,0,442,0,10.303030,0.368560,3.725250,1.000000,-1.000000,1,0.840886,3.321371,9.535000
s1_density,hhvbf,12,100,5,500.000000,500.000000,3.000000,150.000000,250.000000,6.000000,512,10000.000000,200.000000,165,30,31,0,554,0,18.181818,0.650400,4.574567,1.000000,-1.000000,1,0.884242,2.374684,9.627000
s1_density,hhvbf,13,100,5,500.000000,500.000000,3.000000,150.000000,250.000000,6.000000,512,10000.000000,200.000000,165,25,38,0,485,0,15.151515,0.542000,3.302442,1.000000,-1.000000,1,0.886048,2.154172,8.881000
s1_density,hhvbf,14,100,5,500.000000,500.000000,3.000000,150.000000,250.000000,6.000000,512,10000.000000,200.000000,165,26,49,0,583,0,15.757576,0.563680,5.051416,1.000000,-1.000000,1,0.894257,2.323674,10.374000
s1_density,hhvbf,15,100,5,500.000000,500.000000,3.000000,150.000000,250.000000,6.000000,512,10000.000000,200.000000,164,30,40,0,562,0,18.292683,0.650400,3.652230,1.000000,-1.000000,1,0.898790,2.247004,10.509000
s1_density,hhvbf,16,100,5,500.000000,500.000000,3.000000,150.000000,250.000000,6.000000,512,10000.000000,200.000000,165,25,68,0,486,0,15.151515,0.542000,3.918340,1.000000,-1.000000,1,0.785478,4.808530,9.861000
s1_density,hhvbf,17,100,5,500.000000,500.000000,3.000000,150.000000,250.000000,6.000000,512,10000.000000,200.000000,163,26,50,0,569,0,15.950920,0.563680,4.034168,1.000000,-1.000000,1,0.830029,3.864402,10.312000
s1_density,hhvbf,18,100,5,500.000000,500.000000,3.000000,150.000000,250.000000,6.000000,512,10000.000000,200.000000,165,26,43,0,551,0,15.757576,0.563680,4.921822,1.000000,-1.000000,1,0.889234,2.433311,10.340000
s1_density,hhvbf,19,100,5,500.000000,500.000000,3.000000,150.000000,250.000000,6.000000,512,10000.000000,200.000000,165,24,66,0,490,0,14.545455,0.520320,4.137123,1.000000,-1.000000,1,0.870473,2.762397,9.925000
s1_density,dbr,1,100,5,500.000000,500.000000,3.000000,150.000000,250.000000,6.000000,512,10000.000000,200.000000,164,12,81,0,253,0,7.317073,0.022560,35.587250,0.916667,-1.000000,1,0.801889,4.583438,10.296000
s1_density,dbr,2,100,5,500.000000,500.000000,3.000000,150.000000,250.000000,6.000000,512,10000.000000,200.000000,164,12,60,0,257,0,7.317073,0.022560,23.483802,0.750000,-1.000000,1,0.775112,4.257186,8.266000
s1_density,hhvbf,20,100,5,500.000000,500.000000,3.000000,150.000000,250.000000,6.000000,512,10000.000000,200.000000,164,27,57,0,485,0,16.463415,0.585360,3.700369,1.000000,-1.000000,1,0.868067,2.977458,10.487000
s1_density,dbr,3,100,5,500.000000,500.000000,3.000000,150.000000,250.000000,6.000000,512,10000.000000,200.000000,165,15,94,0,253,0,9.090909,0.028200,29.981027,1.400000,-1.000000,1,0.768312,4.303265,8.070000
s1_density,dbr,5,100,5,500.000000,500.000000,3.000000,150.000000,250.000000,6.000000,512,10000.000000,200.000000,165,15,43,0,252,0,9.090909,0.028200,18.830310,2.133333,-1.000000,1,0.752974,5.175832,9.000000
s1_density,dbr,4,100,5,500.000000,500.000000,3.000000,150.000000,250.000000,6.000000,512,10000.000000,200.000000,163,10,80,0,254,0,6.134969,0.018800,9.257333,1.500000,-1.000000,1,0.835493,3.631030,10.047000
s1_density,dbr,8,100,5,500.000000,500.000000,3.000000,150.000000,250.000000,6.000000,512,10000.000000,200.000000,164,14,80,0,249,0,8.536585,0.026320,16.466872,0.785714,-1.000000,1,0.816141,3.951855,9.659000
s1_density,dbr,7,100,5,500.000000,500.000000,3.000000,150.000000,250.000000,6.000000,512,10000.000000,200.000000,165,13,57,0,254,0,7.878788,0.024440,23.997033,2.000000,-1.000000,1,0.823478,3.284212,8.402000
s1_density,dbr,6,100,5,500.000000,500.000000,3.000000,150.000000,250.000000,6.000000,512,10000.000000,200.000000,165,11,52,0,258,0,6.666667,0.020680,40.410314,0.818182,-1.000000,1,0.829137,4.001555,10.616000
s1_density,dbr,9,100,5,500.000000,500.000000,3.000000,150.000000,250.000000,6.000000,512,10000.000000,200.000000,163,11,30,0,254,0,6.748466,0.020680,23.312579,1.454545,-1.000000,1,0.771681,4.432046,8.455000
s1_density,dbr,10,100,5,500.000000,500.000000,3.000000,150.000000,250.000000,6.000000,512,10000.000000,200.000000,165,8,54,0,256,0,4.848485,0.015040,33.242669,1.250000,-1.000000,1,0.841602,2.780829,8.023000
s1_density,dbr,11,100,5,500.000000,500.000000,3.000000,150.000000,250.000000,6.000000,512,10000.000000,200.000000,165,10,54,0,255,0,6.060606,0.018800,44.293462,1.000000,-1.000000,1,0.835166,3.625268,10.009000
s1_density,dbr,12,100,5,500.000000,500.000000,3.000000,150.000000,250.000000,6.000000,512,10000.000000,200.000000,165,8,68,0,258,0,4.848485,0.015040,48.939897,1.375000,-1.000000,1,0.788738,4.088252,8.533000
s1_density,dbr,13,100,5,500.000000,500.000000,3.000000,150.000000,250.000000,6.000000,512,10000.000000,200.000000,165,13,54,0,253,0,7.878788,0.024440,7.711387,1.692308,-1.000000,1,0.799497,4.550341,10.083000
s1_density,dbr,14,100,5,500.000000,500.000000,3.000000,150.000000,250.000000,6.000000,512,10000.000000,200.000000,165,8,15,0,254,0,4.848485,0.015040,19.671181,1.375000,-1.000000,1,0.750646,4.514499,7.763000
s1_density,dbr,15,100,5,500.000000,500.000000,3.000000,150.000000,250.000000,6.000000,512,10000.000000,200.000000,164,19,79,0,254,0,11.585366,0.035720,22.803465,1.157895,-1.000000,1,0.829966,3.630187,9.683000
s1_density,dbr,16,100,5,500.000000,500.000000,3.000000,150.000000,250.000000,6.000000,512,10000.000000,200.000000,165,8,74,0,255,0,4.848485,0.015040,8.120968,1.000000,-1.000000,1,0.784170,4.283055,8.722000
s1_density,dbr,17,100,5,500.000000,500.000000,3.000000,150.000000,250.000000,6.000000,512,10000.000000,200.000000,163,9,73,0,256,0,5.521472,0.016920,20.422327,1.444444,-1.000000,1,0.802015,3.648173,8.201000
s1_density,dbr,18,100,5,500.000000,500.000000,3.000000,150.000000,250.000000,6.000000,512,10000.000000,200.000000,165,7,7,0,255,0,4.242424,0.013160,28.486695,2.714286,-1.000000,1,0.805114,3.826348,8.757000
s1_density,dbr,19,100,5,500.000000,500.000000,3.000000,150.000000,250.000000,6.000000,512,10000.000000,200.000000,165,15,63,0,248,0,9.090909,0.028200,13.324424,1.666667,-1.000000,1,0.828234,3.191343,8.417000
s1_density,dbr,20,100,5,500.000000,500.000000,3.000000,150.000000,250.000000,6.000000,512,10000.000000,200.000000,164,9,86,0,252,0,5.487805,0.016920,30.574729,1.444444,-1.000000,1,0.844778,3.394399,10.014000
s1_density,adaptive,3,150,5,500.000000,500.000000,3.000000,150.000000,250.000000,6.000000,512,10000.000000,200.000000,165,107,536,5,2692,3,64.848485,0.290560,0.277225,0.018692,-1.000000,1,0.983078,2.385158,69.875333
s1_density,adaptive,1,150,5,500.000000,500.000000,3.000000,150.000000,250.000000,6.000000,512,10000.000000,200.000000,164,109,590,1,2663,10,66.463415,0.389120,0.309923,0.018349,-1.000000,1,0.974752,3.833979,74.956000
s1_density,adaptive,2,150,5,500.000000,500.000000,3.000000,150.000000,250.000000,6.000000,512,10000.000000,200.000000,164,129,608,3,2655,21,78.658537,0.299520,0.276616,0.023256,-1.000000,1,0.982402,2.744867,77.296000
s1_density,adaptive,4,150,5,500.000000,500.000000,3.000000,150.000000,250.000000,6.000000,512,10000.000000,200.000000,163,118,647,3,2676,8,72.392638,0.323840,0.372167,0.084746,-1.000000,1,0.976429,3.311214,69.402667
s1_density,adaptive,6,150,5,500.000000,500.000000,3.000000,150.000000,250.000000,6.000000,512,10000.000000,200.000000,165,93,471,0,2646,9,56.363636,0.464640,0.444798,0.075269,199.620866,0,0.975748,3.434020,69.928667
s1_density,adaptive,5,150,5,500.000000,500.000000,3.000000,150.000000,250.000000,6.000000,512,10000.000000,200.000000,165,97,505,5,2700,19,58.787879,0.584960,0.531114,0.103093,-1.000000,1,0.976205,3.404362,70.674000
s1_density,adaptive,7,150,5,500.000000,500.000000,3.000000,150.000000,250.000000,6.000000,512,10000.000000,200.000000,165,105,560,3,2708,2,63.636364,0.345600,0.389917,0.076190,195.155253,0,0.973914,4.096915,77.490667
s1_density,adaptive,8,150,5,500.000000,500.000000,3.000000,150.000000,250.000000,6.000000,512,10000.000000,200.000000,164,124,474,2,2745,18,75.609756,0.446720,0.339811,0.032258,-1.000000,1,0.974960,3.610861,71.186667
s1_density,adaptive,9,150,5,500.000000,500.000000,3.000000,150.000000,250.000000,6.000000,512,10000.000000,200.000000,163,97,437,10,2709,18,59.509202,0.488960,0.460531,0.092784,-1.000000,1,0.975058,3.578690,70.835333
s1_density,adaptive,10,150,5,500.000000,500.000000,3.000000,150.000000,250.000000,6.000000,512,10000.000000,200.000000,165,122,533,11,2723,13,73.939394,0.482560,0.403983,0.081967,-1.000000,1,0.984041,2.408829,74.860667
s1_density,adaptive,11,150,5,500.000000,500.000000,3.000000,150.000000,250.000000,6.000000,512,10000.000000,200.000000,165,106,481,8,2675,17,64.242424,0.289280,0.290049,0.028302,197.967109,0,0.980391,2.860989,72.227333
s1_density,adaptive,12,150,5,500.000000,500.000000,3.000000,150.000000,250.000000,6.000000,512,10000.000000,200.000000,165,126,604,5,2634,24,76.363636,0.353280,0.315787,0.039683,-1.000000,1,0.981871,2.542532,69.483333
s1_density,adaptive,13,150,5,500.000000,500.000000,3.000000,150.000000,250.000000,6.000000,512,10000.000000,200.000000,165,97,363,18,2636,15,58.787879,0.680960,0.537273,0.092784,197.251381,0,0.976392,3.565423,74.610000
s1_density,adaptive,14,150,5,500.000000,500.000000,3.000000,150.000000,250.000000,6.000000,512,10000.000000,200.000000,165,101,482,9,2763,27,61.212121,0.551680,0.450494,0.059406,-1.000000,1,0.975980,3.554238,73.085333
s1_density,adaptive,15,150,5,500.000000,500.000000,3.000000,150.000000,250.000000,6.000000,512,10000.000000,200.000000,164,121,625,8,2765,60,73.780488,0.231680,0.251062,0.008264,197.192938,0,0.968916,4.639304,73.447333
s1_density,adaptive,16,150,5,500.000000,500.000000,3.000000,150.000000,250.000000,6.000000,512,10000.000000,200.000000,165,91,675,0,2710,7,55.151515,0.231680,0.445238,0.153846,196.228633,0,0.971944,4.139233,72.718000
s1_density,adaptive,17,150,5,500.000000,500.000000,3.000000,150.000000,250.000000,6.000000,512,10000.000000,200.000000,163,124,521,17,2684,3,76.073620,0.427520,0.384375,0.064516,184.128321,0,0.973606,3.864977,72.237333
s1_density,adaptive,18,150,5,500.000000,500.000000,3.000000,150.000000,250.000000,6.000000,512,10000.000000,200.000000,165,97,479,0,2693,2,58.787879,0.469760,0.425750,0.061856,-1.000000,1,0.981377,2.701919,71.860000
s1_density,vbf,1,150,5,500.000000,500.000000,3.000000,150.000000,250.000000,6.000000,512,10000.000000,200.000000,164,21,52,0,500,0,12.804878,0.455280,3.527458,1.000000,-1.000000,1,0.864904,2.349970,8.067333
s1_density,vbf,2,150,5,500.000000,500.000000,3.000000,150.000000,250.000000,6.000000,512,10000.000000,200.000000,164,29,34,0,601,0,17.682927,0.628720,4.880546,1.000000,-1.000000,1,0.880115,2.357490,9.205333
s1_density,adaptive,19,150,5,500.000000,500.000000,3.000000,150.000000,250.000000,6.000000,512,10000.000000,200.000000,165,100,506,0,2730,0,60.606061,0.435200,0.425004,0.080000,-1.000000,1,0.977390,3.243756,70.914000
s1_density,vbf,3,150,5,500.000000,500.000000,3.000000,150.000000,250.000000,6.000000,512,10000.000000,200.000000,165,27,37,0,560,0,16.363636,0.585360,3.936611,1.000000,-1.000000,1,0.863528,2.542225,8.632000
s1_density,vbf,4,150,5,500.000000,500.000000,3.000000,150.000000,250.000000,6.000000,512,10000.000000,200.000000,163,35,31,0,614,0,21.472393,0.758800,4.495451,1.000000,-1.000000,1,0.896516,1.949646,8.906000
s1_density,adaptive,20,150,5,500.000000,500.000000,3.000000,150.000000,250.000000,6.000000,512,10000.000000,200.000000,164,106,570,5,2721,15,64.634146,0.366080,0.388690,0.066038,164.141774,0,0.972316,4.268321,76.009333
s1_density,vbf,5,150,5,500.000000,500.000000,3.000000,150.000000,250.000000,6.000000,512,10000.000000,200.000000,165,31,46,0,615,0,18.787879,0.672080,4.259934,1.000000,-1.000000,1,0.895463,2.026317,9.157333
s1_density,vbf,7,150,5,500.000000,500.000000,3.000000,150.000000,250.000000,6.000000,512,10000.000000,200.000000,165,24,38,0,580,0,14.545455,0.520320,4.410907,1.000000,-1.000000,1,0.883887,2.087404,8.434667
s1_density,vbf,6,150,5,500.000000,500.000000,3.000000,150.000000,250.000000,6.000000,512,10000.000000,200.000000,165,31,42,0,611,0,18.787879,0.672080,4.494086,1.000000,-1.000000,1,0.895562,2.109613,9.543333
s1_density,vbf,8,150,5,500.000000,500.000000,3.000000,150.000000,250.000000,6.000000,512,10000.000000,200.000000,164,24,47,0,572,0,14.634146,0.520320,3.614984,1.000000,-1.000000,1,0.872484,2.309577,8.439333
s1_density,vbf,9,150,5,500.000000,500.000000,3.000000,150.000000,250.000000,6.000000,512,10000.000000,200.000000,163,28,45,0,598,0,17.177914,0.607040,3.885721,1.000000,-1.000000,1,0.863030,2.838508,9.600000
s1_density,vbf,11,150,5,500.000000,500.000000,3.000000,150.000000,250.000000,6.000000,512,10000.000000,200.000000,165,31,39,0,540,0,18.787879,0.672080,4.209445,1.000000,-1.000000,1,0.888428,2.174865,9.170667
s1_density,vbf,10,150,5,500.000000,500.000000,3.000000,150.000000,250.000000,6.000000,512,10000.000000,200.000000,165,34,38,0,667,0,20.606061,0.737120,4.103706,1.000000,-1.000000,1,0.902051,1.968814,9.532667
s1_density,vbf,13,150,5,500.000000,500.000000,3.000000,150.000000,250.000000,6.000000,512,10000.000000,200.000000,165,18,51,0,484,0,10.909091,0.390240,3.511163,1.000000,-1.000000,1,0.832329,3.097150,8.390667
s1_density,vbf,12,150,5,500.000000,500.000000,3.000000,150.000000,250.000000,6.000000,512,10000.000000,200.000000,165,29,30,0,554,0,17.575758,0.628720,4.756692,1.000000,-1.000000,1,0.908177,1.694833,8.784667
s1_density,vbf,14,150,5,500.000000,500.000000,3.000000,150.000000,250.000000,6.000000,512,10000.000000,200.000000,165,25,58,0,546,0,15.151515,0.542000,3.755564,1.000000,-1.000000,1,0.837533,3.016751,8.463333
s1_density,vbf,15,150,5,500.000000,500.000000,3.000000,150.000000,250.000000,6.000000,512,10000.000000,200.000000,164,34,45,0,514,0,20.731707,0.737120,4.131989,1.000000,-1.000000,1,0.748150,4.734118,8.044667
s1_density,vbf,16,150,5,500.000000,500.000000,3.000000,150.000000,250.000000,6.000000,512,10000.000000,200.000000,165,37,37,0,665,0,22.424242,0.802160,4.474329,1.000000,-1.000000,1,0.905686,1.864632,9.396000
s1_density,vbf,17,150,5,500.000000,500.000000,3.000000,150.000000,250.000000,6.000000,512,10000.000000,200.000000,163,23,70,0,480,0,14.110429,0.498640,3.237374,1.000000,-1.000000,1,0.754199,4.626671,8.092667
s1_density,vbf,18,150,5,500.000000,500.000000,3.000000,150.000000,250.000000,6.000000,512,10000.000000,200.000000,165,25,41,0,541,0,15.151515,0.542000,4.036350,1.000000,-1.000000,1,0.860541,2.497168,8.282000
s1_density,vbf,19,150,5,500.000000,500.000000,3.000000,150.000000,250.000000,6.000000,512,10000.000000,200.000000,165,25,44,0,539,0,15.151515,0.542000,3.954640,1.000000,-1.000000,1,0.877502,2.214719,8.450000
s1_density,vbf,20,150,5,500.000000,500.000000,3.000000,150.000000,250.000000,6.000000,512,10000.000000,200.000000,164,29,35,0,613,0,17.682927,0.628720,4.041068,1.000000,-1.000000,1,0.894315,2.002204,8.944000
s1_density,hhvbf,3,150,5,500.000000,500.000000,3.000000,150.000000,250.000000,6.000000,512,10000.000000,200.000000,165,34,39,0,558,0,20.606061,0.737120,3.903340,1.000000,-1.000000,1,0.866409,2.549152,8.858000
s1_density,hhvbf,1,150,5,500.000000,500.000000,3.000000,150.000000,250.000000,6.000000,512,10000.000000,200.000000,164,26,50,0,517,0,15.853659,0.563680,3.893530,1.000000,-1.000000,1,0.868484,2.364119,8.355333
s1_density,hhvbf,2,150,5,500.000000,500.000000,3.000000,150.000000,250.000000,6.000000,512,10000.000000,200.000000,164,25,34,0,573,0,15.243902,0.542000,4.393788,1.000000,-1.000000,1,0.887974,2.118734,8.895333
s1_density,hhvbf,5,150,5,500.000000,500.000000,3.000000,150.000000,250.000000,6.000000,512,10000.000000,200.000000,165,31,64,0,686,0,18.787879,0.672080,3.869068,1.000000,-1.000000,1,0.901386,2.133830,10.258000
s1_density,hhvbf,4,150,5,500.000000,500.000000,3.000000,150.000000,250.000000,6.000000,512,10000.000000,200.000000,163,33,27,0,661,0,20.245399,0.715440,3.890061,1.000000,-1.000000,1,0.898126,1.994290,9.262667
s1_density,hhvbf,6,150,5,500.000000,500.000000,3.000000,150.000000,250.000000,6.000000,512,10000.000000,200.000000,165,29,44,0,604,0,17.575758,0.628720,4.339290,1.000000,-1.000000,1,0.905844,1.887892,9.530000
s1_density,hhvbf,9,150,5,500.000000,500.000000,3.000000,150.000000,250.000000,6.000000,512,10000.000000,200.000000,163,30,50,0,581,0,18.404908,0.650400,4.141106,1.000000,-1.000000,1,0.863465,2.858209,9.700000
s1_density,hhvbf,7,150,5,500.000000,500.000000,3.000000,150.000000,250.000000,6.000000,512,10000.000000,200.000000,165,32,48,0,605,0,19.393939,0.693760,4.191363,1.000000,-1.000000,1,0.851958,2.870744,8.920667
s1_density,hhvbf,8,150,5,500.000000,500.000000,3.000000,150.000000,250.000000,6.000000,512,10000.000000,200.000000,164,31,44,0,598,0,18.902439,0.672080,3.933381,1.000000,-1.000000,1,0.878869,2.329224,8.994667
s1_density,hhvbf,11,150,5,500.000000,500.000000,3.000000,150.000000,250.000000,6.000000,512,10000.000000,200.000000,165,29,54,0,542,0,17.575758,0.628720,3.957984,1.000000,-1.000000,1,0.883120,2.275467,9.130000
s1_density,hhvbf,12,150,5,500.000000,500.000000,3.000000,150.000000,250.000000,6.000000,512,10000.000000,200.000000,165,29,34,0,562,0,17.575758,0.628720,4.810882,1.000000,-1.000000,1,0.915591,1.606469,9.096667
s1_density,hhvbf,10,150,5,500.000000,500.000000,3.000000,150.000000,250.000000,6.000000,512,10000.000000,200.000000,165,30,33,0,676,0,18.181818,0.650400,4.010127,1.000000,-1.000000,1,0.898429,1.957094,9.118667
s1_density,hhvbf,13,150,5,500.000000,500.000000,3.000000,150.000000,250.000000,6.000000,512,10000.000000,200.000000,165,19,44,0,528,0,11.515152,0.411920,3.987345,1.000000,-1.000000,1,0.865033,2.505833,8.611333
s1_density,hhvbf,15,150,5,500.000000,500.000000,3.000000,150.000000,250.000000,6.000000,512,10000.000000,200.000000,164,32,37,0,496,0,19.512195,0.693760,3.688737,1.000000,-1.000000,1,0.779817,4.005213,7.970000
s1_density,hhvbf,14,150,5,500.000000,500.000000,3.000000,150.000000,250.000000,6.000000,512,10000.000000,200.000000,165,27,51,0,601,0,16.363636,0.585360,4.494363,1.000000,-1.000000,1,0.856626,2.948545,9.488667
s1_density,hhvbf,17,150,5,500.000000,500.000000,3.000000,150.000000,250.000000,6.000000,512,10000.000000,200.000000,163,22,72,0,473,0,13.496933,0.476960,3.336469,1.000000,-1.000000,1,0.743744,4.773587,7.945333
s1_density,hhvbf,16,150,5,500.000000,500.000000,3.000000,150.000000,250.000000,6.000000,512,10000.000000,200.000000,165,34,30,0,681,0,20.606061,0.737120,4.592663,1.000000,-1.000000,1,0.905453,1.933559,9.718000
s1_density,hhvbf,18,150,5,500.000000,500.000000,3.000000,150.000000,250.000000,6.000000,512,10000.000000,200.000000,165,22,44,0,596,0,13.333333,0.476960,3.562827,1.000000,-1.000000,1,0.851662,2.807800,8.706000
s1_density,hhvbf,19,150,5,500.000000,500.000000,3.000000,150.000000,250.000000,6.000000,512,10000.000000,200.000000,165,26,43,0,556,0,15.757576,0.563680,4.728892,1.000000,-1.000000,1,0.879091,2.178888,8.430667
s1_density,hhvbf,20,150,5,500.000000,500.000000,3.000000,150.000000,250.000000,6.000000,512,10000.000000,200.000000,164,33,35,0,592,0,20.121951,0.715440,4.673595,1.000000,-1.000000,1,0.886168,2.182193,9.006667
s1_density,dbr,1,150,5,500.000000,500.000000,3.000000,150.000000,250.000000,6.000000,512,10000.000000,200.000000,164,11,81,0,287,0,6.707317,0.020680,9.192678,1.000000,-1.000000,1,0.812488,4.121648,9.853333
s1_density,dbr,2,150,5,500.000000,500.000000,3.000000,150.000000,250.000000,6.000000,512,10000.000000,200.000000,164,15,72,0,284,0,9.146341,0.028200,10.754776,1.133333,-1.000000,1,0.887736,1.996849,8.364667
s1_density,dbr,3,150,5,500.000000,500.000000,3.000000,150.000000,250.000000,6.000000,512,10000.000000,200.000000,165,9,97,0,291,0,5.454545,0.016920,44.461964,1.555556,-1.000000,1,0.800457,4.047254,9.017333
s1_density,dbr,4,150,5,500.000000,500.000000,3.000000,150.000000,250.000000,6.000000,512,10000.000000,200.000000,163,13,32,0,287,0,7.975460,0.024440,58.152246,1.153846,-1.000000,1,0.804304,3.903074,8.890667
s1_density,dbr,5,150,5,500.000000,500.000000,3.000000,150.000000,250.000000,6.000000,512,10000.000000,200.000000,165,9,50,0,282,0,5.454545,0.016920,12.640269,1.555556,-1.000000,1,0.830189,2.776472,7.416667
s1_density,dbr,6,150,5,500.000000,500.000000,3.000000,150.000000,250.000000,6.000000,512,10000.000000,200.000000,165,12,54,0,292,0,7.272727,0.022560,33.205515,1.166667,-1.000000,1,0.837336,3.328704,9.326000
s1_density,dbr,7,150,5,500.000000,500.000000,3.000000,150.000000,250.000000,6.000000,512,10000.000000,200.000000,165,12,56,0,288,0,7.272727,0.022560,22.972413,1.416667,-1.000000,1,0.848768,2.845016,8.636667
s1_density,dbr,8,150,5,500.000000,500.000000,3.000000,150.000000,250.000000,6.000000,512,10000.000000,200.000000,164,10,77,0,294,0,6.097561,0.018800,27.729969,0.900000,-1.000000,1,0.857620,2.407346,7.806000
s1_density,dbr,9,150,5,500.000000,500.000000,3.000000,150.000000,250.000000,6.000000,512,10000.000000,200.000000,163,7,52,0,288,0,4.294479,0.013160,28.786224,1.142857,-1.000000,1,0.856110,2.547301,8.165333
s1_density,dbr,10,150,5,500.000000,500.000000,3.000000,150.000000,250.000000,6.000000,512,10000.000000,200.000000,165,9,62,0,289,0,5.454545,0.016920,42.869210,1.666667,-1.000000,1,0.770264,4.145789,7.852000
s1_density,dbr,11,150,5,500.000000,500.000000,3.000000,150.000000,250.000000,6.000000,512,10000.000000,200.000000,165,12,53,0,291,0,7.272727,0.022560,52.535282,1.500000,-1.000000,1,0.870642,2.373765,8.540667
s1_density,dbr,12,150,5,500.000000,500.000000,3.000000,150.000000,250.000000,6.000000,512,10000.000000,200.000000,165,9,72,0,294,0,5.454545,0.016920,40.362357,1.444444,-1.000000,1,0.839177,3.299329,9.360667
s1_density,dbr,13,150,5,500.000000,500.000000,3.000000,150.000000,250.000000,6.000000,512,10000.000000,200.000000,165,9,72,0,293,0,5.454545,0.016920,7.288572,1.333333,-1.000000,1,0.825579,3.555306,9.218000
s1_density,dbr,14,150,5,500.000000,500.000000,3.000000,150.000000,250.000000,6.000000,512,10000.000000,200.000000,165,12,98,0,279,0,7.272727,0.022560,13.196697,1.416667,-1.000000,1,0.841731,2.860647,8.260667
s1_density,dbr,15,150,5,500.000000,500.000000,3.000000,150.000000,250.000000,6.000000,512,10000.000000,200.000000,164,10,45,0,285,0,6.097561,0.018800,7.176124,0.900000,-1.000000,1,0.704087,4.750743,6.633333
s1_density,dbr,16,150,5,500.000000,500.000000,3.000000,150.000000,250.000000,6.000000,512,10000.000000,200.000000,165,9,2,0,286,0,5.454545,0.016920,26.588241,2.000000,-1.000000,1,0.718577,5.652832,8.398667
s1_density,dbr,17,150,5,500.000000,500.000000,3.000000,150.000000,250.000000,6.000000,512,10000.000000,200.000000,163,9,119,0,286,0,5.521472,0.016920,21.734351,1.333333,-1.000000,1,0.773499,4.809660,9.261333
s1_density,dbr,18,150,5,500.000000,500.000000,3.000000,150.000000,250.000000,6.000000,512,10000.000000,200.000000,165,13,58,0,290,0,7.878788,0.024440,29.903555,1.538462,-1.000000,1,0.829991,3.482269,9.290000
s1_density,dbr,19,150,5,500.000000,500.000000,3.000000,150.000000,250.000000,6.000000,512,10000.000000,200.000000,165,13,58,0,285,0,7.878788,0.024440,18.354208,1.384615,-1.000000,1,0.857651,2.687560,8.716667
s1_density,dbr,20,150,5,500.000000,500.000000,3.000000,150.000000,250.000000,6.000000,512,10000.000000,200.000000,164,10,65,0,288,0,6.097561,0.018800,6.887470,2.100000,-1.000000,1,0.820775,3.460057,8.702667
s1_density,adaptive,1,200,5,500.000000,500.000000,3.000000,150.000000,250.000000,6.000000,512,10000.000000,200.000000,164,132,764,4,3528,8,80.487805,0.264960,0.247786,0.007576,177.066951,0,0.981669,3.231404,87.326000
s1_density,adaptive,3,200,5,500.000000,500.000000,3.000000,150.000000,250.000000,6.000000,512,10000.000000,200.000000,165,143,702,2,3556,2,86.666667,0.221440,0.217269,0.000000,174.795559,0,0.986545,2.331677,86.060500
s1_density,adaptive,2,200,5,500.000000,500.000000,3.000000,150.000000,250.000000,6.000000,512,10000.000000,200.000000,164,159,603,3,3377,18,96.951220,0.261120,0.246908,0.018868,185.052758,0,0.984250,2.703254,85.134500
s1_density,adaptive,4,200,5,500.000000,500.000000,3.000000,150.000000,250.000000,6.000000,512,10000.000000,200.000000,163,145,721,1,3539,11,88.957055,0.262400,0.236878,0.006897,176.372991,0,0.982088,3.139616,86.849000
s1_density,adaptive,5,200,5,500.000000,500.000000,3.000000,150.000000,250.000000,6.000000,512,10000.000000,200.000000,165,108,676,1,3607,2,65.454545,0.311040,0.281055,0.009259,176.696787,0,0.978996,3.591763,84.593500
s1_density,adaptive,6,200,5,500.000000,500.000000,3.000000,150.000000,250.000000,6.000000,512,10000.000000,200.000000,165,117,583,1,3558,5,70.909091,0.380160,0.350339,0.042735,171.602010,0,0.983355,2.899040,86.355000
s1_density,adaptive,8,200,5,500.000000,500.000000,3.000000,150.000000,250.000000,6.000000,512,10000.000000,200.000000,164,155,639,5,3539,16,94.512195,0.352000,0.254060,0.006452,172.879798,0,0.984035,2.654700,82.470500
s1_density,adaptive,7,200,5,500.000000,500.000000,3.000000,150.000000,250.000000,6.000000,512,10000.000000,200.000000,165,128,656,0,3506,0,77.575758,0.279040,0.269592,0.015625,171.444672,0,0.983127,3.046922,89.519500
s1_density,adaptive,9,200,5,500.000000,500.000000,3.000000,150.000000,250.000000,6.000000,512,10000.000000,200.000000,163,110,535,3,3515,5,67.484663,0.294400,0.333829,0.054545,169.398402,0,0.987342,2.114855,83.003500
s1_density,adaptive,11,200,5,500.000000,500.000000,3.000000,150.000000,250.000000,6.000000,512,10000.000000,200.000000,165,153,628,8,3484,9,92.727273,0.426240,0.277979,0.006536,180.840628,0,0.983932,2.718723,83.915000
s1_density,adaptive,10,200,5,500.000000,500.000000,3.000000,150.000000,250.000000,6.000000,512,10000.000000,200.000000,165,147,573,4,3497,6,89.090909,0.399360,0.269698,0.013605,177.411948,0,0.983702,2.790930,84.920000
s1_density,adaptive,12,200,5,500.000000,500.000000,3.000000,150.000000,250.000000,6.000000,512,10000.000000,200.000000,165,163,733,5,3515,6,98.787879,0.304640,0.268012,0.030675,172.412702,0,0.985728,2.416000,84.031000
s1_density,adaptive,14,200,5,500.000000,500.000000,3.000000,150.000000,250.000000,6.000000,512,10000.000000,200.000000,165,105,743,3,3599,11,63.636364,0.192000,0.226136,0.000000,160.334371,0,0.979150,3.561430,84.505500
s1_density,adaptive,13,200,5,500.000000,500.000000,3.000000,150.000000,250.000000,6.000000,512,10000.000000,200.000000,165,103,458,10,3509,12,62.424242,0.381440,0.400079,0.067961,166.819877,0,0.985056,2.688781,89.286000
s1_density,adaptive,15,200,5,500.000000,500.000000,3.000000,150.000000,250.000000,6.000000,512,10000.000000,200.000000,164,155,690,7,3481,8,94.512195,0.256000,0.229615,0.006452,173.937581,0,0.984574,2.514669,80.876500
s1_density,adaptive,17,200,5,500.000000,500.000000,3.000000,150.000000,250.000000,6.000000,512,10000.000000,200.000000,163,158,656,3,3496,1,96.932515,0.279040,0.233437,0.012658,189.644236,0,0.982595,2.823812,80.410500
s1_density,adaptive,16,200,5,500.000000,500.000000,3.000000,150.000000,250.000000,6.000000,512,10000.000000,200.000000,165,122,513,7,3507,6,73.939394,0.463360,0.374675,0.057377,168.646147,0,0.976693,4.019432,85.210000
s1_density,adaptive,18,200,5,500.000000,500.000000,3.000000,150.000000,250.000000,6.000000,512,10000.000000,200.000000,165,118,549,2,3552,12,71.515152,0.458240,0.375171,0.050847,169.836646,0,0.981872,3.155077,86.226000
s1_density,vbf,1,200,5,500.000000,500.000000,3.000000,150.000000,250.000000,6.000000,512,10000.000000,200.000000,164,29,33,0,705,0,17.682927,0.628720,4.479516,1.000000,-1.000000,1,0.891256,2.004116,8.685000
s1_density,adaptive,19,200,5,500.000000,500.000000,3.000000,150.000000,250.000000,6.000000,512,10000.000000,200.000000,165,120,719,0,3652,4,72.727273,0.249600,0.284494,0.033333,177.112701,0,0.980946,3.394300,88.213500
s1_density,vbf,3,200,5,500.000000,500.000000,3.000000,150.000000,250.000000,6.000000,512,10000.000000,200.000000,165,31,21,0,612,0,18.787879,0.672080,3.790940,1.000000,-1.000000,1,0.874702,2.034620,7.576500
s1_density,adaptive,20,200,5,500.000000,500.000000,3.000000,150.000000,250.000000,6.000000,512,10000.000000,200.000000,164,126,743,4,3518,5,76.829268,0.180480,0.226443,0.007937,174.677816,0,0.979818,3.458305,84.804500
s1_density,vbf,2,200,5,500.000000,500.000000,3.000000,150.000000,250.000000,6.000000,512,10000.000000,200.000000,164,32,38,0,651,0,19.512195,0.693760,3.526653,1.000000,-1.000000,1,0.893889,1.939389,8.626500
s1_density,vbf,4,200,5,500.000000,500.000000,3.000000,150.000000,250.000000,6.000000,512,10000.000000,200.000000,163,29,46,0,622,0,17.791411,0.628720,3.493031,1.000000,-1.000000,1,0.865375,2.397714,8.262500
s1_density,vbf,5,200,5,500.000000,500.000000,3.000000,150.000000,250.000000,6.000000,512,10000.000000,200.000000,165,35,36,0,728,0,21.212121,0.758800,4.032756,1.000000,-1.000000,1,0.894187,1.929021,8.606000
s1_density,vbf,6,200,5,500.000000,500.000000,3.000000,150.000000,250.000000,6.000000,512,10000.000000,200.000000,165,34,44,0,595,0,20.606061,0.737120,4.048162,1.000000,-1.000000,1,0.859372,2.582336,8.487000
s1_density,vbf,7,200,5,500.000000,500.000000,3.000000,150.000000,250.000000,6.000000,512,10000.000000,200.000000,165,26,40,0,523,0,15.757576,0.563680,4.138632,1.000000,-1.000000,1,0.850835,2.371627,7.309000
s1_density,vbf,8,200,5,500.000000,500.000000,3.000000,150.000000,250.000000,6.000000,512,10000.000000,200.000000,164,31,18,0,545,0,18.902439,0.672080,4.883064,1.000000,-1.000000,1,0.873230,2.211983,8.134000
s1_density,vbf,9,200,5,500.000000,500.000000,3.000000,150.000000,250.000000,6.000000,512,10000.000000,200.000000,163,33,28,0,733,0,20.245399,0.715440,4.443774,1.000000,-1.000000,1,0.909587,1.628777,8.581000
s1_density,vbf,11,200,5,500.000000,500.000000,3.000000,150.000000,250.000000,6.000000,512,10000.000000,200.000000,165,28,56,0,541,0,16.969697,0.607040,3.748446,1.000000,-1.000000,1,0.890827,1.998288,8.623500
s1_density,vbf,10,200,5,500.000000,500.000000,3.000000,150.000000,250.000000,6.000000,512,10000.000000,200.000000,165,36,35,0,673,0,21.818182,0.780480,4.906928,1.000000,-1.000000,1,0.880057,2.312624,9.025500
s1_density,vbf,12,200,5,500.000000,500.000000,3.000000,150.000000,250.000000,6.000000,512,10000.000000,200.000000,165,29,55,0,595,0,17.575758,0.628720,3.891417,1.000000,-1.000000,1,0.917203,1.549141,8.951000
s1_density,vbf,14,200,5,500.000000,500.000000,3.000000,150.000000,250.000000,6.000000,512,10000.000000,200.000000,165,28,51,0,686,0,16.969697,0.607040,5.252174,1.000000,-1.000000,1,0.901231,1.789314,8.587500
s1_density,vbf,13,200,5,500.000000,500.000000,3.000000,150.000000,250.000000,6.000000,512,10000.000000,200.000000,165,34,31,0,703,0,20.606061,0.737120,3.957265,1.000000,-1.000000,1,0.902946,1.766813,8.638000
s1_density,vbf,15,200,5,500.000000,500.000000,3.000000,150.000000,250.000000,6.000000,512,10000.000000,200.000000,164,34,52,0,676,0,20.731707,0.737120,3.420705,1.000000,-1.000000,1,0.888686,2.185800,9.239500
s1_density,vbf,16,200,5,500.000000,500.000000,3.000000,150.000000,250.000000,6.000000,512,10000.000000,200.000000,165,27,58,0,589,0,16.363636,0.585360,4.269155,1.000000,-1.000000,1,0.877417,2.302915,8.780000
s1_density,vbf,18,200,5,500.000000,500.000000,3.000000,150.000000,250.000000,6.000000,512,10000.000000,200.000000,165,30,47,0,644,0,18.181818,0.650400,4.358221,1.000000,-1.000000,1,0.885910,2.082150,8.573000
s1_density,vbf,17,200,5,500.000000,500.000000,3.000000,150.000000,250.000000,6.000000,512,10000.000000,200.000000,163,33,40,0,727,0,20.245399,0.715440,4.287403,1.000000,-1.000000,1,0.896522,1.971619,9.007000
s1_density,vbf,19,200,5,500.000000,500.000000,3.000000,150.000000,250.000000,6.000000,512,10000.000000,200.000000,165,31,37,0,653,0,18.787879,0.672080,4.827367,1.000000,-1.000000,1,0.888441,1.917874,8.088000
s1_density,vbf,20,200,5,500.000000,500.000000,3.000000,150.000000,250.000000,6.000000,512,10000.000000,200.000000,164,35,35,0,780,0,21.341463,0.758800,4.682344,1.000000,-1.000000,1,0.907527,1.740281,8.953500
s1_density,hhvbf,1,200,5,500.000000,500.000000,3.000000,150.000000,250.000000,6.000000,512,10000.000000,200.000000,164,30,27,0,707,0,18.292683,0.650400,4.425256,1.000000,-1.000000,1,0.902384,1.632859,7.934500
s1_density,hhvbf,3,200,5,500.000000,500.000000,3.000000,150.000000,250.000000,6.000000,512,10000.000000,200.000000,165,31,31,0,569,0,18.787879,0.672080,3.913710,1.000000,-1.000000,1,0.890625,1.832961,7.894500
s1_density,hhvbf,2,200,5,500.000000,500.000000,3.000000,150.000000,250.000000,6.000000,512,10000.000000,200.000000,164,26,45,0,623,0,15.853659,0.563680,4.183869,1.000000,-1.000000,1,0.886753,2.057172,8.537500
s1_density,hhvbf,4,200,5,500.000000,500.000000,3.000000,150.000000,250.000000,6.000000,512,10000.000000,200.000000,163,27,42,0,636,0,16.564417,0.585360,4.726188,1.000000,-1.000000,1,0.876103,2.192161,8.262500
s1_density,hhvbf,5,200,5,500.000000,500.000000,3.000000,150.000000,250.000000,6.000000,512,10000.000000,200.000000,165,30,32,0,729,0,18.181818,0.650400,4.460178,1.000000,-1.000000,1,0.898950,1.803090,8.447000
s1_density,hhvbf,6,200,5,500.000000,500.000000,3.000000,150.000000,250.000000,6.000000,512,10000.000000,200.000000,165,29,40,0,581,0,17.575758,0.628720,4.540442,1.000000,-1.000000,1,0.869537,2.419735,8.626500
s1_density,hhvbf,7,200,5,500.000000,500.000000,3.000000,150.000000,250.000000,6.000000,512,10000.000000,200.000000,165,25,33,0,495,0,15.151515,0.542000,3.750426,1.000000,-1.000000,1,0.820159,2.712397,6.796000
s1_density,hhvbf,8,200,5,500.000000,500.000000,3.000000,150.000000,250.000000,6.000000,512,10000.000000,200.000000,164,29,26,0,610,0,17.682927,0.628720,4.444148,1.000000,-1.000000,1,0.880712,2.182942,8.569500
s1_density,hhvbf,9,200,5,500.000000,500.000000,3.000000,150.000000,250.000000,6.000000,512,10000.000000,200.000000,163,35,34,0,773,0,21.472393,0.758800,4.599272,1.000000,-1.000000,1,0.917707,1.510287,8.782500
s1_density,hhvbf,10,200,5,500.000000,500.000000,3.000000,150.000000,250.000000,6.000000,512,10000.000000,200.000000,165,32,31,0,672,0,19.393939,0.693760,4.074695,1.000000,-1.000000,1,0.890074,1.906282,8.166500
s1_density,hhvbf,11,200,5,500.000000,500.000000,3.000000,150.000000,250.000000,6.000000,512,10000.000000,200.000000,165,27,56,0,496,0,16.363636,0.585360,4.356125,1.000000,-1.000000,1,0.886368,2.013365,8.325500
s1_density,hhvbf,13,200,5,500.000000,500.000000,3.000000,150.000000,250.000000,6.000000,512,10000.000000,200.000000,165,30,34,0,665,0,18.181818,0.650400,4.333491,1.000000,-1.000000,1,0.905451,1.721904,8.654000
s1_density,hhvbf,12,200,5,500.000000,500.000000,3.000000,150.000000,250.000000,6.000000,512,10000.000000,200.000000,165,27,40,0,628,0,16.363636,0.585360,3.849354,1.000000,-1.000000,1,0.909089,1.512037,7.920000
s1_density,hhvbf,14,200,5,500.000000,500.000000,3.000000,150.000000,250.000000,6.000000,512,10000.000000,200.000000,165,38,42,0,726,0,23.030303,0.823840,5.432437,1.000000,-1.000000,1,0.912450,1.614337,8.797500
s1_density,hhvbf,15,200,5,500.000000,500.000000,3.000000,150.000000,250.000000,6.000000,512,10000.000000,200.000000,164,28,43,0,674,0,17.073171,0.607040,3.840183,1.000000,-1.000000,1,0.907616,1.739392,8.958000
s1_density,hhvbf,16,200,5,500.000000,500.000000,3.000000,150.000000,250.000000,6.000000,512,10000.000000,200.000000,165,30,57,0,633,0,18.181818,0.650400,4.883886,1.000000,-1.000000,1,0.867644,2.544600,8.931500
s1_density,hhvbf,17,200,5,500.000000,500.000000,3.000000,150.000000,250.000000,6.000000,512,10000.000000,200.000000,163,31,30,0,725,0,19.018405,0.672080,3.878053,1.000000,-1.000000,1,0.903602,1.750042,8.617500
s1_density,hhvbf,18,200,5,500.000000,500.000000,3.000000,150.000000,250.000000,6.000000,512,10000.000000,200.000000,165,28,52,0,627,0,16.969697,0.607040,4.752465,1.000000,-1.000000,1,0.876628,2.169108,8.213000
s1_density,hhvbf,19,200,5,500.000000,500.000000,3.000000,150.000000,250.000000,6.000000,512,10000.000000,200.000000,165,30,35,0,672,0,18.181818,0.650400,4.646680,1.000000,-1.000000,1,0.904909,1.728712,8.636000
s1_density,dbr,1,200,5,500.000000,500.000000,3.000000,150.000000,250.000000,6.000000,512,10000.000000,200.000000,164,4,16,0,318,0,2.439024,0.007520,6.281616,1.250000,-1.000000,1,0.822985,3.053314,7.787000
s1_density,dbr,2,200,5,500.000000,500.000000,3.000000,150.000000,250.000000,6.000000,512,10000.000000,200.000000,164,13,101,0,318,0,7.926829,0.024440,28.284744,1.230769,-1.000000,1,0.834633,3.549027,9.763500
s1_density,dbr,3,200,5,500.000000,500.000000,3.000000,150.000000,250.000000,6.000000,512,10000.000000,200.000000,165,8,85,0,321,0,4.848485,0.015040,30.507779,1.000000,-1.000000,1,0.876359,2.233627,8.437500
s1_density,hhvbf,20,200,5,500.000000,500.000000,3.000000,150.000000,250.000000,6.000000,512,10000.000000,200.000000,164,32,25,0,725,0,19.512195,0.693760,5.675872,1.000000,-1.000000,1,0.905464,1.662161,8.355000
s1_density,dbr,4,200,5,500.000000,500.000000,3.000000,150.000000,250.000000,6.000000,512,10000.000000,200.000000,163,9,70,0,313,0,5.521472,0.016920,10.619105,1.111111,-1.000000,1,0.864583,2.534655,8.679000
s1_density,dbr,7,200,5,500.000000,500.000000,3.000000,150.000000,250.000000,6.000000,512,10000.000000,200.000000,165,11,94,0,304,0,6.666667,0.020680,21.383673,1.090909,-1.000000,1,0.777227,4.375470,8.589500
s1_density,dbr,5,200,5,500.000000,500.000000,3.000000,150.000000,250.000000,6.000000,512,10000.000000,200.000000,165,6,23,0,324,0,3.636364,0.011280,16.064832,1.833333,-1.000000,1,0.812904,3.558538,8.528500
s1_density,dbr,6,200,5,500.000000,500.000000,3.000000,150.000000,250.000000,6.000000,512,10000.000000,200.000000,165,10,68,0,322,0,6.060606,0.018800,38.239268,1.000000,-1.000000,1,0.847196,3.266210,9.803500
s1_density,dbr,10,200,5,500.000000,500.000000,3.000000,150.000000,250.000000,6.000000,512,10000.000000,200.000000,165,14,85,0,312,0,8.484848,0.026320,34.301262,1.714286,-1.000000,1,0.818383,3.452668,8.556000
s1_density,dbr,9,200,5,500.000000,500.000000,3.000000,150.000000,250.000000,6.000000,512,10000.000000,200.000000,163,11,23,0,318,0,6.748466,0.020680,11.195294,1.727273,-1.000000,1,0.864607,2.230494,7.639000
s1_density,dbr,8,200,5,500.000000,500.000000,3.000000,150.000000,250.000000,6.000000,512,10000.000000,200.000000,164,12,62,0,318,0,7.317073,0.022560,13.677889,1.166667,-1.000000,1,0.865293,2.555670,8.801000
s1_density,dbr,12,200,5,500.000000,500.000000,3.000000,150.000000,250.000000,6.000000,512,10000.000000,200.000000,165,10,70,0,333,0,6.060606,0.018800,19.225951,1.200000,-1.000000,1,0.882526,2.389714,9.536500
s1_density,dbr,11,200,5,500.000000,500.000000,3.000000,150.000000,250.000000,6.000000,512,10000.000000,200.000000,165,13,103,0,331,0,7.878788,0.024440,23.955877,1.538462,-1.000000,1,0.842728,3.464402,10.074000
s1_density,dbr,13,200,5,500.000000,500.000000,3.000000,150.000000,250.000000,6.000000,512,10000.000000,200.000000,165,7,40,0,325,0,4.242424,0.013160,7.321492,1.571429,-1.000000,1,0.865585,2.562850,8.846500
s1_density,dbr,14,200,5,500.000000,500.000000,3.000000,150.000000,250.000000,6.000000,512,10000.000000,200.000000,165,8,31,0,321,0,4.848485,0.015040,6.780732,1.500000,-1.000000,1,0.838117,2.874895,8.097500
s1_density,dbr,16,200,5,500.000000,500.000000,3.000000,150.000000,250.000000,6.000000,512,10000.000000,200.000000,165,7,93,0,315,0,4.242424,0.013160,9.215910,1.285714,-1.000000,1,0.834138,3.059682,8.389500
s1_density,dbr,15,200,5,500.000000,500.000000,3.000000,150.000000,250.000000,6.000000,512,10000.000000,200.000000,164,8,95,0,312,0,4.878049,0.015040,37.958549,0.625000,-1.000000,1,0.847089,3.008499,9.023000
s1_density,dbr,19,200,5,500.000000,500.000000,3.000000,150.000000,250.000000,6.000000,512,10000.000000,200.000000,165,12,30,0,321,0,7.272727,0.022560,23.632900,1.750000,-1.000000,1,0.834451,2.676247,7.353500
s1_density,dbr,18,200,5,500.000000,500.000000,3.000000,150.000000,250.000000,6.000000,512,10000.000000,200.000000,165,5,78,0,314,0,3.030303,0.009400,13.908608,0.600000,-1.000000,1,0.880472,1.921895,7.528500
s1_density,dbr,17,200,5,500.000000,500.000000,3.000000,150.000000,250.000000,6.000000,512,10000.000000,200.000000,163,12,58,0,326,0,7.361963,0.022560,40.445699,1.416667,-1.000000,1,0.835956,3.200903,8.884500
s1_density,dbr,20,200,5,500.000000,500.000000,3.000000,150.000000,250.000000,6.000000,512,10000.000000,200.000000,164,6,8,0,315,0,3.658537,0.011280,30.184629,2.000000,-1.000000,1,0.794566,3.771026,8.127500
