label,protocol,seed,nNodes,nSources,fieldSize,waterDepth,maxSpeed,basePipeR,commRange,packetInterval,payloadBytes,bitRate,simTime,generated,delivered,duplicates,dropped,transmissions,fallbacks,pdr_pct,throughput_kbps,mean_delay_s,mean_hops,lifetime_s,lifetime_censored,jain_fairness,energy_gap_J,mean_consumed_J
s2_speed,adaptive,2,50,5,500.000000,500.000000,1.000000,150.000000,250.000000,6.000000,512,10000.000000,200.000000,164,71,176,12,1075,14,43.292683,0.935680,1.356624,0.507042,-1.000000,1,0.964728,2.794931,38.908000
s2_speed,adaptive,1,50,5,500.000000,500.000000,1.000000,150.000000,250.000000,6.000000,512,10000.000000,200.000000,164,79,193,28,1023,26,48.170732,1.233920,1.258527,0.379747,-1.000000,1,0.959798,3.152172,38.400000
s2_speed,adaptive,3,50,5,500.000000,500.000000,1.000000,150.000000,250.000000,6.000000,512,10000.000000,200.000000,165,75,178,8,1114,7,45.454545,1.171200,1.890607,0.866667,-1.000000,1,0.963972,2.545879,34.684000
s2_speed,adaptive,5,50,5,500.000000,500.000000,1.000000,150.000000,250.000000,6.000000,512,10000.000000,200.000000,165,50,140,5,1079,27,30.303030,0.659200,1.534645,0.640000,-1.000000,1,0.960555,2.870944,35.660000
s2_speed,adaptive,4,50,5,500.000000,500.000000,1.000000,150.000000,250.000000,6.000000,512,10000.000000,200.000000,163,69,230,10,1032,29,42.331288,0.817920,0.834997,0.188406,-1.000000,1,0.956912,3.676736,41.726000
s2_speed,adaptive,6,50,5,500.000000,500.000000,1.000000,150.000000,250.000000,6.000000,512,10000.000000,200.000000,165,60,142,13,1083,17,36.363636,0.921600,1.300761,0.416667,-1.000000,1,0.956078,3.300968,36.734000
s2_speed,adaptive,7,50,5,500.000000,500.000000,1.000000,150.000000,250.000000,6.000000,512,10000.000000,200.000000,165,66,85,4,1058,62,40.000000,1.044480,1.841285,0.803030,-1.000000,1,0.947424,4.143158,38.338000
s2_speed,adaptive,8,50,5,500.000000,500.000000,1.000000,150.000000,250.000000,6.000000,512,10000.000000,200.000000,164,65,233,3,1091,40,39.634146,0.716800,1.535572,0.692308,-1.000000,1,0.971003,2.229268,37.874000
s2_speed,adaptive,9,50,5,500.000000,500.000000,1.000000,150.000000,250.000000,6.000000,512,10000.000000,200.000000,163,77,154,0,1117,11,47.239264,1.192960,1.585941,0.636364,-1.000000,1,0.962427,2.673782,34.900000
s2_speed,adaptive,11,50,5,500.000000,500.000000,1.000000,150.000000,250.000000,6.000000,512,10000.000000,200.000000,165,82,145,37,1068,66,49.696970,1.295360,1.317559,0.402439,-1.000000,1,0.955991,3.408556,37.854000
s2_speed,adaptive,10,50,5,500.000000,500.000000,1.000000,150.000000,250.000000,6.000000,512,10000.000000,200.000000,165,61,166,14,1157,62,36.969697,0.865280,1.781541,0.786885,-1.000000,1,0.974164,1.881472,35.936000
s2_speed,adaptive,12,50,5,500.000000,500.000000,1.000000,150.000000,250.000000,6.000000,512,10000.000000,200.000000,165,74,206,5,1071,25,44.848485,1.054720,1.394994,0.527027,-1.000000,1,0.962943,2.787871,36.906000
s2_speed,adaptive,15,50,5,500.000000,500.000000,1.000000,150.000000,250.000000,6.000000,512,10000.000000,200.000000,164,83,188,0,1071,16,50.609756,1.296640,1.224187,0.349398,-1.000000,1,0.957264,3.092531,35.392000
s2_speed,adaptive,13,50,5,500.000000,500.000000,1.000000,150.000000,250.000000,6.000000,512,10000.000000,200.000000,165,78,244,5,1106,17,47.272727,1.175040,1.500688,0.576923,-1.000000,1,0.963470,2.834011,38.068000
s2_speed,adaptive,14,50,5,500.000000,500.000000,1.000000,150.000000,250.000000,6.000000,512,10000.000000,200.000000,165,61,187,11,1135,93,36.969697,0.903680,1.456977,0.557377,-1.000000,1,0.958238,3.103791,36.368000
s2_speed,adaptive,16,50,5,500.000000,500.000000,1.000000,150.000000,250.000000,6.000000,512,10000.000000,200.000000,165,69,250,0,1147,23,41.818182,0.971520,1.785859,0.840580,-1.000000,1,0.967132,2.488121,37.218000
s2_speed,adaptive,17,50,5,500.000000,500.000000,1.000000,150.000000,250.000000,6.000000,512,10000.000000,200.000000,163,76,156,5,1155,60,46.625767,1.210880,1.816126,0.815789,-1.000000,1,0.963621,2.729057,36.814000
s2_speed,adaptive,18,50,5,500.000000,500.000000,1.000000,150.000000,250.000000,6.000000,512,10000.000000,200.000000,165,62,227,4,1125,15,37.575758,0.866560,1.834392,0.838710,-1.000000,1,0.953879,3.419872,36.200000
s2_speed,adaptive,19,50,5,500.000000,500.000000,1.000000,150.000000,250.000000,6.000000,512,10000.000000,200.000000,165,62,220,1,1115,49,37.575758,0.885760,1.520959,0.629032,-1.000000,1,0.956180,3.452505,38.512000
s2_speed,vbf,1,50,5,500.000000,500.000000,1.000000,150.000000,250.000000,6.000000,512,10000.000000,200.000000,164,11,87,0,379,0,6.707317,0.238480,3.391190,1.000000,-1.000000,1,0.827320,4.772877,12.514000
s2_speed,adaptive,20,50,5,500.000000,500.000000,1.000000,150.000000,250.000000,6.000000,512,10000.000000,200.000000,164,73,122,44,1076,11,44.512195,1.187840,1.596995,0.671233,-1.000000,1,0.956253,3.352124,37.456000
s2_speed,vbf,2,50,5,500.000000,500.000000,1.000000,150.000000,250.000000,6.000000,512,10000.000000,200.000000,164,14,79,0,400,0,8.536585,0.303520,3.477703,1.000000,-1.000000,1,0.757419,6.755361,12.002000
s2_speed,vbf,3,50,5,500.000000,500.000000,1.000000,150.000000,250.000000,6.000000,512,10000.000000,200.000000,165,14,72,0,453,0,8.484848,0.303520,3.870090,1.000000,-1.000000,1,0.806311,5.317060,12.254000
s2_speed,vbf,4,50,5,500.000000,500.000000,1.000000,150.000000,250.000000,6.000000,512,10000.000000,200.000000,163,15,100,0,294,0,9.202454,0.325200,2.811354,1.000000,-1.000000,1,0.771802,5.973127,11.402000
s2_speed,vbf,5,50,5,500.000000,500.000000,1.000000,150.000000,250.000000,6.000000,512,10000.000000,200.000000,165,13,82,0,474,0,7.878788,0.281840,4.120187,1.000000,-1.000000,1,0.839095,4.732068,13.418000
s2_speed,vbf,6,50,5,500.000000,500.000000,1.000000,150.000000,250.000000,6.000000,512,10000.000000,200.000000,165,13,81,0,426,0,7.878788,0.281840,3.529154,1.000000,-1.000000,1,0.793649,6.009435,12.886000
s2_speed,vbf,7,50,5,500.000000,500.000000,1.000000,150.000000,250.000000,6.000000,512,10000.000000,200.000000,165,6,95,0,341,0,3.636364,0.130080,2.989163,1.000000,-1.000000,1,0.768049,6.029392,11.292000
s2_speed,vbf,8,50,5,500.000000,500.000000,1.000000,150.000000,250.000000,6.000000,512,10000.000000,200.000000,164,18,57,0,448,0,10.975610,0.390240,3.830912,1.000000,-1.000000,1,0.848002,4.135200,12.484000
s2_speed,vbf,9,50,5,500.000000,500.000000,1.000000,150.000000,250.000000,6.000000,512,10000.000000,200.000000,163,11,104,0,416,0,6.748466,0.238480,2.995202,1.000000,-1.000000,1,0.731323,7.779047,12.230000
s2_speed,vbf,10,50,5,500.000000,500.000000,1.000000,150.000000,250.000000,6.000000,512,10000.000000,200.000000,165,12,84,0,481,0,7.272727,0.260160,4.062310,1.000000,-1.000000,1,0.877802,3.490317,13.352000
s2_speed,vbf,11,50,5,500.000000,500.000000,1.000000,150.000000,250.000000,6.000000,512,10000.000000,200.000000,165,12,81,0,365,0,7.272727,0.260160,2.627920,1.000000,-1.000000,1,0.714428,7.695856,11.230000
s2_speed,vbf,12,50,5,500.000000,500.000000,1.000000,150.000000,250.000000,6.000000,512,10000.000000,200.000000,165,13,75,0,399,0,7.878788,0.281840,3.400554,1.000000,-1.000000,1,0.836052,4.484718,12.456000
s2_speed,vbf,13,50,5,500.000000,500.000000,1.000000,150.000000,250.000000,6.000000,512,10000.000000,200.000000,165,19,89,0,514,0,11.515152,0.411920,4.067075,1.000000,-1.000000,1,0.837895,5.027775,14.140000
s2_speed,vbf,14,50,5,500.000000,500.000000,1.000000,150.000000,250.000000,6.000000,512,10000.000000,200.000000,165,8,86,0,436,0,4.848485,0.173440,4.055544,1.000000,-1.000000,1,0.752872,7.351006,12.776000
s2_speed,vbf,15,50,5,500.000000,500.000000,1.000000,150.000000,250.000000,6.000000,512,10000.000000,200.000000,164,14,94,0,360,0,8.536585,0.303520,3.346122,1.000000,-1.000000,1,0.702006,8.739157,12.096000
s2_speed,vbf,16,50,5,500.000000,500.000000,1.000000,150.000000,250.000000,6.000000,512,10000.000000,200.000000,165,15,94,0,504,0,9.090909,0.325200,5.094331,1.000000,-1.000000,1,0.861158,4.198558,13.992000
s2_speed,vbf,17,50,5,500.000000,500.000000,1.000000,150.000000,250.000000,6.000000,512,10000.000000,200.000000,163,12,60,0,462,0,7.361963,0.260160,4.057175,1.000000,-1.000000,1,0.782090,5.871043,11.824000
s2_speed,vbf,18,50,5,500.000000,500.000000,1.000000,150.000000,250.000000,6.000000,512,10000.000000,200.000000,165,13,100,0,530,0,7.878788,0.281840,4.614963,1.000000,-1.000000,1,0.785917,6.897347,14.178000
s2_speed,vbf,19,50,5,500.000000,500.000000,1.000000,150.000000,250.000000,6.000000,512,10000.000000,200.000000,165,13,62,0,374,0,7.878788,0.281840,3.885467,1.000000,-1.000000,1,0.720625,7.012114,10.512000
s2_speed,vbf,20,50,5,500.000000,500.000000,1.000000,150.000000,250.000000,6.000000,512,10000.000000,200.000000,164,12,90,0,404,0,7.317073,0.260160,3.006239,1.000000,-1.000000,1,0.750217,7.217690,12.386000
s2_speed,hhvbf,1,50,5,500.000000,500.000000,1.000000,150.000000,250.000000,6.000000,512,10000.000000,200.000000,164,16,72,0,389,0,9.756098,0.346880,3.114284,1.000000,-1.000000,1,0.809193,5.346239,12.532000
s2_speed,hhvbf,2,50,5,500.000000,500.000000,1.000000,150.000000,250.000000,6.000000,512,10000.000000,200.000000,164,17,69,0,407,0,10.365854,0.368560,3.360180,1.000000,-1.000000,1,0.763507,6.282848,11.502000
s2_speed,hhvbf,3,50,5,500.000000,500.000000,1.000000,150.000000,250.000000,6.000000,512,10000.000000,200.000000,165,16,79,0,443,0,9.696970,0.346880,4.297145,1.000000,-1.000000,1,0.815740,5.075890,12.376000
s2_speed,hhvbf,4,50,5,500.000000,500.000000,1.000000,150.000000,250.000000,6.000000,512,10000.000000,200.000000,163,15,93,0,300,0,9.202454,0.325200,3.013312,1.000000,-1.000000,1,0.762382,6.166409,11.226000
s2_speed,hhvbf,5,50,5,500.000000,500.000000,1.000000,150.000000,250.000000,6.000000,512,10000.000000,200.000000,165,14,108,0,522,0,8.484848,0.303520,4.304530,1.000000,-1.000000,1,0.847956,4.955014,14.954000
s2_speed,hhvbf,6,50,5,500.000000,500.000000,1.000000,150.000000,250.000000,6.000000,512,10000.000000,200.000000,165,13,93,0,441,0,7.878788,0.281840,4.618941,1.000000,-1.000000,1,0.817957,5.428143,13.416000
s2_speed,hhvbf,7,50,5,500.000000,500.000000,1.000000,150.000000,250.000000,6.000000,512,10000.000000,200.000000,165,8,85,0,343,0,4.848485,0.173440,3.176154,1.000000,-1.000000,1,0.794074,5.320648,11.436000
s2_speed,hhvbf,8,50,5,500.000000,500.000000,1.000000,150.000000,250.000000,6.000000,512,10000.000000,200.000000,164,23,69,0,437,0,14.024390,0.498640,3.772490,1.000000,-1.000000,1,0.878430,3.395663,13.062000
s2_speed,hhvbf,9,50,5,500.000000,500.000000,1.000000,150.000000,250.000000,6.000000,512,10000.000000,200.000000,163,14,99,0,427,0,8.588957,0.303520,3.929313,1.000000,-1.000000,1,0.721697,8.237995,12.408000
s2_speed,hhvbf,10,50,5,500.000000,500.000000,1.000000,150.000000,250.000000,6.000000,512,10000.000000,200.000000,165,13,96,0,479,0,7.878788,0.281840,3.671661,1.000000,-1.000000,1,0.879115,3.342053,12.934000
s2_speed,hhvbf,11,50,5,500.000000,500.000000,1.000000,150.000000,250.000000,6.000000,512,10000.000000,200.000000,165,12,88,0,368,0,7.272727,0.260160,2.787428,1.000000,-1.000000,1,0.719840,7.634691,11.406000
s2_speed,hhvbf,12,50,5,500.000000,500.000000,1.000000,150.000000,250.000000,6.000000,512,10000.000000,200.000000,165,15,79,0,445,0,9.090909,0.325200,4.675515,1.000000,-1.000000,1,0.814791,5.540112,13.430000
s2_speed,hhvbf,13,50,5,500.000000,500.000000,1.000000,150.000000,250.000000,6.000000,512,10000.000000,200.000000,165,15,86,0,447,0,9.090909,0.325200,3.906159,1.000000,-1.000000,1,0.819410,5.049935,12.594000
s2_speed,hhvbf,14,50,5,500.000000,500.000000,1.000000,150.000000,250.000000,6.000000,512,10000.000000,200.000000,165,10,96,0,472,0,6.060606,0.216800,5.384695,1.000000,-1.000000,1,0.787095,6.580986,13.614000
s2_speed,hhvbf,15,50,5,500.000000,500.000000,1.000000,150.000000,250.000000,6.000000,512,10000.000000,200.000000,164,13,91,0,351,0,7.926829,0.281840,3.269451,1.000000,-1.000000,1,0.702942,8.643017,12.010000
s2_speed,hhvbf,16,50,5,500.000000,500.000000,1.000000,150.000000,250.000000,6.000000,512,10000.000000,200.000000,165,15,84,0,494,0,9.090909,0.325200,4.294529,1.000000,-1.000000,1,0.851024,4.458655,13.760000
s2_speed,hhvbf,17,50,5,500.000000,500.000000,1.000000,150.000000,250.000000,6.000000,512,10000.000000,200.000000,163,14,52,0,470,0,8.588957,0.303520,3.557711,1.000000,-1.000000,1,0.755214,6.786006,11.928000
s2_speed,hhvbf,18,50,5,500.000000,500.000000,1.000000,150.000000,250.000000,6.000000,512,10000.000000,200.000000,165,14,91,0,547,0,8.484848,0.303520,5.908041,1.000000,-1.000000,1,0.795034,6.496435,14.038000
s2_speed,hhvbf,19,50,5,500.000000,500.000000,1.000000,150.000000,250.000000,6.000000,512,10000.000000,200.000000,165,12,67,0,368,0,7.272727,0.260160,4.218433,1.000000,-1.000000,1,0.732942,6.624876,10.492000
s2_speed,hhvbf,20,50,5,500.000000,500.000000,1.000000,150.000000,250.000000,6.000000,512,10000.000000,200.000000,164,12,103,0,404,0,7.317073,0.260160,2.862029,1.000000,-1.000000,1,0.740773,7.531770,12.364000
s2_speed,dbr,2,50,5,500.000000,500.000000,1.000000,150.000000,250.000000,6.000000,512,10000.000000,200.000000,164,9,64,0,212,0,5.487805,0.016920,47.316422,0.777778,-1.000000,1,0.764049,5.310405,9.748000
s2_speed,dbr,1,50,5,500.000000,500.000000,1.000000,150.000000,250.000000,6.000000,512,10000.000000,200.000000,164,6,68,0,212,0,3.658537,0.011280,35.800662,0.666667,-1.000000,1,0.796083,5.451801,11.850000
s2_speed,dbr,3,50,5,500.000000,500.000000,1.000000,150.000000,250.000000,6.000000,512,10000.000000,200.000000,165,6,50,0,214,0,3.636364,0.011280,20.040885,1.833333,-1.000000,1,0.696467,6.037530,8.166000
s2_speed,dbr,4,50,5,500.000000,500.000000,1.000000,150.000000,250.000000,6.000000,512,10000.000000,200.000000,163,11,107,0,211,0,6.748466,0.020680,7.421251,1.727273,-1.000000,1,0.768471,5.932344,11.134000
s2_speed,dbr,5,50,5,500.000000,500.000000,1.000000,150.000000,250.000000,6.000000,512,10000.000000,200.000000,165,2,16,0,210,0,1.212121,0.003760,9.924886,1.500000,-1.000000,1,0.716141,5.945230,8.740000
s2_speed,dbr,6,50,5,500.000000,500.000000,1.000000,150.000000,250.000000,6.000000,512,10000.000000,200.000000,165,8,50,0,212,0,4.848485,0.015040,7.254328,1.000000,-1.000000,1,0.760746,4.917320,8.880000
s2_speed,dbr,8,50,5,500.000000,500.000000,1.000000,150.000000,250.000000,6.000000,512,10000.000000,200.000000,164,11,32,0,212,0,6.707317,0.020680,23.784974,1.181818,-1.000000,1,0.656567,7.060311,8.148000
s2_speed,dbr,7,50,5,500.000000,500.000000,1.000000,150.000000,250.000000,6.000000,512,10000.000000,200.000000,165,4,33,0,212,0,2.424242,0.007520,6.419227,1.500000,-1.000000,1,0.718050,6.872920,10.188000
s2_speed,dbr,9,50,5,500.000000,500.000000,1.000000,150.000000,250.000000,6.000000,512,10000.000000,200.000000,163,4,65,0,210,0,2.453988,0.007520,6.747035,0.750000,-1.000000,1,0.719570,5.603790,8.362000
s2_speed,dbr,10,50,5,500.000000,500.000000,1.000000,150.000000,250.000000,6.000000,512,10000.000000,200.000000,165,4,32,0,211,0,2.424242,0.007520,7.447194,2.000000,-1.000000,1,0.666229,6.469374,7.750000
s2_speed,dbr,11,50,5,500.000000,500.000000,1.000000,150.000000,250.000000,6.000000,512,10000.000000,200.000000,165,9,87,0,212,0,5.454545,0.016920,25.831620,1.333333,-1.000000,1,0.761635,4.906845,8.900000
s2_speed,dbr,12,50,5,500.000000,500.000000,1.000000,150.000000,250.000000,6.000000,512,10000.000000,200.000000,165,8,70,0,214,0,4.848485,0.015040,21.655465,1.375000,-1.000000,1,0.740006,5.653609,9.248000
s2_speed,dbr,14,50,5,500.000000,500.000000,1.000000,150.000000,250.000000,6.000000,512,10000.000000,200.000000,165,6,26,0,213,0,3.636364,0.011280,6.804583,1.166667,-1.000000,1,0.693647,5.737224,7.670000
s2_speed,dbr,13,50,5,500.000000,500.000000,1.000000,150.000000,250.000000,6.000000,512,10000.000000,200.000000,165,6,63,0,212,0,3.636364,0.011280,7.324945,1.000000,-1.000000,1,0.724470,5.481586,8.358000
s2_speed,dbr,15,50,5,500.000000,500.000000,1.000000,150.000000,250.000000,6.000000,512,10000.000000,200.000000,164,8,96,0,212,0,4.878049,0.015040,28.796210,0.625000,-1.000000,1,0.671293,8.160780,9.972000
s2_speed,dbr,17,50,5,500.000000,500.000000,1.000000,150.000000,250.000000,6.000000,512,10000.000000,200.000000,163,11,48,0,210,0,6.748466,0.020680,33.218993,1.000000,-1.000000,1,0.692740,5.103965,6.798000
s2_speed,dbr,16,50,5,500.000000,500.000000,1.000000,150.000000,250.000000,6.000000,512,10000.000000,200.000000,165,7,31,0,212,0,4.242424,0.013160,7.594541,2.142857,-1.000000,1,0.711949,5.111723,7.380000
s2_speed,dbr,18,50,5,500.000000,500.000000,1.000000,150.000000,250.000000,6.000000,512,10000.000000,200.000000,165,8,31,0,211,0,4.848485,0.015040,7.030905,1.625000,-1.000000,1,0.626214,7.423790,7.648000
s2_speed,dbr,19,50,5,500.000000,500.000000,1.000000,150.000000,250.000000,6.000000,512,10000.000000,200.000000,165,4,32,0,211,0,2.424242,0.007520,6.598241,1.750000,-1.000000,1,0.633848,8.097946,8.580000
s2_speed,dbr,20,50,5,500.000000,500.000000,1.000000,150.000000,250.000000,6.000000,512,10000.000000,200.000000,164,6,57,0,209,0,3.658537,0.011280,22.653290,1.000000,-1.000000,1,0.736243,5.579379,8.970000
s2_speed,adaptive,1,50,5,500.000000,500.000000,2.000000,150.000000,250.000000,6.000000,512,10000.000000,200.000000,164,87,206,15,1027,25,53.048780,1.282560,1.176175,0.333333,-1.000000,1,0.961466,3.247501,41.310000
s2_speed,adaptive,3,50,5,500.000000,500.000000,2.000000,150.000000,250.000000,6.000000,512,10000.000000,200.000000,165,84,202,9,1074,10,50.909091,1.221120,1.395781,0.523810,-1.000000,1,0.967248,2.331595,35.002000
s2_speed,adaptive,2,50,5,500.000000,500.000000,2.000000,150.000000,250.000000,6.000000,512,10000.000000,200.000000,164,71,216,22,1043,29,43.292683,0.743680,1.079547,0.394366,-1.000000,1,0.976935,1.890097,40.496000
s2_speed,adaptive,4,50,5,500.000000,500.000000,2.000000,150.000000,250.000000,6.000000,512,10000.000000,200.000000,163,75,254,17,1018,16,46.012270,0.921600,0.901098,0.266667,-1.000000,1,0.966567,2.852216,41.930000
s2_speed,adaptive,5,50,5,500.000000,500.000000,2.000000,150.000000,250.000000,6.000000,512,10000.000000,200.000000,165,57,168,10,1055,56,34.545455,0.648960,1.240111,0.491228,-1.000000,1,0.962949,2.769465,36.668000
s2_speed,adaptive,6,50,5,500.000000,500.000000,2.000000,150.000000,250.000000,6.000000,512,10000.000000,200.000000,165,59,190,2,1096,27,35.757576,0.766720,1.329989,0.508475,-1.000000,1,0.962078,2.988086,38.636000
s2_speed,adaptive,9,50,5,500.000000,500.000000,2.000000,150.000000,250.000000,6.000000,512,10000.000000,200.000000,163,86,167,30,1092,23,52.760736,1.377280,1.891645,0.860465,-1.000000,1,0.972819,1.992624,36.150000
s2_speed,adaptive,7,50,5,500.000000,500.000000,2.000000,150.000000,250.000000,6.000000,512,10000.000000,200.000000,165,54,119,1,1030,28,32.727273,0.779520,1.623774,0.666667,-1.000000,1,0.957476,3.485975,40.098000
s2_speed,adaptive,8,50,5,500.000000,500.000000,2.000000,150.000000,250.000000,6.000000,512,10000.000000,200.000000,164,80,223,16,1080,51,48.780488,0.908800,1.386449,0.587500,-1.000000,1,0.976634,1.818324,38.450000
s2_speed,adaptive,10,50,5,500.000000,500.000000,2.000000,150.000000,250.000000,6.000000,512,10000.000000,200.000000,165,69,198,22,1106,38,41.818182,0.913920,1.622055,0.739130,-1.000000,1,0.979760,1.534811,37.528000
s2_speed,adaptive,12,50,5,500.000000,500.000000,2.000000,150.000000,250.000000,6.000000,512,10000.000000,200.000000,165,96,235,4,1040,45,58.181818,1.198080,1.205139,0.437500,-1.000000,1,0.974225,2.110512,40.406000
s2_speed,adaptive,11,50,5,500.000000,500.000000,2.000000,150.000000,250.000000,6.000000,512,10000.000000,200.000000,165,91,152,34,1037,77,55.151515,1.326080,1.063885,0.274725,-1.000000,1,0.962778,3.019960,39.798000
s2_speed,adaptive,13,50,5,500.000000,500.000000,2.000000,150.000000,250.000000,6.000000,512,10000.000000,200.000000,165,91,196,22,1088,33,55.151515,1.422080,1.523450,0.615385,-1.000000,1,0.966716,2.653741,39.190000
s2_speed,adaptive,15,50,5,500.000000,500.000000,2.000000,150.000000,250.000000,6.000000,512,10000.000000,200.000000,164,92,197,12,1059,69,56.097561,1.231360,1.074414,0.293478,-1.000000,1,0.966759,2.462076,36.408000
s2_speed,adaptive,14,50,5,500.000000,500.000000,2.000000,150.000000,250.000000,6.000000,512,10000.000000,200.000000,165,58,207,19,1107,58,35.151515,0.746240,1.458446,0.586207,-1.000000,1,0.962204,2.945753,38.218000
s2_speed,adaptive,16,50,5,500.000000,500.000000,2.000000,150.000000,250.000000,6.000000,512,10000.000000,200.000000,165,69,252,0,1088,10,41.818182,0.894720,1.496584,0.652174,-1.000000,1,0.970751,2.290061,38.566000
s2_speed,adaptive,17,50,5,500.000000,500.000000,2.000000,150.000000,250.000000,6.000000,512,10000.000000,200.000000,163,69,182,18,1115,57,42.331288,0.817920,1.117215,0.405797,-1.000000,1,0.967825,2.514954,38.444000
s2_speed,adaptive,18,50,5,500.000000,500.000000,2.000000,150.000000,250.000000,6.000000,512,10000.000000,200.000000,165,80,226,0,1095,1,48.484848,1.177600,1.524320,0.625000,-1.000000,1,0.963703,2.803607,37.906000
s2_speed,adaptive,19,50,5,500.000000,500.000000,2.000000,150.000000,250.000000,6.000000,512,10000.000000,200.000000,165,57,237,1,1084,23,34.545455,0.725760,1.215882,0.438596,-1.000000,1,0.962184,3.075762,39.884000
s2_speed,vbf,1,50,5,500.000000,500.000000,2.000000,150.000000,250.000000,6.000000,512,10000.000000,200.000000,164,14,79,0,381,0,8.536585,0.303520,2.561606,1.000000,-1.000000,1,0.821288,4.920608,12.416000
s2_speed,vbf,2,50,5,500.000000,500.000000,2.000000,150.000000,250.000000,6.000000,512,10000.000000,200.000000,164,16,58,0,377,0,9.756098,0.346880,3.052378,1.000000,-1.000000,1,0.808399,4.854469,11.326000
s2_speed,adaptive,20,50,5,500.000000,500.000000,2.000000,150.000000,250.000000,6.000000,512,10000.000000,200.000000,164,74,166,22,1023,33,45.121951,1.073920,1.165847,0.364865,-1.000000,1,0.961276,3.085739,39.056000
s2_speed,vbf,3,50,5,500.000000,500.000000,2.000000,150.000000,250.000000,6.000000,512,10000.000000,200.000000,165,18,95,0,427,0,10.909091,0.390240,3.757464,1.000000,-1.000000,1,0.817251,5.015335,12.342000
s2_speed,vbf,4,50,5,500.000000,500.000000,2.000000,150.000000,250.000000,6.000000,512,10000.000000,200.000000,163,19,68,0,363,0,11.656442,0.411920,3.173763,1.000000,-1.000000,1,0.814085,4.824800,11.646000
s2_speed,vbf,5,50,5,500.000000,500.000000,2.000000,150.000000,250.000000,6.000000,512,10000.000000,200.000000,165,19,82,0,481,0,11.515152,0.411920,4.103990,1.000000,-1.000000,1,0.887422,3.336329,13.934000
s2_speed,vbf,6,50,5,500.000000,500.000000,2.000000,150.000000,250.000000,6.000000,512,10000.000000,200.000000,165,18,60,0,430,0,10.909091,0.390240,3.885124,1.000000,-1.000000,1,0.854705,4.045151,12.830000
s2_speed,vbf,7,50,5,500.000000,500.000000,2.000000,150.000000,250.000000,6.000000,512,10000.000000,200.000000,165,14,60,0,344,0,8.484848,0.303520,3.089465,1.000000,-1.000000,1,0.823437,4.368861,11.174000
s2_speed,vbf,8,50,5,500.000000,500.000000,2.000000,150.000000,250.000000,6.000000,512,10000.000000,200.000000,164,23,68,0,441,0,14.024390,0.498640,3.547285,1.000000,-1.000000,1,0.880996,3.287331,12.938000
s2_speed,vbf,10,50,5,500.000000,500.000000,2.000000,150.000000,250.000000,6.000000,512,10000.000000,200.000000,165,19,52,0,504,0,11.515152,0.411920,3.823702,1.000000,-1.000000,1,0.913480,2.390486,13.190000
s2_speed,vbf,9,50,5,500.000000,500.000000,2.000000,150.000000,250.000000,6.000000,512,10000.000000,200.000000,163,14,109,0,429,0,8.588957,0.303520,3.354647,1.000000,-1.000000,1,0.782407,6.643369,13.402000
s2_speed,vbf,11,50,5,500.000000,500.000000,2.000000,150.000000,250.000000,6.000000,512,10000.000000,200.000000,165,14,83,0,348,0,8.484848,0.303520,3.138414,1.000000,-1.000000,1,0.782706,5.633094,11.382000
s2_speed,vbf,12,50,5,500.000000,500.000000,2.000000,150.000000,250.000000,6.000000,512,10000.000000,200.000000,165,19,67,0,399,0,11.515152,0.411920,3.921443,1.000000,-1.000000,1,0.844040,4.041153,11.860000
s2_speed,vbf,13,50,5,500.000000,500.000000,2.000000,150.000000,250.000000,6.000000,512,10000.000000,200.000000,165,21,91,0,469,0,12.727273,0.455280,4.407682,1.000000,-1.000000,1,0.849338,4.349933,13.260000
s2_speed,vbf,14,50,5,500.000000,500.000000,2.000000,150.000000,250.000000,6.000000,512,10000.000000,200.000000,165,13,72,0,458,0,7.878788,0.281840,4.062000,1.000000,-1.000000,1,0.784283,6.489889,13.224000
s2_speed,vbf,17,50,5,500.000000,500.000000,2.000000,150.000000,250.000000,6.000000,512,10000.000000,200.000000,163,16,86,0,394,0,9.815951,0.346880,3.189263,1.000000,-1.000000,1,0.759245,6.216724,11.144000
s2_speed,vbf,15,50,5,500.000000,500.000000,2.000000,150.000000,250.000000,6.000000,512,10000.000000,200.000000,164,16,78,0,374,0,9.756098,0.346880,2.789778,1.000000,-1.000000,1,0.754098,7.220791,12.624000
s2_speed,vbf,16,50,5,500.000000,500.000000,2.000000,150.000000,250.000000,6.000000,512,10000.000000,200.000000,165,19,74,0,485,0,11.515152,0.411920,4.292981,1.000000,-1.000000,1,0.831503,5.092773,13.722000
s2_speed,vbf,18,50,5,500.000000,500.000000,2.000000,150.000000,250.000000,6.000000,512,10000.000000,200.000000,165,17,90,0,495,0,10.303030,0.368560,4.853351,1.000000,-1.000000,1,0.834457,4.905731,13.480000
s2_speed,vbf,19,50,5,500.000000,500.000000,2.000000,150.000000,250.000000,6.000000,512,10000.000000,200.000000,165,15,64,0,377,0,9.090909,0.325200,4.176990,1.000000,-1.000000,1,0.731924,6.656730,10.494000
s2_speed,vbf,20,50,5,500.000000,500.000000,2.000000,150.000000,250.000000,6.000000,512,10000.000000,200.000000,164,17,79,0,391,0,10.365854,0.368560,3.496819,1.000000,-1.000000,1,0.817577,5.143977,12.684000
s2_speed,hhvbf,1,50,5,500.000000,500.000000,2.000000,150.000000,250.000000,6.000000,512,10000.000000,200.000000,164,16,86,0,368,0,9.756098,0.346880,2.969629,1.000000,-1.000000,1,0.847308,4.207201,12.638000
s2_speed,hhvbf,2,50,5,500.000000,500.000000,2.000000,150.000000,250.000000,6.000000,512,10000.000000,200.000000,164,19,59,0,392,0,11.585366,0.411920,3.068748,1.000000,-1.000000,1,0.799739,5.214249,11.570000
s2_speed,hhvbf,3,50,5,500.000000,500.000000,2.000000,150.000000,250.000000,6.000000,512,10000.000000,200.000000,165,17,69,0,405,0,10.303030,0.368560,4.022071,1.000000,-1.000000,1,0.828517,4.645203,12.274000
s2_speed,hhvbf,4,50,5,500.000000,500.000000,2.000000,150.000000,250.000000,6.000000,512,10000.000000,200.000000,163,18,72,0,347,0,11.042945,0.390240,2.818275,1.000000,-1.000000,1,0.826052,4.530486,11.782000
s2_speed,hhvbf,6,50,5,500.000000,500.000000,2.000000,150.000000,250.000000,6.000000,512,10000.000000,200.000000,165,19,70,0,431,0,11.515152,0.411920,3.347535,1.000000,-1.000000,1,0.853253,4.098263,12.858000
s2_speed,hhvbf,5,50,5,500.000000,500.000000,2.000000,150.000000,250.000000,6.000000,512,10000.000000,200.000000,165,17,79,0,489,0,10.303030,0.368560,4.223902,1.000000,-1.000000,1,0.874702,3.672615,13.676000
s2_speed,hhvbf,7,50,5,500.000000,500.000000,2.000000,150.000000,250.000000,6.000000,512,10000.000000,200.000000,165,15,56,0,342,0,9.090909,0.325200,2.973776,1.000000,-1.000000,1,0.814203,4.539000,10.964000
s2_speed,hhvbf,8,50,5,500.000000,500.000000,2.000000,150.000000,250.000000,6.000000,512,10000.000000,200.000000,164,22,63,0,457,0,13.414634,0.476960,4.122666,1.000000,-1.000000,1,0.870105,3.538344,12.674000
s2_speed,hhvbf,9,50,5,500.000000,500.000000,2.000000,150.000000,250.000000,6.000000,512,10000.000000,200.000000,163,14,104,0,450,0,8.588957,0.303520,3.902385,1.000000,-1.000000,1,0.780920,6.562020,13.134000
s2_speed,hhvbf,10,50,5,500.000000,500.000000,2.000000,150.000000,250.000000,6.000000,512,10000.000000,200.000000,165,23,81,0,531,0,13.939394,0.498640,4.260651,1.000000,-1.000000,1,0.910038,2.609069,13.818000
s2_speed,hhvbf,11,50,5,500.000000,500.000000,2.000000,150.000000,250.000000,6.000000,512,10000.000000,200.000000,165,16,92,0,372,0,9.696970,0.346880,2.790075,1.000000,-1.000000,1,0.783206,6.022885,12.202000
s2_speed,hhvbf,12,50,5,500.000000,500.000000,2.000000,150.000000,250.000000,6.000000,512,10000.000000,200.000000,165,21,64,0,424,0,12.727273,0.455280,3.687172,1.000000,-1.000000,1,0.863002,3.740571,12.648000
s2_speed,hhvbf,15,50,5,500.000000,500.000000,2.000000,150.000000,250.000000,6.000000,512,10000.000000,200.000000,164,16,82,0,357,0,9.756098,0.346880,3.025409,1.000000,-1.000000,1,0.757758,6.793656,12.090000
s2_speed,hhvbf,13,50,5,500.000000,500.000000,2.000000,150.000000,250.000000,6.000000,512,10000.000000,200.000000,165,20,98,0,479,0,12.121212,0.433600,3.959173,1.000000,-1.000000,1,0.862028,4.087739,13.716000
s2_speed,hhvbf,14,50,5,500.000000,500.000000,2.000000,150.000000,250.000000,6.000000,512,10000.000000,200.000000,165,15,67,0,464,0,9.090909,0.325200,4.328761,1.000000,-1.000000,1,0.802140,5.831289,13.118000
s2_speed,hhvbf,18,50,5,500.000000,500.000000,2.000000,150.000000,250.000000,6.000000,512,10000.000000,200.000000,165,16,82,0,493,0,9.696970,0.346880,5.362560,1.000000,-1.000000,1,0.835476,4.896150,13.546000
s2_speed,hhvbf,17,50,5,500.000000,500.000000,2.000000,150.000000,250.000000,6.000000,512,10000.000000,200.000000,163,15,81,0,436,0,9.202454,0.325200,3.007524,1.000000,-1.000000,1,0.784267,6.029111,12.284000
s2_speed,hhvbf,16,50,5,500.000000,500.000000,2.000000,150.000000,250.000000,6.000000,512,10000.000000,200.000000,165,20,89,0,501,0,12.121212,0.433600,4.423227,1.000000,-1.000000,1,0.881831,3.492108,13.848000
s2_speed,hhvbf,19,50,5,500.000000,500.000000,2.000000,150.000000,250.000000,6.000000,512,10000.000000,200.000000,165,13,71,0,405,0,7.878788,0.281840,3.520009,1.000000,-1.000000,1,0.745599,6.669595,11.198000
s2_speed,dbr,1,50,5,500.000000,500.000000,2.000000,150.000000,250.000000,6.000000,512,10000.000000,200.000000,164,9,84,0,212,0,5.487805,0.016920,31.384355,0.555556,-1.000000,1,0.838375,4.286925,12.096000
s2_speed,hhvbf,20,50,5,500.000000,500.000000,2.000000,150.000000,250.000000,6.000000,512,10000.000000,200.000000,164,13,102,0,413,0,7.926829,0.281840,3.226115,1.000000,-1.000000,1,0.818920,5.161834,12.834000
s2_speed,dbr,3,50,5,500.000000,500.000000,2.000000,150.000000,250.000000,6.000000,512,10000.000000,200.000000,165,8,73,0,214,0,4.848485,0.015040,47.941177,1.250000,-1.000000,1,0.721266,6.136992,9.226000
s2_speed,dbr,2,50,5,500.000000,500.000000,2.000000,150.000000,250.000000,6.000000,512,10000.000000,200.000000,164,9,92,0,210,0,5.487805,0.016920,26.011333,0.666667,-1.000000,1,0.825567,4.050840,10.502000
s2_speed,dbr,4,50,5,500.000000,500.000000,2.000000,150.000000,250.000000,6.000000,512,10000.000000,200.000000,163,10,85,0,211,0,6.134969,0.018800,7.810013,1.100000,-1.000000,1,0.824711,4.379426,11.292000
s2_speed,dbr,5,50,5,500.000000,500.000000,2.000000,150.000000,250.000000,6.000000,512,10000.000000,200.000000,165,8,19,0,213,0,4.848485,0.015040,23.363764,2.125000,-1.000000,1,0.737093,5.820419,9.394000
s2_speed,dbr,6,50,5,500.000000,500.000000,2.000000,150.000000,250.000000,6.000000,512,10000.000000,200.000000,165,9,60,0,211,0,5.454545,0.016920,26.252697,0.888889,-1.000000,1,0.789467,4.306346,9.024000
s2_speed,dbr,7,50,5,500.000000,500.000000,2.000000,150.000000,250.000000,6.000000,512,10000.000000,200.000000,165,5,24,0,208,0,3.030303,0.009400,41.168411,1.200000,-1.000000,1,0.741402,6.703213,11.036000
s2_speed,dbr,8,50,5,500.000000,500.000000,2.000000,150.000000,250.000000,6.000000,512,10000.000000,200.000000,164,12,34,0,211,0,7.317073,0.022560,14.189534,1.083333,-1.000000,1,0.708465,5.984255,8.512000
s2_speed,dbr,9,50,5,500.000000,500.000000,2.000000,150.000000,250.000000,6.000000,512,10000.000000,200.000000,163,5,66,0,210,0,3.067485,0.009400,6.667250,1.400000,-1.000000,1,0.756748,5.059670,8.960000
s2_speed,dbr,10,50,5,500.000000,500.000000,2.000000,150.000000,250.000000,6.000000,512,10000.000000,200.000000,165,2,37,0,213,0,1.212121,0.003760,86.665395,0.000000,-1.000000,1,0.710059,5.769152,8.262000
s2_speed,dbr,11,50,5,500.000000,500.000000,2.000000,150.000000,250.000000,6.000000,512,10000.000000,200.000000,165,9,83,0,210,0,5.454545,0.016920,15.816955,1.111111,-1.000000,1,0.817342,4.153949,10.228000
s2_speed,dbr,12,50,5,500.000000,500.000000,2.000000,150.000000,250.000000,6.000000,512,10000.000000,200.000000,165,7,86,0,213,0,4.242424,0.013160,35.758856,0.857143,-1.000000,1,0.791178,5.013135,10.604000
s2_speed,dbr,13,50,5,500.000000,500.000000,2.000000,150.000000,250.000000,6.000000,512,10000.000000,200.000000,165,8,75,0,211,0,4.848485,0.015040,21.388034,1.125000,-1.000000,1,0.765324,4.961674,9.166000
s2_speed,dbr,14,50,5,500.000000,500.000000,2.000000,150.000000,250.000000,6.000000,512,10000.000000,200.000000,165,7,16,0,213,0,4.242424,0.013160,24.978788,1.000000,-1.000000,1,0.729122,5.173815,8.054000
s2_speed,dbr,16,50,5,500.000000,500.000000,2.000000,150.000000,250.000000,6.000000,512,10000.000000,200.000000,165,13,30,0,212,0,7.878788,0.024440,7.029526,2.538462,-1.000000,1,0.712092,6.027857,8.708000
s2_speed,dbr,15,50,5,500.000000,500.000000,2.000000,150.000000,250.000000,6.000000,512,10000.000000,200.000000,164,8,109,0,211,0,4.878049,0.015040,31.100318,0.375000,-1.000000,1,0.713490,7.111897,10.336000
s2_speed,dbr,17,50,5,500.000000,500.000000,2.000000,150.000000,250.000000,6.000000,512,10000.000000,200.000000,163,14,85,0,212,0,8.588957,0.026320,24.262872,1.071429,-1.000000,1,0.723503,5.113838,7.764000
s2_speed,dbr,18,50,5,500.000000,500.000000,2.000000,150.000000,250.000000,6.000000,512,10000.000000,200.000000,165,8,46,0,211,0,4.848485,0.015040,19.392008,1.500000,-1.000000,1,0.694319,6.167454,8.268000
s2_speed,dbr,19,50,5,500.000000,500.000000,2.000000,150.000000,250.000000,6.000000,512,10000.000000,200.000000,165,4,32,0,212,0,2.424242,0.007520,6.277774,1.000000,-1.000000,1,0.614519,8.926564,8.814000
s2_speed,dbr,20,50,5,500.000000,500.000000,2.000000,150.000000,250.000000,6.000000,512,10000.000000,200.000000,164,5,60,0,209,0,3.048780,0.009400,16.202280,1.000000,-1.000000,1,0.786912,5.004259,10.342000
s2_speed,adaptive,3,50,5,500.000000,500.000000,3.000000,150.000000,250.000000,6.000000,512,10000.000000,200.000000,165,87,210,12,1048,41,52.727273,1.186560,1.135258,0.356322,-1.000000,1,0.964027,2.673828,36.484000
s2_speed,adaptive,1,50,5,500.000000,500.000000,3.000000,150.000000,250.000000,6.000000,512,10000.000000,200.000000,164,96,187,9,1052,66,58.536585,1.390080,1.058349,0.260417,-1.000000,1,0.964606,2.933230,40.690000
s2_speed,adaptive,2,50,5,500.000000,500.000000,3.000000,150.000000,250.000000,6.000000,512,10000.000000,200.000000,164,76,255,23,1037,19,46.341463,0.730880,0.874030,0.250000,-1.000000,1,0.983736,1.370019,41.772000
s2_speed,adaptive,6,50,5,500.000000,500.000000,3.000000,150.000000,250.000000,6.000000,512,10000.000000,200.000000,165,78,224,2,1077,25,47.272727,1.098240,1.332189,0.487179,-1.000000,1,0.967565,2.552321,38.696000
s2_speed,adaptive,5,50,5,500.000000,500.000000,3.000000,150.000000,250.000000,6.000000,512,10000.000000,200.000000,165,70,189,14,1064,58,42.424242,0.915200,1.387078,0.571429,-1.000000,1,0.960863,3.034318,37.992000
s2_speed,adaptive,4,50,5,500.000000,500.000000,3.000000,150.000000,250.000000,6.000000,512,10000.000000,200.000000,163,68,219,16,1034,45,41.717791,0.739840,0.842252,0.235294,-1.000000,1,0.973185,2.227954,40.978000
s2_speed,adaptive,7,50,5,500.000000,500.000000,3.000000,150.000000,250.000000,6.000000,512,10000.000000,200.000000,165,67,168,10,1009,33,40.606061,0.853760,1.403938,0.582090,-1.000000,1,0.969652,2.505887,40.650000
s2_speed,adaptive,8,50,5,500.000000,500.000000,3.000000,150.000000,250.000000,6.000000,512,10000.000000,200.000000,164,71,245,17,1085,64,43.292683,0.743680,1.217965,0.521127,-1.000000,1,0.976112,1.927666,39.860000
s2_speed,adaptive,9,50,5,500.000000,500.000000,3.000000,150.000000,250.000000,6.000000,512,10000.000000,200.000000,163,78,185,32,1094,26,47.852761,1.117440,1.535489,0.653846,-1.000000,1,0.977536,1.736960,38.222000
s2_speed,adaptive,10,50,5,500.000000,500.000000,3.000000,150.000000,250.000000,6.000000,512,10000.000000,200.000000,165,87,200,28,1104,28,52.727273,1.167360,1.441035,0.586207,-1.000000,1,0.979593,1.611448,39.076000
s2_speed,adaptive,11,50,5,500.000000,500.000000,3.000000,150.000000,250.000000,6.000000,512,10000.000000,200.000000,165,104,155,41,1023,101,63.030303,1.419520,1.108187,0.346154,-1.000000,1,0.966304,2.765590,40.334000
s2_speed,adaptive,12,50,5,500.000000,500.000000,3.000000,150.000000,250.000000,6.000000,512,10000.000000,200.000000,165,94,271,22,1048,69,56.969697,1.099520,1.073892,0.351064,-1.000000,1,0.974161,2.191525,41.852000
s2_speed,adaptive,13,50,5,500.000000,500.000000,3.000000,150.000000,250.000000,6.000000,512,10000.000000,200.000000,165,89,187,26,1067,21,53.939394,1.361920,1.349852,0.494382,-1.000000,1,0.969511,2.498554,40.340000
s2_speed,adaptive,14,50,5,500.000000,500.000000,3.000000,150.000000,250.000000,6.000000,512,10000.000000,200.000000,165,54,209,16,1098,44,32.727273,0.606720,1.550932,0.703704,-1.000000,1,0.975416,1.924851,38.662000
s2_speed,adaptive,15,50,5,500.000000,500.000000,3.000000,150.000000,250.000000,6.000000,512,10000.000000,200.000000,164,85,189,25,1047,55,51.829268,1.049600,0.919942,0.223529,-1.000000,1,0.972732,2.020436,36.536000
s2_speed,adaptive,16,50,5,500.000000,500.000000,3.000000,150.000000,250.000000,6.000000,512,10000.000000,200.000000,165,68,253,2,1078,19,41.212121,0.778240,1.332825,0.544118,-1.000000,1,0.977361,1.802531,39.354000
s2_speed,adaptive,17,50,5,500.000000,500.000000,3.000000,150.000000,250.000000,6.000000,512,10000.000000,200.000000,163,75,224,42,1076,32,46.012270,0.787200,1.048592,0.386667,-1.000000,1,0.966651,2.634860,38.834000
s2_speed,adaptive,18,50,5,500.000000,500.000000,3.000000,150.000000,250.000000,6.000000,512,10000.000000,200.000000,165,79,236,0,1091,3,47.878788,1.061120,1.414603,0.569620,-1.000000,1,0.966401,2.678324,39.176000
s2_speed,adaptive,19,50,5,500.000000,500.000000,3.000000,150.000000,250.000000,6.000000,512,10000.000000,200.000000,165,66,292,1,1084,16,40.000000,0.814080,1.313306,0.515152,-1.000000,1,0.967366,2.767297,41.696000
s2_speed,vbf,1,50,5,500.000000,500.000000,3.000000,150.000000,250.000000,6.000000,512,10000.000000,200.000000,164,17,94,0,404,0,10.365854,0.368560,3.087907,1.000000,-1.000000,1,0.836261,4.595606,12.782000
s2_speed,adaptive,20,50,5,500.000000,500.000000,3.000000,150.000000,250.000000,6.000000,512,10000.000000,200.000000,164,66,161,29,1037,38,40.243902,0.910080,1.122282,0.348485,-1.000000,1,0.962816,3.048727,40.218000
s2_speed,vbf,2,50,5,500.000000,500.000000,3.000000,150.000000,250.000000,6.000000,512,10000.000000,200.000000,164,20,55,0,396,0,12.195122,0.433600,3.022361,1.000000,-1.000000,1,0.846429,3.995954,11.928000
s2_speed,vbf,3,50,5,500.000000,500.000000,3.000000,150.000000,250.000000,6.000000,512,10000.000000,200.000000,165,22,57,0,393,0,13.333333,0.476960,3.997583,1.000000,-1.000000,1,0.812070,4.956732,11.820000
s2_speed,vbf,4,50,5,500.000000,500.000000,3.000000,150.000000,250.000000,6.000000,512,10000.000000,200.000000,163,21,87,0,386,0,12.883436,0.455280,3.332326,1.000000,-1.000000,1,0.829574,4.688532,12.474000
s2_speed,vbf,5,50,5,500.000000,500.000000,3.000000,150.000000,250.000000,6.000000,512,10000.000000,200.000000,165,20,54,0,450,0,12.121212,0.433600,4.374599,1.000000,-1.000000,1,0.869015,3.497742,12.416000
s2_speed,vbf,6,50,5,500.000000,500.000000,3.000000,150.000000,250.000000,6.000000,512,10000.000000,200.000000,165,18,59,0,424,0,10.909091,0.390240,3.921455,1.000000,-1.000000,1,0.867975,3.472660,12.222000
s2_speed,vbf,8,50,5,500.000000,500.000000,3.000000,150.000000,250.000000,6.000000,512,10000.000000,200.000000,164,20,50,0,445,0,12.195122,0.433600,4.015685,1.000000,-1.000000,1,0.843711,4.355876,12.754000
s2_speed,vbf,7,50,5,500.000000,500.000000,3.000000,150.000000,250.000000,6.000000,512,10000.000000,200.000000,165,18,59,0,381,0,10.909091,0.390240,3.665612,1.000000,-1.000000,1,0.866431,3.513735,12.212000
s2_speed,vbf,9,50,5,500.000000,500.000000,3.000000,150.000000,250.000000,6.000000,512,10000.000000,200.000000,163,16,94,0,445,0,9.815951,0.346880,3.889611,1.000000,-1.000000,1,0.790837,6.091075,12.860000
s2_speed,vbf,11,50,5,500.000000,500.000000,3.000000,150.000000,250.000000,6.000000,512,10000.000000,200.000000,165,16,72,0,339,0,9.696970,0.346880,2.801754,1.000000,-1.000000,1,0.815092,4.714690,11.450000
s2_speed,vbf,10,50,5,500.000000,500.000000,3.000000,150.000000,250.000000,6.000000,512,10000.000000,200.000000,165,21,81,0,499,0,12.727273,0.455280,3.833563,1.000000,-1.000000,1,0.903291,2.687332,13.188000
s2_speed,vbf,12,50,5,500.000000,500.000000,3.000000,150.000000,250.000000,6.000000,512,10000.000000,200.000000,165,24,86,0,388,0,14.545455,0.520320,3.717986,1.000000,-1.000000,1,0.849172,4.192292,12.764000
s2_speed,vbf,14,50,5,500.000000,500.000000,3.000000,150.000000,250.000000,6.000000,512,10000.000000,200.000000,165,18,65,0,487,0,10.909091,0.390240,4.598328,1.000000,-1.000000,1,0.827467,5.066325,13.296000
s2_speed,vbf,13,50,5,500.000000,500.000000,3.000000,150.000000,250.000000,6.000000,512,10000.000000,200.000000,165,17,98,0,480,0,10.303030,0.368560,3.244359,1.000000,-1.000000,1,0.856224,4.192292,13.450000
s2_speed,vbf,15,50,5,500.000000,500.000000,3.000000,150.000000,250.000000,6.000000,512,10000.000000,200.000000,164,21,81,0,367,0,12.804878,0.455280,2.994383,1.000000,-1.000000,1,0.816157,4.966455,12.140000
s2_speed,vbf,16,50,5,500.000000,500.000000,3.000000,150.000000,250.000000,6.000000,512,10000.000000,200.000000,165,24,75,0,469,0,14.545455,0.520320,4.009975,1.000000,-1.000000,1,0.866935,3.932673,13.724000
s2_speed,vbf,17,50,5,500.000000,500.000000,3.000000,150.000000,250.000000,6.000000,512,10000.000000,200.000000,163,15,68,0,390,0,9.202454,0.325200,3.373824,1.000000,-1.000000,1,0.757148,6.533211,11.592000
s2_speed,vbf,18,50,5,500.000000,500.000000,3.000000,150.000000,250.000000,6.000000,512,10000.000000,200.000000,165,20,77,0,482,0,12.121212,0.433600,4.119651,1.000000,-1.000000,1,0.851808,4.262879,13.232000
s2_speed,vbf,20,50,5,500.000000,500.000000,3.000000,150.000000,250.000000,6.000000,512,10000.000000,200.000000,164,16,86,0,390,0,9.756098,0.346880,3.249040,1.000000,-1.000000,1,0.845447,4.209554,12.478000
s2_speed,vbf,19,50,5,500.000000,500.000000,3.000000,150.000000,250.000000,6.000000,512,10000.000000,200.000000,165,14,63,0,386,0,8.484848,0.303520,4.169751,1.000000,-1.000000,1,0.730295,6.774848,10.602000
s2_speed,hhvbf,1,50,5,500.000000,500.000000,3.000000,150.000000,250.000000,6.000000,512,10000.000000,200.000000,164,18,84,0,399,0,10.975610,0.390240,3.258056,1.000000,-1.000000,1,0.840327,4.309540,12.324000
s2_speed,hhvbf,2,50,5,500.000000,500.000000,3.000000,150.000000,250.000000,6.000000,512,10000.000000,200.000000,164,21,53,0,379,0,12.804878,0.455280,3.311981,1.000000,-1.000000,1,0.854104,3.763179,11.882000
s2_speed,hhvbf,3,50,5,500.000000,500.000000,3.000000,150.000000,250.000000,6.000000,512,10000.000000,200.000000,165,20,64,0,410,0,12.121212,0.433600,3.680788,1.000000,-1.000000,1,0.829240,4.517946,11.994000
s2_speed,hhvbf,4,50,5,500.000000,500.000000,3.000000,150.000000,250.000000,6.000000,512,10000.000000,200.000000,163,21,81,0,388,0,12.883436,0.455280,2.930137,1.000000,-1.000000,1,0.843534,4.267603,12.480000
s2_speed,hhvbf,5,50,5,500.000000,500.000000,3.000000,150.000000,250.000000,6.000000,512,10000.000000,200.000000,165,18,78,0,493,0,10.909091,0.390240,4.124185,1.000000,-1.000000,1,0.878004,3.499236,13.410000
s2_speed,hhvbf,6,50,5,500.000000,500.000000,3.000000,150.000000,250.000000,6.000000,512,10000.000000,200.000000,165,20,76,0,446,0,12.121212,0.433600,4.550314,1.000000,-1.000000,1,0.867048,3.793349,13.250000
s2_speed,hhvbf,7,50,5,500.000000,500.000000,3.000000,150.000000,250.000000,6.000000,512,10000.000000,200.000000,165,20,64,0,368,0,12.121212,0.433600,3.926093,1.000000,-1.000000,1,0.863218,3.411782,11.556000
s2_speed,hhvbf,8,50,5,500.000000,500.000000,3.000000,150.000000,250.000000,6.000000,512,10000.000000,200.000000,164,23,46,0,462,0,14.024390,0.498640,4.077828,1.000000,-1.000000,1,0.847189,4.377400,13.138000
s2_speed,hhvbf,9,50,5,500.000000,500.000000,3.000000,150.000000,250.000000,6.000000,512,10000.000000,200.000000,163,15,90,0,401,0,9.202454,0.325200,3.680755,1.000000,-1.000000,1,0.811329,5.064705,12.024000
s2_speed,hhvbf,10,50,5,500.000000,500.000000,3.000000,150.000000,250.000000,6.000000,512,10000.000000,200.000000,165,23,75,0,530,0,13.939394,0.498640,3.781815,1.000000,-1.000000,1,0.920155,2.331651,13.994000
s2_speed,hhvbf,11,50,5,500.000000,500.000000,3.000000,150.000000,250.000000,6.000000,512,10000.000000,200.000000,165,21,68,0,349,0,12.727273,0.455280,2.933288,1.000000,-1.000000,1,0.811006,4.866014,11.530000
s2_speed,hhvbf,12,50,5,500.000000,500.000000,3.000000,150.000000,250.000000,6.000000,512,10000.000000,200.000000,165,21,72,0,377,0,12.727273,0.455280,3.492868,1.000000,-1.000000,1,0.861152,3.617201,12.054000
s2_speed,hhvbf,13,50,5,500.000000,500.000000,3.000000,150.000000,250.000000,6.000000,512,10000.000000,200.000000,165,18,85,0,454,0,10.909091,0.390240,3.634615,1.000000,-1.000000,1,0.872983,3.572655,13.110000
s2_speed,hhvbf,14,50,5,500.000000,500.000000,3.000000,150.000000,250.000000,6.000000,512,10000.000000,200.000000,165,16,77,0,500,0,9.696970,0.346880,4.135404,1.000000,-1.000000,1,0.846128,4.745158,14.134000
s2_speed,hhvbf,15,50,5,500.000000,500.000000,3.000000,150.000000,250.000000,6.000000,512,10000.000000,200.000000,164,23,73,0,383,0,14.024390,0.498640,3.343523,1.000000,-1.000000,1,0.819594,4.952874,12.366000
s2_speed,hhvbf,16,50,5,500.000000,500.000000,3.000000,150.000000,250.000000,6.000000,512,10000.000000,200.000000,165,19,68,0,437,0,11.515152,0.411920,3.910330,1.000000,-1.000000,1,0.868956,3.608816,12.804000
s2_speed,hhvbf,17,50,5,500.000000,500.000000,3.000000,150.000000,250.000000,6.000000,512,10000.000000,200.000000,163,17,71,0,416,0,10.429448,0.368560,2.845924,1.000000,-1.000000,1,0.747453,7.276379,12.324000
s2_speed,hhvbf,18,50,5,500.000000,500.000000,3.000000,150.000000,250.000000,6.000000,512,10000.000000,200.000000,165,21,84,0,494,0,12.727273,0.455280,4.524435,1.000000,-1.000000,1,0.856474,4.202374,13.508000
s2_speed,hhvbf,19,50,5,500.000000,500.000000,3.000000,150.000000,250.000000,6.000000,512,10000.000000,200.000000,165,17,64,0,396,0,10.303030,0.368560,4.490719,1.000000,-1.000000,1,0.760492,6.139931,11.074000
s2_speed,hhvbf,20,50,5,500.000000,500.000000,3.000000,150.000000,250.000000,6.000000,512,10000.000000,200.000000,164,19,87,0,424,0,11.585366,0.411920,3.463247,1.000000,-1.000000,1,0.843168,4.457540,13.002000
s2_speed,dbr,1,50,5,500.000000,500.000000,3.000000,150.000000,250.000000,6.000000,512,10000.000000,200.000000,164,8,87,0,213,0,4.878049,0.015040,25.443554,0.500000,-1.000000,1,0.827947,4.233911,11.146000
s2_speed,dbr,2,50,5,500.000000,500.000000,3.000000,150.000000,250.000000,6.000000,512,10000.000000,200.000000,164,12,98,0,213,0,7.317073,0.022560,28.350260,0.750000,-1.000000,1,0.844632,3.649003,10.754000
s2_speed,dbr,4,50,5,500.000000,500.000000,3.000000,150.000000,250.000000,6.000000,512,10000.000000,200.000000,163,9,89,0,210,0,5.521472,0.016920,7.134072,0.888889,-1.000000,1,0.819088,4.205046,10.466000
s2_speed,dbr,3,50,5,500.000000,500.000000,3.000000,150.000000,250.000000,6.000000,512,10000.000000,200.000000,165,10,85,0,214,0,6.060606,0.018800,28.822184,1.400000,-1.000000,1,0.740136,6.129222,10.032000
s2_speed,dbr,6,50,5,500.000000,500.000000,3.000000,150.000000,250.000000,6.000000,512,10000.000000,200.000000,165,8,71,0,211,0,4.848485,0.015040,21.195921,0.750000,-1.000000,1,0.789024,4.282325,8.952000
s2_speed,dbr,5,50,5,500.000000,500.000000,3.000000,150.000000,250.000000,6.000000,512,10000.000000,200.000000,165,6,22,0,212,0,3.636364,0.011280,21.883672,1.500000,-1.000000,1,0.767297,5.193646,9.690000
s2_speed,dbr,7,50,5,500.000000,500.000000,3.000000,150.000000,250.000000,6.000000,512,10000.000000,200.000000,165,7,42,0,210,0,4.242424,0.013160,43.428733,1.000000,-1.000000,1,0.767889,6.224478,11.648000
s2_speed,dbr,8,50,5,500.000000,500.000000,3.000000,150.000000,250.000000,6.000000,512,10000.000000,200.000000,164,12,24,0,213,0,7.317073,0.022560,11.687887,1.083333,-1.000000,1,0.748258,5.135975,8.732000
s2_speed,dbr,9,50,5,500.000000,500.000000,3.000000,150.000000,250.000000,6.000000,512,10000.000000,200.000000,163,6,65,0,210,0,3.680982,0.011280,6.723122,1.500000,-1.000000,1,0.769234,4.832043,9.104000
s2_speed,dbr,10,50,5,500.000000,500.000000,3.000000,150.000000,250.000000,6.000000,512,10000.000000,200.000000,165,10,53,0,213,0,6.060606,0.018800,31.628340,2.300000,-1.000000,1,0.742194,5.287904,8.738000
s2_speed,dbr,11,50,5,500.000000,500.000000,3.000000,150.000000,250.000000,6.000000,512,10000.000000,200.000000,165,13,94,0,213,0,7.878788,0.024440,22.661457,1.153846,-1.000000,1,0.830967,4.008316,10.762000
s2_speed,dbr,12,50,5,500.000000,500.000000,3.000000,150.000000,250.000000,6.000000,512,10000.000000,200.000000,165,13,101,0,214,0,7.878788,0.024440,17.366593,1.384615,-1.000000,1,0.807779,4.689846,10.902000
s2_speed,dbr,13,50,5,500.000000,500.000000,3.000000,150.000000,250.000000,6.000000,512,10000.000000,200.000000,165,9,70,0,213,0,5.454545,0.016920,15.750812,1.111111,-1.000000,1,0.797989,4.287613,9.420000
s2_speed,dbr,14,50,5,500.000000,500.000000,3.000000,150.000000,250.000000,6.000000,512,10000.000000,200.000000,165,7,10,0,213,0,4.242424,0.013160,18.922895,1.000000,-1.000000,1,0.744043,4.924527,8.208000
s2_speed,dbr,15,50,5,500.000000,500.000000,3.000000,150.000000,250.000000,6.000000,512,10000.000000,200.000000,164,9,110,0,212,0,5.487805,0.016920,20.268908,0.444444,-1.000000,1,0.756035,5.873934,10.366000
s2_speed,dbr,16,50,5,500.000000,500.000000,3.000000,150.000000,250.000000,6.000000,512,10000.000000,200.000000,165,12,24,0,212,0,7.272727,0.022560,20.730813,2.166667,-1.000000,1,0.702724,6.520253,9.052000
s2_speed,dbr,17,50,5,500.000000,500.000000,3.000000,150.000000,250.000000,6.000000,512,10000.000000,200.000000,163,13,101,0,210,0,7.975460,0.024440,32.140408,0.923077,-1.000000,1,0.722470,5.617585,8.490000
s2_speed,dbr,18,50,5,500.000000,500.000000,3.000000,150.000000,250.000000,6.000000,512,10000.000000,200.000000,165,6,48,0,211,0,3.636364,0.011280,17.643446,1.333333,-1.000000,1,0.731921,5.455389,8.600000
s2_speed,dbr,19,50,5,500.000000,500.000000,3.000000,150.000000,250.000000,6.000000,512,10000.000000,200.000000,165,6,32,0,211,0,3.636364,0.011280,6.472296,1.333333,-1.000000,1,0.610613,9.260194,9.016000
s2_speed,dbr,20,50,5,500.000000,500.000000,3.000000,150.000000,250.000000,6.000000,512,10000.000000,200.000000,164,6,62,0,211,0,3.658537,0.011280,11.603822,1.000000,-1.000000,1,0.790405,5.083818,10.708000
s2_speed,adaptive,1,50,5,500.000000,500.000000,5.000000,150.000000,250.000000,6.000000,512,10000.000000,200.000000,164,91,208,18,1077,58,55.487805,1.153280,0.973463,0.252747,-1.000000,1,0.972370,2.297731,40.998000
s2_speed,adaptive,3,50,5,500.000000,500.000000,5.000000,150.000000,250.000000,6.000000,512,10000.000000,200.000000,165,100,222,12,1018,56,60.606061,1.356800,1.125280,0.340000,-1.000000,1,0.962171,2.886585,37.418000
s2_speed,adaptive,2,50,5,500.000000,500.000000,5.000000,150.000000,250.000000,6.000000,512,10000.000000,200.000000,164,76,281,25,1016,25,46.341463,0.673280,0.659148,0.131579,-1.000000,1,0.984213,1.381451,43.406000
s2_speed,adaptive,5,50,5,500.000000,500.000000,5.000000,150.000000,250.000000,6.000000,512,10000.000000,200.000000,165,68,182,21,1062,56,41.212121,0.759040,1.217734,0.529412,-1.000000,1,0.969572,2.373784,38.404000
s2_speed,adaptive,4,50,5,500.000000,500.000000,5.000000,150.000000,250.000000,6.000000,512,10000.000000,200.000000,163,86,185,28,1052,47,52.760736,1.089280,0.855452,0.186047,-1.000000,1,0.975500,2.019838,40.710000
s2_speed,adaptive,6,50,5,500.000000,500.000000,5.000000,150.000000,250.000000,6.000000,512,10000.000000,200.000000,165,83,219,21,1102,30,50.303030,1.123840,1.181922,0.385542,-1.000000,1,0.966898,2.638852,39.188000
s2_speed,adaptive,8,50,5,500.000000,500.000000,5.000000,150.000000,250.000000,6.000000,512,10000.000000,200.000000,164,66,216,23,1053,44,40.243902,0.602880,0.948135,0.348485,-1.000000,1,0.979685,1.566987,38.172000
s2_speed,adaptive,9,50,5,500.000000,500.000000,5.000000,150.000000,250.000000,6.000000,512,10000.000000,200.000000,163,76,164,38,1052,52,46.625767,0.999680,1.352159,0.539474,-1.000000,1,0.974306,1.972479,37.884000
s2_speed,adaptive,7,50,5,500.000000,500.000000,5.000000,150.000000,250.000000,6.000000,512,10000.000000,200.000000,165,72,186,15,1013,35,43.636364,0.725760,1.062037,0.388889,-1.000000,1,0.972646,2.243064,40.432000
s2_speed,adaptive,12,50,5,500.000000,500.000000,5.000000,150.000000,250.000000,6.000000,512,10000.000000,200.000000,165,96,251,34,1026,61,58.181818,1.082880,1.012178,0.322917,-1.000000,1,0.977521,1.830109,40.244000
s2_speed,adaptive,11,50,5,500.000000,500.000000,5.000000,150.000000,250.000000,6.000000,512,10000.000000,200.000000,165,103,197,44,1032,92,62.424242,1.245440,1.055061,0.320388,-1.000000,1,0.975370,2.029670,40.690000
s2_speed,adaptive,10,50,5,500.000000,500.000000,5.000000,150.000000,250.000000,6.000000,512,10000.000000,200.000000,165,89,173,42,1090,30,53.939394,1.169920,1.189284,0.404494,-1.000000,1,0.980185,1.583371,39.554000
s2_speed,adaptive,13,50,5,500.000000,500.000000,5.000000,150.000000,250.000000,6.000000,512,10000.000000,200.000000,165,97,177,28,1069,31,58.787879,1.468160,1.247428,0.412371,-1.000000,1,0.974646,1.998109,38.898000
s2_speed,adaptive,14,50,5,500.000000,500.000000,5.000000,150.000000,250.000000,6.000000,512,10000.000000,200.000000,165,61,204,24,1091,58,36.969697,0.692480,1.481645,0.655738,-1.000000,1,0.974860,1.990471,39.084000
s2_speed,adaptive,15,50,5,500.000000,500.000000,5.000000,150.000000,250.000000,6.000000,512,10000.000000,200.000000,164,91,168,24,1038,62,55.487805,1.114880,1.018944,0.296703,-1.000000,1,0.969195,2.327930,37.194000
s2_speed,adaptive,18,50,5,500.000000,500.000000,5.000000,150.000000,250.000000,6.000000,512,10000.000000,200.000000,165,81,208,0,1064,2,49.090909,0.986880,1.185034,0.419753,-1.000000,1,0.971925,2.177141,38.222000
s2_speed,adaptive,16,50,5,500.000000,500.000000,5.000000,150.000000,250.000000,6.000000,512,10000.000000,200.000000,165,82,229,3,1094,40,49.696970,0.968960,1.589719,0.731707,-1.000000,1,0.978308,1.727164,39.374000
s2_speed,adaptive,17,50,5,500.000000,500.000000,5.000000,150.000000,250.000000,6.000000,512,10000.000000,200.000000,163,81,272,65,1059,29,49.693252,0.833280,1.120739,0.444444,-1.000000,1,0.971403,2.312633,39.848000
s2_speed,vbf,1,50,5,500.000000,500.000000,5.000000,150.000000,250.000000,6.000000,512,10000.000000,200.000000,164,20,75,0,388,0,12.195122,0.433600,3.550768,1.000000,-1.000000,1,0.815750,4.662199,11.368000
s2_speed,adaptive,19,50,5,500.000000,500.000000,5.000000,150.000000,250.000000,6.000000,512,10000.000000,200.000000,165,67,278,3,1025,21,40.606061,0.719360,1.063885,0.388060,-1.000000,1,0.973847,2.140681,40.384000
s2_speed,adaptive,20,50,5,500.000000,500.000000,5.000000,150.000000,250.000000,6.000000,512,10000.000000,200.000000,164,83,182,21,1053,29,50.609756,1.181440,1.376736,0.506024,-1.000000,1,0.978330,1.764953,40.278000
s2_speed,vbf,2,50,5,500.000000,500.000000,5.000000,150.000000,250.000000,6.000000,512,10000.000000,200.000000,164,24,54,0,391,0,14.634146,0.520320,3.557900,1.000000,-1.000000,1,0.871195,3.485829,12.600000
s2_speed,vbf,3,50,5,500.000000,500.000000,5.000000,150.000000,250.000000,6.000000,512,10000.000000,200.000000,165,23,80,0,415,0,13.939394,0.498640,3.475725,1.000000,-1.000000,1,0.837885,4.533867,12.750000
s2_speed,vbf,4,50,5,500.000000,500.000000,5.000000,150.000000,250.000000,6.000000,512,10000.000000,200.000000,163,19,74,0,422,0,11.656442,0.411920,3.263289,1.000000,-1.000000,1,0.841545,4.181743,12.060000
s2_speed,vbf,5,50,5,500.000000,500.000000,5.000000,150.000000,250.000000,6.000000,512,10000.000000,200.000000,165,21,67,0,451,0,12.727273,0.455280,4.177426,1.000000,-1.000000,1,0.877584,3.425758,13.080000
s2_speed,vbf,6,50,5,500.000000,500.000000,5.000000,150.000000,250.000000,6.000000,512,10000.000000,200.000000,165,19,60,0,403,0,11.515152,0.411920,4.133521,1.000000,-1.000000,1,0.846905,4.165309,12.476000
s2_speed,vbf,7,50,5,500.000000,500.000000,5.000000,150.000000,250.000000,6.000000,512,10000.000000,200.000000,165,20,76,0,374,0,12.121212,0.433600,3.696125,1.000000,-1.000000,1,0.859076,3.716910,12.188000
s2_speed,vbf,9,50,5,500.000000,500.000000,5.000000,150.000000,250.000000,6.000000,512,10000.000000,200.000000,163,19,94,0,419,0,11.656442,0.411920,3.458480,1.000000,-1.000000,1,0.838853,4.691179,13.280000
s2_speed,vbf,8,50,5,500.000000,500.000000,5.000000,150.000000,250.000000,6.000000,512,10000.000000,200.000000,164,23,39,0,426,0,14.024390,0.498640,3.655661,1.000000,-1.000000,1,0.861522,3.667772,12.258000
s2_speed,vbf,10,50,5,500.000000,500.000000,5.000000,150.000000,250.000000,6.000000,512,10000.000000,200.000000,165,25,73,0,518,0,15.151515,0.542000,3.913034,1.000000,-1.000000,1,0.927711,2.065399,13.750000
s2_speed,vbf,11,50,5,500.000000,500.000000,5.000000,150.000000,250.000000,6.000000,512,10000.000000,200.000000,165,22,63,0,383,0,13.333333,0.476960,3.053863,1.000000,-1.000000,1,0.849953,3.953601,12.106000
s2_speed,vbf,12,50,5,500.000000,500.000000,5.000000,150.000000,250.000000,6.000000,512,10000.000000,200.000000,165,21,68,0,377,0,12.727273,0.455280,3.329346,1.000000,-1.000000,1,0.829716,4.741253,12.626000
s2_speed,vbf,13,50,5,500.000000,500.000000,5.000000,150.000000,250.000000,6.000000,512,10000.000000,200.000000,165,19,78,0,488,0,11.515152,0.411920,4.332775,1.000000,-1.000000,1,0.860906,4.009007,13.334000
s2_speed,vbf,14,50,5,500.000000,500.000000,5.000000,150.000000,250.000000,6.000000,512,10000.000000,200.000000,165,19,75,0,468,0,11.515152,0.411920,3.886313,1.000000,-1.000000,1,0.845747,4.298211,12.768000
s2_speed,vbf,15,50,5,500.000000,500.000000,5.000000,150.000000,250.000000,6.000000,512,10000.000000,200.000000,164,23,79,0,400,0,14.024390,0.498640,3.381225,1.000000,-1.000000,1,0.873909,3.585186,13.260000
s2_speed,vbf,16,50,5,500.000000,500.000000,5.000000,150.000000,250.000000,6.000000,512,10000.000000,200.000000,165,25,68,0,457,0,15.151515,0.542000,3.848546,1.000000,-1.000000,1,0.893319,2.983185,13.194000
s2_speed,vbf,17,50,5,500.000000,500.000000,5.000000,150.000000,250.000000,6.000000,512,10000.000000,200.000000,163,22,76,0,367,0,13.496933,0.476960,3.198405,1.000000,-1.000000,1,0.715133,7.843237,11.480000
s2_speed,vbf,18,50,5,500.000000,500.000000,5.000000,150.000000,250.000000,6.000000,512,10000.000000,200.000000,165,21,69,0,457,0,12.727273,0.455280,4.001630,1.000000,-1.000000,1,0.833848,4.596154,12.578000
s2_speed,vbf,20,50,5,500.000000,500.000000,5.000000,150.000000,250.000000,6.000000,512,10000.000000,200.000000,164,20,77,0,444,0,12.195122,0.433600,3.606471,1.000000,-1.000000,1,0.893666,3.002155,13.324000
s2_speed,vbf,19,50,5,500.000000,500.000000,5.000000,150.000000,250.000000,6.000000,512,10000.000000,200.000000,165,20,51,0,382,0,12.121212,0.433600,3.163020,1.000000,-1.000000,1,0.797655,5.100129,11.184000
s2_speed,hhvbf,1,50,5,500.000000,500.000000,5.000000,150.000000,250.000000,6.000000,512,10000.000000,200.000000,164,19,71,0,380,0,11.585366,0.411920,3.364197,1.000000,-1.000000,1,0.830836,4.267488,11.448000
s2_speed,hhvbf,3,50,5,500.000000,500.000000,5.000000,150.000000,250.000000,6.000000,512,10000.000000,200.000000,165,21,76,0,421,0,12.727273,0.455280,3.368404,1.000000,-1.000000,1,0.832844,4.540147,12.342000
s2_speed,hhvbf,2,50,5,500.000000,500.000000,5.000000,150.000000,250.000000,6.000000,512,10000.000000,200.000000,164,23,53,0,397,0,14.024390,0.498640,3.472304,1.000000,-1.000000,1,0.872414,3.437129,12.552000
s2_speed,hhvbf,4,50,5,500.000000,500.000000,5.000000,150.000000,250.000000,6.000000,512,10000.000000,200.000000,163,15,81,0,425,0,9.202454,0.325200,3.213183,1.000000,-1.000000,1,0.863064,3.816778,12.912000
s2_speed,hhvbf,5,50,5,500.000000,500.000000,5.000000,150.000000,250.000000,6.000000,512,10000.000000,200.000000,165,22,69,0,457,0,13.333333,0.476960,3.648082,1.000000,-1.000000,1,0.868678,3.708606,13.128000
s2_speed,hhvbf,6,50,5,500.000000,500.000000,5.000000,150.000000,250.000000,6.000000,512,10000.000000,200.000000,165,24,62,0,422,0,14.545455,0.520320,4.141317,1.000000,-1.000000,1,0.857293,3.888727,12.578000
s2_speed,hhvbf,7,50,5,500.000000,500.000000,5.000000,150.000000,250.000000,6.000000,512,10000.000000,200.000000,165,21,72,0,365,0,12.727273,0.455280,3.072320,1.000000,-1.000000,1,0.866661,3.365323,11.718000
s2_speed,hhvbf,9,50,5,500.000000,500.000000,5.000000,150.000000,250.000000,6.000000,512,10000.000000,200.000000,163,21,75,0,424,0,12.883436,0.455280,3.610497,1.000000,-1.000000,1,0.826076,4.850413,12.616000
s2_speed,hhvbf,8,50,5,500.000000,500.000000,5.000000,150.000000,250.000000,6.000000,512,10000.000000,200.000000,164,27,44,0,452,0,16.463415,0.585360,4.134485,1.000000,-1.000000,1,0.879295,3.511606,13.612000
s2_speed,hhvbf,10,50,5,500.000000,500.000000,5.000000,150.000000,250.000000,6.000000,512,10000.000000,200.000000,165,26,80,0,539,0,15.757576,0.563680,3.649304,1.000000,-1.000000,1,0.910968,2.692781,14.418000
s2_speed,hhvbf,11,50,5,500.000000,500.000000,5.000000,150.000000,250.000000,6.000000,512,10000.000000,200.000000,165,24,72,0,388,0,14.545455,0.520320,3.099340,1.000000,-1.000000,1,0.852688,3.950364,12.342000
s2_speed,hhvbf,12,50,5,500.000000,500.000000,5.000000,150.000000,250.000000,6.000000,512,10000.000000,200.000000,165,20,67,0,403,0,12.121212,0.433600,3.241789,1.000000,-1.000000,1,0.857650,4.047720,13.128000
s2_speed,hhvbf,13,50,5,500.000000,500.000000,5.000000,150.000000,250.000000,6.000000,512,10000.000000,200.000000,165,21,85,0,468,0,12.727273,0.455280,4.130827,1.000000,-1.000000,1,0.889743,3.178722,13.574000
s2_speed,hhvbf,14,50,5,500.000000,500.000000,5.000000,150.000000,250.000000,6.000000,512,10000.000000,200.000000,165,20,76,0,492,0,12.121212,0.433600,4.755490,1.000000,-1.000000,1,0.862684,3.932051,13.262000
s2_speed,hhvbf,15,50,5,500.000000,500.000000,5.000000,150.000000,250.000000,6.000000,512,10000.000000,200.000000,164,23,79,0,388,0,14.024390,0.498640,2.975269,1.000000,-1.000000,1,0.854762,4.129787,13.104000
s2_speed,hhvbf,16,50,5,500.000000,500.000000,5.000000,150.000000,250.000000,6.000000,512,10000.000000,200.000000,165,21,74,0,467,0,12.727273,0.455280,3.940636,1.000000,-1.000000,1,0.886057,3.102056,12.790000
s2_speed,hhvbf,17,50,5,500.000000,500.000000,5.000000,150.000000,250.000000,6.000000,512,10000.000000,200.000000,163,26,62,0,378,0,15.950920,0.563680,3.362695,1.000000,-1.000000,1,0.752463,6.569858,11.396000
s2_speed,hhvbf,19,50,5,500.000000,500.000000,5.000000,150.000000,250.000000,6.000000,512,10000.000000,200.000000,165,20,52,0,385,0,12.121212,0.433600,3.536518,1.000000,-1.000000,1,0.781541,5.391149,10.826000
s2_speed,hhvbf,18,50,5,500.000000,500.000000,5.000000,150.000000,250.000000,6.000000,512,10000.000000,200.000000,165,26,83,0,444,0,15.757576,0.563680,4.107952,1.000000,-1.000000,1,0.853263,4.059713,12.738000
s2_speed,hhvbf,20,50,5,500.000000,500.000000,5.000000,150.000000,250.000000,6.000000,512,10000.000000,200.000000,164,22,80,0,437,0,13.414634,0.476960,3.514840,1.000000,-1.000000,1,0.901465,2.783410,13.392000
s2_speed,dbr,1,50,5,500.000000,500.000000,5.000000,150.000000,250.000000,6.000000,512,10000.000000,200.000000,164,9,89,0,211,0,5.487805,0.016920,16.530663,0.666667,-1.000000,1,0.790421,4.455795,9.386000
s2_speed,dbr,2,50,5,500.000000,500.000000,5.000000,150.000000,250.000000,6.000000,512,10000.000000,200.000000,164,12,85,0,211,0,7.317073,0.022560,19.408226,0.833333,-1.000000,1,0.867110,3.253484,11.370000
s2_speed,dbr,3,50,5,500.000000,500.000000,5.000000,150.000000,250.000000,6.000000,512,10000.000000,200.000000,165,11,96,0,213,0,6.666667,0.020680,18.152791,1.363636,-1.000000,1,0.755269,6.289385,11.058000
s2_speed,dbr,4,50,5,500.000000,500.000000,5.000000,150.000000,250.000000,6.000000,512,10000.000000,200.000000,163,9,77,0,209,0,5.521472,0.016920,7.128635,1.111111,-1.000000,1,0.808519,4.143466,9.674000
s2_speed,dbr,5,50,5,500.000000,500.000000,5.000000,150.000000,250.000000,6.000000,512,10000.000000,200.000000,165,8,21,0,214,0,4.848485,0.015040,33.117487,1.500000,-1.000000,1,0.779076,4.792718,9.500000
s2_speed,dbr,6,50,5,500.000000,500.000000,5.000000,150.000000,250.000000,6.000000,512,10000.000000,200.000000,165,7,81,0,209,0,4.242424,0.013160,19.004043,0.571429,-1.000000,1,0.780774,4.559054,9.118000
s2_speed,dbr,7,50,5,500.000000,500.000000,5.000000,150.000000,250.000000,6.000000,512,10000.000000,200.000000,165,7,74,0,210,0,4.242424,0.013160,44.817202,0.714286,-1.000000,1,0.789277,5.804107,12.150000
s2_speed,dbr,8,50,5,500.000000,500.000000,5.000000,150.000000,250.000000,6.000000,512,10000.000000,200.000000,164,11,27,0,212,0,6.707317,0.020680,23.007258,1.000000,-1.000000,1,0.785880,4.530054,9.310000
s2_speed,dbr,9,50,5,500.000000,500.000000,5.000000,150.000000,250.000000,6.000000,512,10000.000000,200.000000,163,8,61,0,210,0,4.907975,0.015040,44.821195,0.750000,-1.000000,1,0.799956,4.394008,9.762000
s2_speed,dbr,10,50,5,500.000000,500.000000,5.000000,150.000000,250.000000,6.000000,512,10000.000000,200.000000,165,9,65,0,213,0,5.454545,0.016920,23.597259,2.111111,-1.000000,1,0.764650,4.892582,9.008000
s2_speed,dbr,11,50,5,500.000000,500.000000,5.000000,150.000000,250.000000,6.000000,512,10000.000000,200.000000,165,13,108,0,212,0,7.878788,0.024440,15.684521,1.153846,-1.000000,1,0.829101,4.004756,10.622000
s2_speed,dbr,12,50,5,500.000000,500.000000,5.000000,150.000000,250.000000,6.000000,512,10000.000000,200.000000,165,11,87,0,213,0,6.666667,0.020680,13.833348,1.181818,-1.000000,1,0.822348,4.207676,10.688000
s2_speed,dbr,13,50,5,500.000000,500.000000,5.000000,150.000000,250.000000,6.000000,512,10000.000000,200.000000,165,9,67,0,212,0,5.454545,0.016920,11.638311,0.888889,-1.000000,1,0.815396,3.790267,9.222000
s2_speed,dbr,14,50,5,500.000000,500.000000,5.000000,150.000000,250.000000,6.000000,512,10000.000000,200.000000,165,9,8,0,211,0,5.454545,0.016920,12.074779,0.888889,-1.000000,1,0.758652,4.764497,8.516000
s2_speed,dbr,15,50,5,500.000000,500.000000,5.000000,150.000000,250.000000,6.000000,512,10000.000000,200.000000,164,11,108,0,212,0,6.707317,0.020680,13.031777,0.636364,-1.000000,1,0.805670,4.864021,11.168000
s2_speed,dbr,16,50,5,500.000000,500.000000,5.000000,150.000000,250.000000,6.000000,512,10000.000000,200.000000,165,10,27,0,214,0,6.060606,0.018800,16.169991,2.000000,-1.000000,1,0.727567,5.881393,9.092000
s2_speed,dbr,17,50,5,500.000000,500.000000,5.000000,150.000000,250.000000,6.000000,512,10000.000000,200.000000,163,11,93,0,211,0,6.748466,0.020680,25.100422,0.545455,-1.000000,1,0.711316,6.106302,8.792000
s2_speed,dbr,18,50,5,500.000000,500.000000,5.000000,150.000000,250.000000,6.000000,512,10000.000000,200.000000,165,11,59,0,211,0,6.666667,0.020680,35.417129,1.181818,-1.000000,1,0.750942,5.027868,8.658000
s2_speed,dbr,19,50,5,500.000000,500.000000,5.000000,150.000000,250.000000,6.000000,512,10000.000000,200.000000,165,8,48,0,211,0,4.848485,0.015040,66.389458,0.875000,-1.000000,1,0.666539,8.364156,10.032000
s2_speed,dbr,20,50,5,500.000000,500.000000,5.000000,150.000000,250.000000,6.000000,512,10000.000000,200.000000,164,6,55,0,212,0,3.658537,0.011280,9.464841,1.000000,-1.000000,1,0.759757,5.777107,10.382000
s2_speed,adaptive,1,50,5,500.000000,500.000000,7.000000,150.000000,250.000000,6.000000,512,10000.000000,200.000000,164,88,204,38,1067,65,53.658537,1.034240,0.858861,0.181818,-1.000000,1,0.970522,2.386599,39.876000
s2_speed,adaptive,3,50,5,500.000000,500.000000,7.000000,150.000000,250.000000,6.000000,512,10000.000000,200.000000,165,106,211,28,1040,53,64.242424,1.383680,1.387041,0.547170,-1.000000,1,0.963428,2.804021,37.622000
s2_speed,adaptive,2,50,5,500.000000,500.000000,7.000000,150.000000,250.000000,6.000000,512,10000.000000,200.000000,164,72,277,27,1011,56,43.902439,0.591360,0.755247,0.222222,-1.000000,1,0.983711,1.393767,42.432000
s2_speed,adaptive,4,50,5,500.000000,500.000000,7.000000,150.000000,250.000000,6.000000,512,10000.000000,200.000000,163,76,178,22,1043,35,46.625767,0.750080,0.660203,0.105263,-1.000000,1,0.980077,1.617637,40.188000
s2_speed,adaptive,5,50,5,500.000000,500.000000,7.000000,150.000000,250.000000,6.000000,512,10000.000000,200.000000,165,63,176,28,1068,40,38.181818,0.637440,0.874283,0.253968,-1.000000,1,0.974121,2.011911,38.362000
s2_speed,adaptive,6,50,5,500.000000,500.000000,7.000000,150.000000,250.000000,6.000000,512,10000.000000,200.000000,165,75,201,30,1069,34,45.454545,0.921600,0.935388,0.240000,-1.000000,1,0.971751,2.183728,38.098000
s2_speed,adaptive,7,50,5,500.000000,500.000000,7.000000,150.000000,250.000000,6.000000,512,10000.000000,200.000000,165,84,224,17,994,24,50.909091,0.837120,0.960197,0.321429,-1.000000,1,0.972323,2.297969,40.932000
s2_speed,adaptive,9,50,5,500.000000,500.000000,7.000000,150.000000,250.000000,6.000000,512,10000.000000,200.000000,163,74,161,33,1048,38,45.398773,0.920320,1.200349,0.445946,-1.000000,1,0.979337,1.613652,38.640000
s2_speed,adaptive,8,50,5,500.000000,500.000000,7.000000,150.000000,250.000000,6.000000,512,10000.000000,200.000000,164,75,208,25,1045,64,45.731707,0.748800,1.046756,0.386667,-1.000000,1,0.977464,1.674492,36.728000
s2_speed,adaptive,10,50,5,500.000000,500.000000,7.000000,150.000000,250.000000,6.000000,512,10000.000000,200.000000,165,95,158,42,1088,17,57.575758,1.254400,1.007029,0.273684,-1.000000,1,0.984166,1.288624,40.366000
s2_speed,adaptive,12,50,5,500.000000,500.000000,7.000000,150.000000,250.000000,6.000000,512,10000.000000,200.000000,165,92,258,33,1056,68,55.757576,0.962560,0.847128,0.217391,-1.000000,1,0.980986,1.637757,42.654000
s2_speed,adaptive,11,50,5,500.000000,500.000000,7.000000,150.000000,250.000000,6.000000,512,10000.000000,200.000000,165,100,210,46,1023,85,60.606061,1.164800,0.979973,0.290000,-1.000000,1,0.976945,1.879353,40.282000
s2_speed,adaptive,13,50,5,500.000000,500.000000,7.000000,150.000000,250.000000,6.000000,512,10000.000000,200.000000,165,95,193,47,1076,33,57.575758,1.312000,1.343019,0.536842,-1.000000,1,0.976695,1.897340,40.226000
s2_speed,adaptive,14,50,5,500.000000,500.000000,7.000000,150.000000,250.000000,6.000000,512,10000.000000,200.000000,165,61,203,27,1079,46,36.969697,0.692480,1.266589,0.508197,-1.000000,1,0.979349,1.631507,39.090000
s2_speed,adaptive,15,50,5,500.000000,500.000000,7.000000,150.000000,250.000000,6.000000,512,10000.000000,200.000000,164,81,192,23,1045,81,49.390244,0.871680,0.804232,0.185185,-1.000000,1,0.975667,1.886436,38.286000
s2_speed,adaptive,16,50,5,500.000000,500.000000,7.000000,150.000000,250.000000,6.000000,512,10000.000000,200.000000,165,79,270,13,1117,65,47.878788,0.849920,1.442003,0.683544,-1.000000,1,0.981315,1.504585,39.882000
s2_speed,adaptive,17,50,5,500.000000,500.000000,7.000000,150.000000,250.000000,6.000000,512,10000.000000,200.000000,163,68,257,65,1070,25,41.717791,0.509440,0.546188,0.088235,-1.000000,1,0.974259,2.069350,39.672000
s2_speed,adaptive,18,50,5,500.000000,500.000000,7.000000,150.000000,250.000000,6.000000,512,10000.000000,200.000000,165,83,227,0,1076,8,50.303030,0.951040,0.976480,0.301205,-1.000000,1,0.970887,2.317828,39.220000
s2_speed,adaptive,19,50,5,500.000000,500.000000,7.000000,150.000000,250.000000,6.000000,512,10000.000000,200.000000,165,78,284,9,1017,22,47.272727,0.810240,0.909778,0.282051,-1.000000,1,0.975880,1.989018,40.728000
s2_speed,vbf,1,50,5,500.000000,500.000000,7.000000,150.000000,250.000000,6.000000,512,10000.000000,200.000000,164,18,79,0,399,0,10.975610,0.390240,3.996152,1.000000,-1.000000,1,0.810803,4.959787,11.738000
s2_speed,adaptive,20,50,5,500.000000,500.000000,7.000000,150.000000,250.000000,6.000000,512,10000.000000,200.000000,164,80,191,24,1028,18,48.780488,1.043200,1.293366,0.487500,-1.000000,1,0.980619,1.634803,41.762000
s2_speed,vbf,2,50,5,500.000000,500.000000,7.000000,150.000000,250.000000,6.000000,512,10000.000000,200.000000,164,23,59,0,375,0,14.024390,0.498640,3.395403,1.000000,-1.000000,1,0.851100,3.904333,12.056000
s2_speed,vbf,3,50,5,500.000000,500.000000,7.000000,150.000000,250.000000,6.000000,512,10000.000000,200.000000,165,22,68,0,416,0,13.333333,0.476960,3.777209,1.000000,-1.000000,1,0.848268,4.089574,12.370000
s2_speed,vbf,4,50,5,500.000000,500.000000,7.000000,150.000000,250.000000,6.000000,512,10000.000000,200.000000,163,19,67,0,390,0,11.656442,0.411920,3.574778,1.000000,-1.000000,1,0.849683,4.146609,12.672000
s2_speed,vbf,5,50,5,500.000000,500.000000,7.000000,150.000000,250.000000,6.000000,512,10000.000000,200.000000,165,20,40,0,427,0,12.121212,0.433600,3.951492,1.000000,-1.000000,1,0.856077,3.855591,12.356000
s2_speed,vbf,6,50,5,500.000000,500.000000,7.000000,150.000000,250.000000,6.000000,512,10000.000000,200.000000,165,21,74,0,407,0,12.727273,0.455280,3.464494,1.000000,-1.000000,1,0.808021,5.129929,11.942000
s2_speed,vbf,7,50,5,500.000000,500.000000,7.000000,150.000000,250.000000,6.000000,512,10000.000000,200.000000,165,21,70,0,328,0,12.727273,0.455280,3.166503,1.000000,-1.000000,1,0.852284,3.557054,11.080000
s2_speed,vbf,8,50,5,500.000000,500.000000,7.000000,150.000000,250.000000,6.000000,512,10000.000000,200.000000,164,23,49,0,419,0,14.024390,0.498640,3.910931,1.000000,-1.000000,1,0.848835,3.967476,12.050000
s2_speed,vbf,9,50,5,500.000000,500.000000,7.000000,150.000000,250.000000,6.000000,512,10000.000000,200.000000,163,19,70,0,384,0,11.656442,0.411920,4.023046,1.000000,-1.000000,1,0.838691,4.448134,12.578000
s2_speed,vbf,10,50,5,500.000000,500.000000,7.000000,150.000000,250.000000,6.000000,512,10000.000000,200.000000,165,22,67,0,534,0,13.333333,0.476960,3.720642,1.000000,-1.000000,1,0.893918,3.082251,13.714000
s2_speed,vbf,11,50,5,500.000000,500.000000,7.000000,150.000000,250.000000,6.000000,512,10000.000000,200.000000,165,24,61,0,354,0,14.545455,0.520320,3.429959,1.000000,-1.000000,1,0.835548,4.070813,11.268000
s2_speed,vbf,12,50,5,500.000000,500.000000,7.000000,150.000000,250.000000,6.000000,512,10000.000000,200.000000,165,22,70,0,389,0,13.333333,0.476960,3.113786,1.000000,-1.000000,1,0.840325,4.423602,12.650000
s2_speed,vbf,13,50,5,500.000000,500.000000,7.000000,150.000000,250.000000,6.000000,512,10000.000000,200.000000,165,18,85,0,465,0,10.909091,0.390240,3.360929,1.000000,-1.000000,1,0.885989,3.179288,13.100000
s2_speed,vbf,14,50,5,500.000000,500.000000,7.000000,150.000000,250.000000,6.000000,512,10000.000000,200.000000,165,19,70,0,467,0,11.515152,0.411920,3.829912,1.000000,-1.000000,1,0.861586,3.713178,12.416000
s2_speed,vbf,15,50,5,500.000000,500.000000,7.000000,150.000000,250.000000,6.000000,512,10000.000000,200.000000,164,18,62,0,401,0,10.975610,0.390240,2.843535,1.000000,-1.000000,1,0.848925,4.255070,12.932000
s2_speed,vbf,16,50,5,500.000000,500.000000,7.000000,150.000000,250.000000,6.000000,512,10000.000000,200.000000,165,24,56,0,446,0,14.545455,0.520320,3.732014,1.000000,-1.000000,1,0.890262,2.908820,12.484000
s2_speed,vbf,18,50,5,500.000000,500.000000,7.000000,150.000000,250.000000,6.000000,512,10000.000000,200.000000,165,21,77,0,394,0,12.727273,0.455280,3.660397,1.000000,-1.000000,1,0.850936,3.925907,12.108000
s2_speed,vbf,17,50,5,500.000000,500.000000,7.000000,150.000000,250.000000,6.000000,512,10000.000000,200.000000,163,19,56,0,339,0,11.656442,0.411920,2.871268,1.000000,-1.000000,1,0.732415,6.849574,10.822000
s2_speed,vbf,19,50,5,500.000000,500.000000,7.000000,150.000000,250.000000,6.000000,512,10000.000000,200.000000,165,26,68,0,368,0,15.757576,0.563680,3.641218,1.000000,-1.000000,1,0.827059,4.339263,11.358000
s2_speed,hhvbf,1,50,5,500.000000,500.000000,7.000000,150.000000,250.000000,6.000000,512,10000.000000,200.000000,164,19,76,0,385,0,11.585366,0.411920,2.749091,1.000000,-1.000000,1,0.824661,4.486342,11.564000
s2_speed,vbf,20,50,5,500.000000,500.000000,7.000000,150.000000,250.000000,6.000000,512,10000.000000,200.000000,164,23,64,0,397,0,14.024390,0.498640,3.905382,1.000000,-1.000000,1,0.901195,2.588012,12.416000
s2_speed,hhvbf,2,50,5,500.000000,500.000000,7.000000,150.000000,250.000000,6.000000,512,10000.000000,200.000000,164,23,61,0,365,0,14.024390,0.498640,3.118984,1.000000,-1.000000,1,0.865994,3.516954,12.180000
s2_speed,hhvbf,3,50,5,500.000000,500.000000,7.000000,150.000000,250.000000,6.000000,512,10000.000000,200.000000,165,25,56,0,391,0,15.151515,0.542000,3.046503,1.000000,-1.000000,1,0.845009,4.066350,12.016000
s2_speed,hhvbf,4,50,5,500.000000,500.000000,7.000000,150.000000,250.000000,6.000000,512,10000.000000,200.000000,163,19,59,0,395,0,11.656442,0.411920,3.189979,1.000000,-1.000000,1,0.857741,3.888998,12.622000
s2_speed,hhvbf,5,50,5,500.000000,500.000000,7.000000,150.000000,250.000000,6.000000,512,10000.000000,200.000000,165,20,38,0,434,0,12.121212,0.433600,3.199137,1.000000,-1.000000,1,0.841906,4.353196,12.586000
s2_speed,hhvbf,6,50,5,500.000000,500.000000,7.000000,150.000000,250.000000,6.000000,512,10000.000000,200.000000,165,20,63,0,415,0,12.121212,0.433600,4.443851,1.000000,-1.000000,1,0.833913,4.478737,12.262000
s2_speed,hhvbf,7,50,5,500.000000,500.000000,7.000000,150.000000,250.000000,6.000000,512,10000.000000,200.000000,165,25,63,0,346,0,15.151515,0.542000,3.340944,1.000000,-1.000000,1,0.859329,3.495381,11.484000
s2_speed,hhvbf,9,50,5,500.000000,500.000000,7.000000,150.000000,250.000000,6.000000,512,10000.000000,200.000000,163,22,68,0,427,0,13.496933,0.476960,3.646255,1.000000,-1.000000,1,0.842926,4.395057,12.798000
s2_speed,hhvbf,8,50,5,500.000000,500.000000,7.000000,150.000000,250.000000,6.000000,512,10000.000000,200.000000,164,26,47,0,430,0,15.853659,0.563680,3.976353,1.000000,-1.000000,1,0.871939,3.467970,12.614000
s2_speed,hhvbf,10,50,5,500.000000,500.000000,7.000000,150.000000,250.000000,6.000000,512,10000.000000,200.000000,165,25,65,0,535,0,15.151515,0.542000,3.970352,1.000000,-1.000000,1,0.918745,2.364217,13.932000
s2_speed,hhvbf,11,50,5,500.000000,500.000000,7.000000,150.000000,250.000000,6.000000,512,10000.000000,200.000000,165,22,65,0,356,0,13.333333,0.476960,3.304840,1.000000,-1.000000,1,0.857132,3.455807,11.164000
s2_speed,hhvbf,12,50,5,500.000000,500.000000,7.000000,150.000000,250.000000,6.000000,512,10000.000000,200.000000,165,23,82,0,390,0,13.939394,0.498640,3.432767,1.000000,-1.000000,1,0.834969,4.583554,12.638000
s2_speed,hhvbf,13,50,5,500.000000,500.000000,7.000000,150.000000,250.000000,6.000000,512,10000.000000,200.000000,165,19,71,0,456,0,11.515152,0.411920,3.958644,1.000000,-1.000000,1,0.888479,3.098598,13.072000
s2_speed,hhvbf,14,50,5,500.000000,500.000000,7.000000,150.000000,250.000000,6.000000,512,10000.000000,200.000000,165,19,75,0,472,0,11.515152,0.411920,4.365131,1.000000,-1.000000,1,0.869161,3.537433,12.572000
s2_speed,hhvbf,15,50,5,500.000000,500.000000,7.000000,150.000000,250.000000,6.000000,512,10000.000000,200.000000,164,19,71,0,393,0,11.585366,0.411920,2.681764,1.000000,-1.000000,1,0.862933,3.862160,13.052000
s2_speed,hhvbf,16,50,5,500.000000,500.000000,7.000000,150.000000,250.000000,6.000000,512,10000.000000,200.000000,165,23,66,0,457,0,13.939394,0.498640,4.330541,1.000000,-1.000000,1,0.885383,3.206114,13.136000
s2_speed,hhvbf,17,50,5,500.000000,500.000000,7.000000,150.000000,250.000000,6.000000,512,10000.000000,200.000000,163,18,51,0,356,0,11.042945,0.390240,2.634496,1.000000,-1.000000,1,0.738975,6.728515,10.954000
s2_speed,hhvbf,19,50,5,500.000000,500.000000,7.000000,150.000000,250.000000,6.000000,512,10000.000000,200.000000,165,23,67,0,385,0,13.939394,0.498640,3.339405,1.000000,-1.000000,1,0.820797,4.718687,11.870000
s2_speed,hhvbf,18,50,5,500.000000,500.000000,7.000000,150.000000,250.000000,6.000000,512,10000.000000,200.000000,165,24,84,0,435,0,14.545455,0.520320,3.988600,1.000000,-1.000000,1,0.843871,4.369367,12.808000
s2_speed,hhvbf,20,50,5,500.000000,500.000000,7.000000,150.000000,250.000000,6.000000,512,10000.000000,200.000000,164,18,72,0,411,0,10.975610,0.390240,3.581729,1.000000,-1.000000,1,0.906401,2.448199,12.436000
s2_speed,dbr,1,50,5,500.000000,500.000000,7.000000,150.000000,250.000000,6.000000,512,10000.000000,200.000000,164,9,81,0,210,0,5.487805,0.016920,13.811419,0.555556,-1.000000,1,0.784957,4.576043,9.358000
s2_speed,dbr,2,50,5,500.000000,500.000000,7.000000,150.000000,250.000000,6.000000,512,10000.000000,200.000000,164,13,82,0,211,0,7.926829,0.024440,15.118015,0.615385,-1.000000,1,0.862864,3.295819,11.132000
s2_speed,dbr,3,50,5,500.000000,500.000000,7.000000,150.000000,250.000000,6.000000,512,10000.000000,200.000000,165,9,82,0,214,0,5.454545,0.016920,35.547422,1.000000,-1.000000,1,0.765426,5.929768,10.960000
s2_speed,dbr,4,50,5,500.000000,500.000000,7.000000,150.000000,250.000000,6.000000,512,10000.000000,200.000000,163,11,67,0,210,0,6.748466,0.020680,7.002198,1.363636,-1.000000,1,0.820649,3.883503,9.760000
s2_speed,dbr,5,50,5,500.000000,500.000000,7.000000,150.000000,250.000000,6.000000,512,10000.000000,200.000000,165,9,17,0,213,0,5.454545,0.016920,43.572810,1.111111,-1.000000,1,0.753743,5.403108,9.430000
s2_speed,dbr,6,50,5,500.000000,500.000000,7.000000,150.000000,250.000000,6.000000,512,10000.000000,200.000000,165,5,86,0,209,0,3.030303,0.009400,18.056225,0.400000,-1.000000,1,0.762139,4.998024,9.088000
s2_speed,dbr,8,50,5,500.000000,500.000000,7.000000,150.000000,250.000000,6.000000,512,10000.000000,200.000000,164,7,37,0,210,0,4.268293,0.013160,26.200692,0.714286,-1.000000,1,0.783524,4.594510,9.324000
s2_speed,dbr,7,50,5,500.000000,500.000000,7.000000,150.000000,250.000000,6.000000,512,10000.000000,200.000000,165,9,90,0,213,0,5.454545,0.016920,43.818253,0.777778,-1.000000,1,0.806830,5.291415,12.232000
s2_speed,dbr,11,50,5,500.000000,500.000000,7.000000,150.000000,250.000000,6.000000,512,10000.000000,200.000000,165,12,117,0,213,0,7.272727,0.022560,13.310953,1.000000,-1.000000,1,0.823124,4.311716,11.006000
s2_speed,dbr,9,50,5,500.000000,500.000000,7.000000,150.000000,250.000000,6.000000,512,10000.000000,200.000000,163,8,65,0,211,0,4.907975,0.015040,55.475454,0.875000,-1.000000,1,0.806161,4.394101,10.118000
s2_speed,dbr,10,50,5,500.000000,500.000000,7.000000,150.000000,250.000000,6.000000,512,10000.000000,200.000000,165,6,71,0,212,0,3.636364,0.011280,23.686779,1.500000,-1.000000,1,0.780251,4.589696,9.154000
s2_speed,dbr,14,50,5,500.000000,500.000000,7.000000,150.000000,250.000000,6.000000,512,10000.000000,200.000000,165,7,22,0,210,0,4.242424,0.013160,11.886718,1.000000,-1.000000,1,0.767345,4.566503,8.522000
s2_speed,dbr,13,50,5,500.000000,500.000000,7.000000,150.000000,250.000000,6.000000,512,10000.000000,200.000000,165,7,65,0,211,0,4.242424,0.013160,11.346793,0.714286,-1.000000,1,0.820655,3.607219,9.066000
s2_speed,dbr,12,50,5,500.000000,500.000000,7.000000,150.000000,250.000000,6.000000,512,10000.000000,200.000000,165,11,81,0,212,0,6.666667,0.020680,29.673899,1.181818,-1.000000,1,0.815622,4.150336,10.112000
s2_speed,dbr,16,50,5,500.000000,500.000000,7.000000,150.000000,250.000000,6.000000,512,10000.000000,200.000000,165,11,19,0,214,0,6.666667,0.020680,13.252165,1.909091,-1.000000,1,0.731975,5.629080,8.876000
s2_speed,dbr,15,50,5,500.000000,500.000000,7.000000,150.000000,250.000000,6.000000,512,10000.000000,200.000000,164,10,100,0,213,0,6.097561,0.018800,11.785663,0.600000,-1.000000,1,0.823491,4.429897,11.334000
s2_speed,dbr,17,50,5,500.000000,500.000000,7.000000,150.000000,250.000000,6.000000,512,10000.000000,200.000000,163,14,71,0,212,0,8.588957,0.026320,16.563806,1.000000,-1.000000,1,0.715687,5.862892,8.602000
s2_speed,dbr,18,50,5,500.000000,500.000000,7.000000,150.000000,250.000000,6.000000,512,10000.000000,200.000000,165,9,61,0,210,0,5.454545,0.016920,32.331873,1.111111,-1.000000,1,0.771598,4.665179,8.896000
s2_speed,dbr,19,50,5,500.000000,500.000000,7.000000,150.000000,250.000000,6.000000,512,10000.000000,200.000000,165,13,63,0,212,0,7.878788,0.024440,44.861213,1.076923,-1.000000,1,0.717530,7.125152,10.538000
s2_speed,dbr,20,50,5,500.000000,500.000000,7.000000,150.000000,250.000000,6.000000,512,10000.000000,200.000000,164,7,53,0,211,0,4.268293,0.013160,8.357864,1.142857,-1.000000,1,0.772581,5.656104,10.840000
s2_speed,adaptive,1,50,5,500.000000,500.000000,10.000000,150.000000,250.000000,6.000000,512,10000.000000,200.000000,164,87,221,30,1084,53,53.048780,0.860160,0.793952,0.206897,-1.000000,1,0.975374,2.060223,41.308000
s2_speed,adaptive,2,50,5,500.000000,500.000000,10.000000,150.000000,250.000000,6.000000,512,10000.000000,200.000000,164,81,282,35,1022,66,49.390244,0.737280,0.786216,0.222222,-1.000000,1,0.982289,1.547846,43.306000
s2_speed,adaptive,3,50,5,500.000000,500.000000,10.000000,150.000000,250.000000,6.000000,512,10000.000000,200.000000,165,94,231,33,1022,22,56.969697,1.099520,0.966478,0.276596,-1.000000,1,0.968841,2.448174,38.664000
s2_speed,adaptive,4,50,5,500.000000,500.000000,10.000000,150.000000,250.000000,6.000000,512,10000.000000,200.000000,163,89,203,12,1058,53,54.601227,0.920320,0.704588,0.123596,-1.000000,1,0.981852,1.513098,41.306000
s2_speed,adaptive,5,50,5,500.000000,500.000000,10.000000,150.000000,250.000000,6.000000,512,10000.000000,200.000000,165,72,164,30,1055,59,43.636364,0.687360,0.727273,0.152778,-1.000000,1,0.976420,1.799474,37.702000
s2_speed,adaptive,6,50,5,500.000000,500.000000,10.000000,150.000000,250.000000,6.000000,512,10000.000000,200.000000,165,86,179,26,1078,55,52.121212,0.993280,0.904115,0.232558,-1.000000,1,0.979028,1.619656,38.206000
s2_speed,adaptive,7,50,5,500.000000,500.000000,10.000000,150.000000,250.000000,6.000000,512,10000.000000,200.000000,165,81,220,43,1007,39,49.090909,0.814080,0.864886,0.246914,-1.000000,1,0.967887,2.650850,40.600000
s2_speed,adaptive,8,50,5,500.000000,500.000000,10.000000,150.000000,250.000000,6.000000,512,10000.000000,200.000000,164,67,229,40,1068,61,40.853659,0.546560,0.686263,0.164179,-1.000000,1,0.978273,1.734819,39.484000
s2_speed,adaptive,9,50,5,500.000000,500.000000,10.000000,150.000000,250.000000,6.000000,512,10000.000000,200.000000,163,86,159,36,1044,59,52.760736,1.108480,1.185852,0.418605,-1.000000,1,0.977744,1.732383,38.482000
s2_speed,adaptive,10,50,5,500.000000,500.000000,10.000000,150.000000,250.000000,6.000000,512,10000.000000,200.000000,165,83,146,50,1075,27,50.303030,1.066240,0.863207,0.156627,-1.000000,1,0.983739,1.285957,39.216000
s2_speed,adaptive,11,50,5,500.000000,500.000000,10.000000,150.000000,250.000000,6.000000,512,10000.000000,200.000000,165,91,221,28,1013,44,55.151515,0.961280,0.855423,0.241758,-1.000000,1,0.972961,2.259817,41.216000
s2_speed,adaptive,12,50,5,500.000000,500.000000,10.000000,150.000000,250.000000,6.000000,512,10000.000000,200.000000,165,93,223,33,1056,50,56.363636,0.963840,0.850255,0.215054,-1.000000,1,0.984503,1.281462,41.022000
s2_speed,adaptive,13,50,5,500.000000,500.000000,10.000000,150.000000,250.000000,6.000000,512,10000.000000,200.000000,165,65,219,32,1056,23,39.393939,0.620800,0.967103,0.338462,-1.000000,1,0.978029,1.756954,39.540000
s2_speed,adaptive,14,50,5,500.000000,500.000000,10.000000,150.000000,250.000000,6.000000,512,10000.000000,200.000000,165,88,232,19,1094,56,53.333333,1.130240,1.237157,0.443182,-1.000000,1,0.978594,1.727406,39.912000
s2_speed,adaptive,15,50,5,500.000000,500.000000,10.000000,150.000000,250.000000,6.000000,512,10000.000000,200.000000,164,79,177,42,1029,60,48.170732,0.753920,0.710434,0.151899,-1.000000,1,0.978988,1.610662,37.920000
s2_speed,adaptive,16,50,5,500.000000,500.000000,10.000000,150.000000,250.000000,6.000000,512,10000.000000,200.000000,165,70,217,9,1078,69,42.424242,0.646400,1.082114,0.442857,-1.000000,1,0.983035,1.319965,38.570000
s2_speed,adaptive,17,50,5,500.000000,500.000000,10.000000,150.000000,250.000000,6.000000,512,10000.000000,200.000000,163,78,272,62,1077,42,47.852761,0.714240,0.837166,0.256410,-1.000000,1,0.978308,1.805738,41.166000
s2_speed,adaptive,18,50,5,500.000000,500.000000,10.000000,150.000000,250.000000,6.000000,512,10000.000000,200.000000,165,79,207,6,1042,26,47.878788,0.792320,1.006471,0.379747,-1.000000,1,0.975937,1.888231,38.758000
s2_speed,vbf,1,50,5,500.000000,500.000000,10.000000,150.000000,250.000000,6.000000,512,10000.000000,200.000000,164,20,68,0,436,0,12.195122,0.433600,3.195489,1.000000,-1.000000,1,0.824274,4.751754,12.218000
s2_speed,adaptive,19,50,5,500.000000,500.000000,10.000000,150.000000,250.000000,6.000000,512,10000.000000,200.000000,165,89,296,11,1015,31,53.939394,0.920320,0.868576,0.235955,-1.000000,1,0.978704,1.757205,40.812000
s2_speed,adaptive,20,50,5,500.000000,500.000000,10.000000,150.000000,250.000000,6.000000,512,10000.000000,200.000000,164,81,163,29,1011,18,49.390244,1.044480,1.054140,0.320988,-1.000000,1,0.974669,2.105298,41.022000
s2_speed,vbf,3,50,5,500.000000,500.000000,10.000000,150.000000,250.000000,6.000000,512,10000.000000,200.000000,165,22,66,0,397,0,13.333333,0.476960,3.776514,1.000000,-1.000000,1,0.856030,3.817639,12.230000
s2_speed,vbf,2,50,5,500.000000,500.000000,10.000000,150.000000,250.000000,6.000000,512,10000.000000,200.000000,164,23,57,0,351,0,14.024390,0.498640,3.287081,1.000000,-1.000000,1,0.848576,3.883206,11.772000
s2_speed,vbf,4,50,5,500.000000,500.000000,10.000000,150.000000,250.000000,6.000000,512,10000.000000,200.000000,163,14,70,0,410,0,8.588957,0.303520,2.865173,1.000000,-1.000000,1,0.849505,4.152662,12.674000
s2_speed,vbf,5,50,5,500.000000,500.000000,10.000000,150.000000,250.000000,6.000000,512,10000.000000,200.000000,165,22,44,0,420,0,13.333333,0.476960,3.408760,1.000000,-1.000000,1,0.851773,3.859893,11.978000
s2_speed,vbf,6,50,5,500.000000,500.000000,10.000000,150.000000,250.000000,6.000000,512,10000.000000,200.000000,165,23,66,0,412,0,13.939394,0.498640,4.318019,1.000000,-1.000000,1,0.820708,4.689504,11.790000
s2_speed,vbf,8,50,5,500.000000,500.000000,10.000000,150.000000,250.000000,6.000000,512,10000.000000,200.000000,164,21,46,0,372,0,12.804878,0.455280,3.438636,1.000000,-1.000000,1,0.843405,3.725894,10.886000
s2_speed,vbf,7,50,5,500.000000,500.000000,10.000000,150.000000,250.000000,6.000000,512,10000.000000,200.000000,165,27,54,0,327,0,16.363636,0.585360,3.621093,1.000000,-1.000000,1,0.851818,3.548079,11.014000
s2_speed,vbf,9,50,5,500.000000,500.000000,10.000000,150.000000,250.000000,6.000000,512,10000.000000,200.000000,163,20,84,0,388,0,12.269939,0.433600,3.715801,1.000000,-1.000000,1,0.845325,4.059933,12.024000
s2_speed,vbf,11,50,5,500.000000,500.000000,10.000000,150.000000,250.000000,6.000000,512,10000.000000,200.000000,165,25,59,0,375,0,15.151515,0.542000,3.426188,1.000000,-1.000000,1,0.879209,3.018617,11.692000
s2_speed,vbf,10,50,5,500.000000,500.000000,10.000000,150.000000,250.000000,6.000000,512,10000.000000,200.000000,165,15,60,0,472,0,9.090909,0.325200,2.961224,1.000000,-1.000000,1,0.911746,2.386419,12.896000
s2_speed,vbf,12,50,5,500.000000,500.000000,10.000000,150.000000,250.000000,6.000000,512,10000.000000,200.000000,165,23,68,0,400,0,13.939394,0.498640,3.314772,1.000000,-1.000000,1,0.835973,4.318527,11.988000
s2_speed,vbf,13,50,5,500.000000,500.000000,10.000000,150.000000,250.000000,6.000000,512,10000.000000,200.000000,165,18,80,0,423,0,10.909091,0.390240,4.154876,1.000000,-1.000000,1,0.860751,3.859156,12.820000
s2_speed,vbf,14,50,5,500.000000,500.000000,10.000000,150.000000,250.000000,6.000000,512,10000.000000,200.000000,165,21,64,0,433,0,12.727273,0.455280,4.064518,1.000000,-1.000000,1,0.841385,4.073939,11.736000
s2_speed,vbf,15,50,5,500.000000,500.000000,10.000000,150.000000,250.000000,6.000000,512,10000.000000,200.000000,164,19,55,0,407,0,11.585366,0.411920,2.763980,1.000000,-1.000000,1,0.856939,4.007761,12.928000
s2_speed,vbf,17,50,5,500.000000,500.000000,10.000000,150.000000,250.000000,6.000000,512,10000.000000,200.000000,163,25,56,0,367,0,15.337423,0.542000,3.675379,1.000000,-1.000000,1,0.753915,6.583679,11.500000
s2_speed,vbf,16,50,5,500.000000,500.000000,10.000000,150.000000,250.000000,6.000000,512,10000.000000,200.000000,165,24,49,0,466,0,14.545455,0.520320,3.973103,1.000000,-1.000000,1,0.892226,3.104392,13.582000
s2_speed,vbf,18,50,5,500.000000,500.000000,10.000000,150.000000,250.000000,6.000000,512,10000.000000,200.000000,165,24,75,0,408,0,14.545455,0.520320,4.042028,1.000000,-1.000000,1,0.858449,3.756382,12.258000
s2_speed,vbf,19,50,5,500.000000,500.000000,10.000000,150.000000,250.000000,6.000000,512,10000.000000,200.000000,165,25,70,0,366,0,15.151515,0.542000,3.249669,1.000000,-1.000000,1,0.857443,3.514321,11.380000
s2_speed,vbf,20,50,5,500.000000,500.000000,10.000000,150.000000,250.000000,6.000000,512,10000.000000,200.000000,164,20,70,0,390,0,12.195122,0.433600,3.388763,1.000000,-1.000000,1,0.856869,3.834952,12.364000
s2_speed,hhvbf,1,50,5,500.000000,500.000000,10.000000,150.000000,250.000000,6.000000,512,10000.000000,200.000000,164,19,60,0,415,0,11.585366,0.411920,3.178442,1.000000,-1.000000,1,0.820347,4.723206,11.848000
s2_speed,hhvbf,2,50,5,500.000000,500.000000,10.000000,150.000000,250.000000,6.000000,512,10000.000000,200.000000,164,23,69,0,372,0,14.024390,0.498640,3.404852,1.000000,-1.000000,1,0.869099,3.654103,12.980000
s2_speed,hhvbf,4,50,5,500.000000,500.000000,10.000000,150.000000,250.000000,6.000000,512,10000.000000,200.000000,163,18,70,0,409,0,11.042945,0.390240,3.247575,1.000000,-1.000000,1,0.857478,3.893731,12.612000
s2_speed,hhvbf,3,50,5,500.000000,500.000000,10.000000,150.000000,250.000000,6.000000,512,10000.000000,200.000000,165,22,70,0,410,0,13.333333,0.476960,2.987256,1.000000,-1.000000,1,0.844225,4.270681,12.550000
s2_speed,hhvbf,6,50,5,500.000000,500.000000,10.000000,150.000000,250.000000,6.000000,512,10000.000000,200.000000,165,22,74,0,409,0,13.333333,0.476960,3.504117,1.000000,-1.000000,1,0.821899,4.825979,12.224000
s2_speed,hhvbf,5,50,5,500.000000,500.000000,10.000000,150.000000,250.000000,6.000000,512,10000.000000,200.000000,165,22,40,0,439,0,13.333333,0.476960,3.233204,1.000000,-1.000000,1,0.866783,3.759070,13.102000
s2_speed,hhvbf,7,50,5,500.000000,500.000000,10.000000,150.000000,250.000000,6.000000,512,10000.000000,200.000000,165,24,54,0,328,0,14.545455,0.520320,3.078379,1.000000,-1.000000,1,0.844104,3.763457,11.050000
s2_speed,hhvbf,9,50,5,500.000000,500.000000,10.000000,150.000000,250.000000,6.000000,512,10000.000000,200.000000,163,23,74,0,420,0,14.110429,0.498640,3.131548,1.000000,-1.000000,1,0.855177,3.801487,12.100000
s2_speed,hhvbf,8,50,5,500.000000,500.000000,10.000000,150.000000,250.000000,6.000000,512,10000.000000,200.000000,164,19,41,0,389,0,11.585366,0.411920,3.354756,1.000000,-1.000000,1,0.822555,4.101548,10.432000
s2_speed,hhvbf,10,50,5,500.000000,500.000000,10.000000,150.000000,250.000000,6.000000,512,10000.000000,200.000000,165,20,53,0,494,0,12.121212,0.433600,3.136308,1.000000,-1.000000,1,0.915007,2.371863,13.334000
s2_speed,hhvbf,11,50,5,500.000000,500.000000,10.000000,150.000000,250.000000,6.000000,512,10000.000000,200.000000,165,23,69,0,388,0,13.939394,0.498640,3.494954,1.000000,-1.000000,1,0.871328,3.489142,12.626000
s2_speed,hhvbf,13,50,5,500.000000,500.000000,10.000000,150.000000,250.000000,6.000000,512,10000.000000,200.000000,165,19,77,0,436,0,11.515152,0.411920,3.731943,1.000000,-1.000000,1,0.875122,3.475278,12.988000
s2_speed,hhvbf,12,50,5,500.000000,500.000000,10.000000,150.000000,250.000000,6.000000,512,10000.000000,200.000000,165,25,64,0,420,0,15.151515,0.542000,3.689005,1.000000,-1.000000,1,0.824436,4.797387,12.348000
s2_speed,hhvbf,16,50,5,500.000000,500.000000,10.000000,150.000000,250.000000,6.000000,512,10000.000000,200.000000,165,25,55,0,459,0,15.151515,0.542000,4.005183,1.000000,-1.000000,1,0.890838,2.999589,12.946000
s2_speed,hhvbf,14,50,5,500.000000,500.000000,10.000000,150.000000,250.000000,6.000000,512,10000.000000,200.000000,165,25,60,0,459,0,15.151515,0.542000,3.694465,1.000000,-1.000000,1,0.877984,3.330213,12.760000
s2_speed,hhvbf,15,50,5,500.000000,500.000000,10.000000,150.000000,250.000000,6.000000,512,10000.000000,200.000000,164,22,52,0,408,0,13.414634,0.476960,2.729729,1.000000,-1.000000,1,0.869107,3.762524,13.366000
s2_speed,hhvbf,17,50,5,500.000000,500.000000,10.000000,150.000000,250.000000,6.000000,512,10000.000000,200.000000,163,22,53,0,361,0,13.496933,0.476960,3.285861,1.000000,-1.000000,1,0.746277,6.625776,11.160000
s2_speed,hhvbf,19,50,5,500.000000,500.000000,10.000000,150.000000,250.000000,6.000000,512,10000.000000,200.000000,165,25,58,0,378,0,15.151515,0.542000,3.340130,1.000000,-1.000000,1,0.867396,3.112292,10.902000
s2_speed,hhvbf,18,50,5,500.000000,500.000000,10.000000,150.000000,250.000000,6.000000,512,10000.000000,200.000000,165,24,84,0,413,0,14.545455,0.520320,3.645806,1.000000,-1.000000,1,0.848063,4.212183,12.722000
s2_speed,dbr,2,50,5,500.000000,500.000000,10.000000,150.000000,250.000000,6.000000,512,10000.000000,200.000000,164,13,95,0,211,0,7.926829,0.024440,11.981601,0.923077,-1.000000,1,0.855122,3.518296,11.194000
s2_speed,dbr,1,50,5,500.000000,500.000000,10.000000,150.000000,250.000000,6.000000,512,10000.000000,200.000000,164,8,77,0,210,0,4.878049,0.015040,33.320100,0.375000,-1.000000,1,0.774909,4.706079,9.128000
s2_speed,hhvbf,20,50,5,500.000000,500.000000,10.000000,150.000000,250.000000,6.000000,512,10000.000000,200.000000,164,21,61,0,384,0,12.804878,0.455280,3.359871,1.000000,-1.000000,1,0.880366,3.161872,12.374000
s2_speed,dbr,3,50,5,500.000000,500.000000,10.000000,150.000000,250.000000,6.000000,512,10000.000000,200.000000,165,9,80,0,212,0,5.454545,0.016920,26.427462,1.000000,-1.000000,1,0.790315,5.116728,10.772000
s2_speed,dbr,4,50,5,500.000000,500.000000,10.000000,150.000000,250.000000,6.000000,512,10000.000000,200.000000,163,8,77,0,210,0,4.907975,0.015040,26.629212,0.500000,-1.000000,1,0.799257,4.422355,9.786000
s2_speed,dbr,5,50,5,500.000000,500.000000,10.000000,150.000000,250.000000,6.000000,512,10000.000000,200.000000,165,9,29,0,211,0,5.454545,0.016920,48.047583,1.111111,-1.000000,1,0.771236,5.005863,9.528000
s2_speed,dbr,6,50,5,500.000000,500.000000,10.000000,150.000000,250.000000,6.000000,512,10000.000000,200.000000,165,8,81,0,210,0,4.848485,0.015040,33.427039,0.625000,-1.000000,1,0.754666,5.266159,9.232000
s2_speed,dbr,7,50,5,500.000000,500.000000,10.000000,150.000000,250.000000,6.000000,512,10000.000000,200.000000,165,11,73,0,212,0,6.666667,0.020680,28.642669,0.909091,-1.000000,1,0.807705,5.055124,11.746000
s2_speed,dbr,8,50,5,500.000000,500.000000,10.000000,150.000000,250.000000,6.000000,512,10000.000000,200.000000,164,11,50,0,209,0,6.707317,0.020680,30.363508,1.000000,-1.000000,1,0.789036,4.559484,9.532000
s2_speed,dbr,10,50,5,500.000000,500.000000,10.000000,150.000000,250.000000,6.000000,512,10000.000000,200.000000,165,9,69,0,212,0,5.454545,0.016920,14.240858,2.111111,-1.000000,1,0.811333,4.084856,9.698000
s2_speed,dbr,9,50,5,500.000000,500.000000,10.000000,150.000000,250.000000,6.000000,512,10000.000000,200.000000,163,11,82,0,209,0,6.748466,0.020680,31.087286,1.454545,-1.000000,1,0.811758,4.395455,10.462000
s2_speed,dbr,11,50,5,500.000000,500.000000,10.000000,150.000000,250.000000,6.000000,512,10000.000000,200.000000,165,11,106,0,212,0,6.666667,0.020680,11.696053,0.909091,-1.000000,1,0.834634,4.047175,11.134000
s2_speed,dbr,12,50,5,500.000000,500.000000,10.000000,150.000000,250.000000,6.000000,512,10000.000000,200.000000,165,10,73,0,214,0,6.060606,0.018800,24.143836,1.200000,-1.000000,1,0.821335,3.846255,9.708000
s2_speed,dbr,13,50,5,500.000000,500.000000,10.000000,150.000000,250.000000,6.000000,512,10000.000000,200.000000,165,7,53,0,210,0,4.242424,0.013160,9.679552,0.571429,-1.000000,1,0.800896,4.259460,9.514000
s2_speed,dbr,14,50,5,500.000000,500.000000,10.000000,150.000000,250.000000,6.000000,512,10000.000000,200.000000,165,10,41,0,214,0,6.060606,0.018800,42.813151,0.800000,-1.000000,1,0.777285,4.566911,8.968000
s2_speed,dbr,15,50,5,500.000000,500.000000,10.000000,150.000000,250.000000,6.000000,512,10000.000000,200.000000,164,9,82,0,212,0,5.487805,0.016920,9.555835,0.666667,-1.000000,1,0.806542,4.676376,10.792000
s2_speed,dbr,16,50,5,500.000000,500.000000,10.000000,150.000000,250.000000,6.000000,512,10000.000000,200.000000,165,8,14,0,214,0,4.848485,0.015040,12.048967,2.000000,-1.000000,1,0.742982,5.377069,8.918000
s2_speed,dbr,17,50,5,500.000000,500.000000,10.000000,150.000000,250.000000,6.000000,512,10000.000000,200.000000,163,11,77,0,211,0,6.748466,0.020680,14.296416,1.000000,-1.000000,1,0.761628,4.857393,8.810000
s2_speed,dbr,18,50,5,500.000000,500.000000,10.000000,150.000000,250.000000,6.000000,512,10000.000000,200.000000,165,12,68,0,211,0,7.272727,0.022560,33.600016,1.166667,-1.000000,1,0.768461,4.969274,9.326000
s2_speed,dbr,19,50,5,500.000000,500.000000,10.000000,150.000000,250.000000,6.000000,512,10000.000000,200.000000,165,7,77,0,210,0,4.242424,0.013160,55.740965,0.857143,-1.000000,1,0.742699,6.422589,10.638000
s2_speed,dbr,20,50,5,500.000000,500.000000,10.000000,150.000000,250.000000,6.000000,512,10000.000000,200.000000,164,8,58,0,211,0,4.878049,0.015040,28.104126,1.000000,-1.000000,1,0.792448,5.275833,11.238000
