label,protocol,seed,nNodes,nSources,fieldSize,waterDepth,maxSpeed,basePipeR,commRange,packetInterval,payloadBytes,bitRate,simTime,generated,delivered,duplicates,dropped,transmissions,fallbacks,pdr_pct,throughput_kbps,mean_delay_s,mean_hops,lifetime_s,lifetime_censored,jain_fairness,energy_gap_J,mean_consumed_J
s3_area,adaptive,3,50,5,200.000000,200.000000,3.000000,150.000000,250.000000,6.000000,512,10000.000000,200.000000,165,112,382,30,970,6,67.878788,1.352960,0.793039,0.205357,-1.000000,1,0.993714,0.753282,59.730000
s3_area,adaptive,1,50,5,200.000000,200.000000,3.000000,150.000000,250.000000,6.000000,512,10000.000000,200.000000,164,103,445,36,932,18,62.804878,1.187840,0.853885,0.242718,-1.000000,1,0.994573,0.697634,64.100000
s3_area,adaptive,2,50,5,200.000000,200.000000,3.000000,150.000000,250.000000,6.000000,512,10000.000000,200.000000,164,106,403,39,898,19,64.634146,1.268480,0.850261,0.226415,-1.000000,1,0.994031,0.708774,59.198000
s3_area,adaptive,6,50,5,200.000000,200.000000,3.000000,150.000000,250.000000,6.000000,512,10000.000000,200.000000,165,100,381,18,964,9,60.606061,1.164800,0.752809,0.160000,-1.000000,1,0.996504,0.420731,60.072000
s3_area,adaptive,4,50,5,200.000000,200.000000,3.000000,150.000000,250.000000,6.000000,512,10000.000000,200.000000,163,101,408,4,959,2,61.963190,1.146880,0.721229,0.148515,-1.000000,1,0.995679,0.533396,61.594000
s3_area,adaptive,5,50,5,200.000000,200.000000,3.000000,150.000000,250.000000,6.000000,512,10000.000000,200.000000,165,109,420,31,964,28,66.060606,1.310720,0.691271,0.091743,-1.000000,1,0.995590,0.538215,60.884000
s3_area,adaptive,8,50,5,200.000000,200.000000,3.000000,150.000000,250.000000,6.000000,512,10000.000000,200.000000,164,104,329,28,908,20,63.414634,1.227520,0.950328,0.307692,-1.000000,1,0.991391,0.934030,54.012000
s3_area,adaptive,7,50,5,200.000000,200.000000,3.000000,150.000000,250.000000,6.000000,512,10000.000000,200.000000,165,108,350,11,899,9,65.454545,1.328640,0.908737,0.277778,-1.000000,1,0.993953,0.674765,55.628000
s3_area,adaptive,9,50,5,200.000000,200.000000,3.000000,150.000000,250.000000,6.000000,512,10000.000000,200.000000,163,110,351,32,903,13,67.484663,1.312000,0.795863,0.200000,-1.000000,1,0.994293,0.658048,57.486000
s3_area,adaptive,10,50,5,200.000000,200.000000,3.000000,150.000000,250.000000,6.000000,512,10000.000000,200.000000,165,100,354,14,915,17,60.606061,1.126400,0.775604,0.170000,-1.000000,1,0.995355,0.524681,56.350000
s3_area,adaptive,11,50,5,200.000000,200.000000,3.000000,150.000000,250.000000,6.000000,512,10000.000000,200.000000,165,105,338,32,914,27,63.636364,1.228800,0.713677,0.142857,-1.000000,1,0.993654,0.717659,56.360000
s3_area,adaptive,12,50,5,200.000000,200.000000,3.000000,150.000000,250.000000,6.000000,512,10000.000000,200.000000,165,111,395,38,940,40,67.272727,1.370880,0.795896,0.171171,-1.000000,1,0.994640,0.629650,58.580000
s3_area,adaptive,13,50,5,200.000000,200.000000,3.000000,150.000000,250.000000,6.000000,512,10000.000000,200.000000,165,103,407,2,908,10,62.424242,1.226240,0.697872,0.116505,-1.000000,1,0.995279,0.571652,60.396000
s3_area,adaptive,14,50,5,200.000000,200.000000,3.000000,150.000000,250.000000,6.000000,512,10000.000000,200.000000,165,117,341,9,894,10,70.909091,1.474560,0.919923,0.247863,-1.000000,1,0.993928,0.697223,57.236000
s3_area,adaptive,15,50,5,200.000000,200.000000,3.000000,150.000000,250.000000,6.000000,512,10000.000000,200.000000,164,115,349,38,925,15,70.121951,1.433600,0.770402,0.156522,-1.000000,1,0.993558,0.715836,55.382000
s3_area,adaptive,16,50,5,200.000000,200.000000,3.000000,150.000000,250.000000,6.000000,512,10000.000000,200.000000,165,117,352,9,948,28,70.909091,1.474560,0.845198,0.196581,-1.000000,1,0.994373,0.624626,55.350000
s3_area,adaptive,17,50,5,200.000000,200.000000,3.000000,150.000000,250.000000,6.000000,512,10000.000000,200.000000,163,99,414,28,881,3,60.736196,1.105920,0.672234,0.121212,-1.000000,1,0.995479,0.543156,59.928000
s3_area,adaptive,18,50,5,200.000000,200.000000,3.000000,150.000000,250.000000,6.000000,512,10000.000000,200.000000,165,103,376,0,926,0,62.424242,1.168640,0.755420,0.174757,-1.000000,1,0.995375,0.562025,60.616000
s3_area,adaptive,19,50,5,200.000000,200.000000,3.000000,150.000000,250.000000,6.000000,512,10000.000000,200.000000,165,99,399,5,941,13,60.000000,1.105920,0.905860,0.303030,-1.000000,1,0.995478,0.553675,61.086000
s3_area,vbf,1,50,5,200.000000,200.000000,3.000000,150.000000,250.000000,6.000000,512,10000.000000,200.000000,164,16,85,0,482,0,9.756098,0.346880,2.481377,1.000000,-1.000000,1,0.936989,1.960679,15.052000
s3_area,vbf,2,50,5,200.000000,200.000000,3.000000,150.000000,250.000000,6.000000,512,10000.000000,200.000000,164,11,77,0,407,0,6.707317,0.238480,2.026572,1.000000,-1.000000,1,0.910183,2.479503,13.154000
s3_area,adaptive,20,50,5,200.000000,200.000000,3.000000,150.000000,250.000000,6.000000,512,10000.000000,200.000000,164,116,322,7,941,5,70.731707,1.434880,0.873406,0.250000,-1.000000,1,0.994958,0.555175,54.918000
s3_area,vbf,4,50,5,200.000000,200.000000,3.000000,150.000000,250.000000,6.000000,512,10000.000000,200.000000,163,15,81,0,433,0,9.202454,0.325200,2.504240,1.000000,-1.000000,1,0.918523,2.397187,14.086000
s3_area,vbf,3,50,5,200.000000,200.000000,3.000000,150.000000,250.000000,6.000000,512,10000.000000,200.000000,165,21,86,0,478,0,12.727273,0.455280,2.481349,1.000000,-1.000000,1,0.944072,1.802638,15.652000
s3_area,vbf,5,50,5,200.000000,200.000000,3.000000,150.000000,250.000000,6.000000,512,10000.000000,200.000000,165,13,87,0,503,0,7.878788,0.281840,2.187383,1.000000,-1.000000,1,0.943100,1.774687,15.138000
s3_area,vbf,6,50,5,200.000000,200.000000,3.000000,150.000000,250.000000,6.000000,512,10000.000000,200.000000,165,15,66,0,424,0,9.090909,0.325200,2.444537,1.000000,-1.000000,1,0.900698,2.649563,12.644000
s3_area,vbf,7,50,5,200.000000,200.000000,3.000000,150.000000,250.000000,6.000000,512,10000.000000,200.000000,165,10,77,0,465,0,6.060606,0.216800,1.929865,1.000000,-1.000000,1,0.930882,1.953544,13.626000
s3_area,vbf,8,50,5,200.000000,200.000000,3.000000,150.000000,250.000000,6.000000,512,10000.000000,200.000000,164,15,82,0,416,0,9.146341,0.325200,2.194177,1.000000,-1.000000,1,0.950512,1.424791,14.030000
s3_area,vbf,9,50,5,200.000000,200.000000,3.000000,150.000000,250.000000,6.000000,512,10000.000000,200.000000,163,15,77,0,414,0,9.202454,0.325200,2.309588,1.000000,-1.000000,1,0.925353,2.105766,13.558000
s3_area,vbf,10,50,5,200.000000,200.000000,3.000000,150.000000,250.000000,6.000000,512,10000.000000,200.000000,165,13,79,0,474,0,7.878788,0.281840,2.154649,1.000000,-1.000000,1,0.954172,1.317758,14.040000
s3_area,vbf,11,50,5,200.000000,200.000000,3.000000,150.000000,250.000000,6.000000,512,10000.000000,200.000000,165,15,77,0,462,0,9.090909,0.325200,2.289848,1.000000,-1.000000,1,0.932993,1.949683,14.044000
s3_area,vbf,12,50,5,200.000000,200.000000,3.000000,150.000000,250.000000,6.000000,512,10000.000000,200.000000,165,14,77,0,448,0,8.484848,0.303520,2.010502,1.000000,-1.000000,1,0.905580,2.740257,13.792000
s3_area,vbf,13,50,5,200.000000,200.000000,3.000000,150.000000,250.000000,6.000000,512,10000.000000,200.000000,165,19,78,0,455,0,11.515152,0.411920,2.722994,1.000000,-1.000000,1,0.943895,1.682324,14.560000
s3_area,vbf,14,50,5,200.000000,200.000000,3.000000,150.000000,250.000000,6.000000,512,10000.000000,200.000000,165,14,71,0,476,0,8.484848,0.303520,2.130024,1.000000,-1.000000,1,0.921197,2.217700,13.494000
s3_area,vbf,15,50,5,200.000000,200.000000,3.000000,150.000000,250.000000,6.000000,512,10000.000000,200.000000,164,18,91,0,460,0,10.975610,0.390240,2.369743,1.000000,-1.000000,1,0.939967,1.936812,15.632000
s3_area,vbf,16,50,5,200.000000,200.000000,3.000000,150.000000,250.000000,6.000000,512,10000.000000,200.000000,165,16,80,0,524,0,9.696970,0.346880,2.493962,1.000000,-1.000000,1,0.958381,1.281967,15.074000
s3_area,vbf,17,50,5,200.000000,200.000000,3.000000,150.000000,250.000000,6.000000,512,10000.000000,200.000000,163,10,80,0,459,0,6.134969,0.216800,2.414901,1.000000,-1.000000,1,0.857201,4.276335,13.822000
s3_area,vbf,18,50,5,200.000000,200.000000,3.000000,150.000000,250.000000,6.000000,512,10000.000000,200.000000,165,17,80,0,470,0,10.303030,0.368560,2.530509,1.000000,-1.000000,1,0.940828,1.788510,14.652000
s3_area,vbf,20,50,5,200.000000,200.000000,3.000000,150.000000,250.000000,6.000000,512,10000.000000,200.000000,164,12,81,0,530,0,7.317073,0.260160,2.095994,1.000000,-1.000000,1,0.941486,1.786312,14.804000
s3_area,vbf,19,50,5,200.000000,200.000000,3.000000,150.000000,250.000000,6.000000,512,10000.000000,200.000000,165,13,73,0,583,0,7.878788,0.281840,2.231367,1.000000,-1.000000,1,0.920942,2.410874,14.620000
s3_area,hhvbf,1,50,5,200.000000,200.000000,3.000000,150.000000,250.000000,6.000000,512,10000.000000,200.000000,164,15,82,0,454,0,9.146341,0.325200,2.202081,1.000000,-1.000000,1,0.931515,2.045163,14.402000
s3_area,hhvbf,2,50,5,200.000000,200.000000,3.000000,150.000000,250.000000,6.000000,512,10000.000000,200.000000,164,15,74,0,452,0,9.146341,0.325200,2.514962,1.000000,-1.000000,1,0.911370,2.537249,13.650000
s3_area,hhvbf,3,50,5,200.000000,200.000000,3.000000,150.000000,250.000000,6.000000,512,10000.000000,200.000000,165,16,86,0,460,0,9.696970,0.346880,2.184235,1.000000,-1.000000,1,0.940080,1.849441,14.956000
s3_area,hhvbf,4,50,5,200.000000,200.000000,3.000000,150.000000,250.000000,6.000000,512,10000.000000,200.000000,163,14,76,0,475,0,8.588957,0.303520,2.010338,1.000000,-1.000000,1,0.918236,2.378011,13.922000
s3_area,hhvbf,5,50,5,200.000000,200.000000,3.000000,150.000000,250.000000,6.000000,512,10000.000000,200.000000,165,11,83,0,505,0,6.666667,0.238480,1.845929,1.000000,-1.000000,1,0.934043,2.007054,14.696000
s3_area,hhvbf,6,50,5,200.000000,200.000000,3.000000,150.000000,250.000000,6.000000,512,10000.000000,200.000000,165,16,69,0,486,0,9.696970,0.346880,2.567926,1.000000,-1.000000,1,0.932270,1.921521,13.688000
s3_area,hhvbf,7,50,5,200.000000,200.000000,3.000000,150.000000,250.000000,6.000000,512,10000.000000,200.000000,165,11,77,0,447,0,6.666667,0.238480,1.948364,1.000000,-1.000000,1,0.935525,1.802402,13.512000
s3_area,hhvbf,8,50,5,200.000000,200.000000,3.000000,150.000000,250.000000,6.000000,512,10000.000000,200.000000,164,14,81,0,366,0,8.536585,0.303520,2.370547,1.000000,-1.000000,1,0.943452,1.552052,13.324000
s3_area,hhvbf,9,50,5,200.000000,200.000000,3.000000,150.000000,250.000000,6.000000,512,10000.000000,200.000000,163,16,78,0,422,0,9.815951,0.346880,2.512990,1.000000,-1.000000,1,0.914184,2.474654,13.772000
s3_area,hhvbf,10,50,5,200.000000,200.000000,3.000000,150.000000,250.000000,6.000000,512,10000.000000,200.000000,165,13,75,0,466,0,7.878788,0.281840,2.243390,1.000000,-1.000000,1,0.948556,1.448432,13.706000
s3_area,hhvbf,11,50,5,200.000000,200.000000,3.000000,150.000000,250.000000,6.000000,512,10000.000000,200.000000,165,19,77,0,452,0,11.515152,0.411920,2.470870,1.000000,-1.000000,1,0.928182,2.137636,14.328000
s3_area,hhvbf,12,50,5,200.000000,200.000000,3.000000,150.000000,250.000000,6.000000,512,10000.000000,200.000000,165,13,75,0,430,0,7.878788,0.281840,2.080765,1.000000,-1.000000,1,0.906034,2.629122,13.300000
s3_area,hhvbf,13,50,5,200.000000,200.000000,3.000000,150.000000,250.000000,6.000000,512,10000.000000,200.000000,165,21,78,0,489,0,12.727273,0.455280,2.649138,1.000000,-1.000000,1,0.949288,1.570530,15.082000
s3_area,hhvbf,14,50,5,200.000000,200.000000,3.000000,150.000000,250.000000,6.000000,512,10000.000000,200.000000,165,14,68,0,461,0,8.484848,0.303520,2.123722,1.000000,-1.000000,1,0.919178,2.201521,13.046000
s3_area,hhvbf,15,50,5,200.000000,200.000000,3.000000,150.000000,250.000000,6.000000,512,10000.000000,200.000000,164,23,89,0,470,0,14.024390,0.498640,2.569700,1.000000,-1.000000,1,0.945321,1.792890,15.934000
s3_area,hhvbf,16,50,5,200.000000,200.000000,3.000000,150.000000,250.000000,6.000000,512,10000.000000,200.000000,165,14,77,0,505,0,8.484848,0.303520,2.168257,1.000000,-1.000000,1,0.947588,1.547108,14.362000
s3_area,hhvbf,17,50,5,200.000000,200.000000,3.000000,150.000000,250.000000,6.000000,512,10000.000000,200.000000,163,8,77,0,425,0,4.907975,0.173440,2.139647,1.000000,-1.000000,1,0.844624,4.388967,12.934000
s3_area,hhvbf,18,50,5,200.000000,200.000000,3.000000,150.000000,250.000000,6.000000,512,10000.000000,200.000000,165,14,86,0,440,0,8.484848,0.303520,2.726418,1.000000,-1.000000,1,0.934299,1.989733,14.628000
s3_area,hhvbf,19,50,5,200.000000,200.000000,3.000000,150.000000,250.000000,6.000000,512,10000.000000,200.000000,165,12,73,0,550,0,7.272727,0.260160,1.926402,1.000000,-1.000000,1,0.915922,2.494940,14.186000
s3_area,hhvbf,20,50,5,200.000000,200.000000,3.000000,150.000000,250.000000,6.000000,512,10000.000000,200.000000,164,13,79,0,528,0,7.926829,0.281840,2.134067,1.000000,-1.000000,1,0.939004,1.842216,14.626000
s3_area,dbr,1,50,5,200.000000,200.000000,3.000000,150.000000,250.000000,6.000000,512,10000.000000,200.000000,164,8,147,0,201,0,4.878049,0.015040,10.025036,0.500000,-1.000000,1,0.949865,1.801869,17.508000
s3_area,dbr,2,50,5,200.000000,200.000000,3.000000,150.000000,250.000000,6.000000,512,10000.000000,200.000000,164,10,139,0,203,0,6.097561,0.018800,8.085506,0.500000,-1.000000,1,0.949231,1.807120,17.334000
s3_area,dbr,4,50,5,200.000000,200.000000,3.000000,150.000000,250.000000,6.000000,512,10000.000000,200.000000,163,11,151,0,205,0,6.748466,0.020680,7.895319,0.545455,-1.000000,1,0.953107,1.723136,17.932000
s3_area,dbr,3,50,5,200.000000,200.000000,3.000000,150.000000,250.000000,6.000000,512,10000.000000,200.000000,165,9,145,0,207,0,5.454545,0.016920,9.797667,0.444444,-1.000000,1,0.948872,1.833081,17.456000
s3_area,dbr,5,50,5,200.000000,200.000000,3.000000,150.000000,250.000000,6.000000,512,10000.000000,200.000000,165,7,151,0,204,0,4.242424,0.013160,8.178264,0.285714,-1.000000,1,0.947475,1.885013,17.460000
s3_area,dbr,7,50,5,200.000000,200.000000,3.000000,150.000000,250.000000,6.000000,512,10000.000000,200.000000,165,8,145,0,197,0,4.848485,0.015040,8.478540,0.375000,-1.000000,1,0.946853,1.884359,17.244000
s3_area,dbr,6,50,5,200.000000,200.000000,3.000000,150.000000,250.000000,6.000000,512,10000.000000,200.000000,165,6,141,0,203,0,3.636364,0.011280,8.282229,0.333333,-1.000000,1,0.947635,1.876730,17.438000
s3_area,dbr,8,50,5,200.000000,200.000000,3.000000,150.000000,250.000000,6.000000,512,10000.000000,200.000000,164,7,150,0,202,0,4.268293,0.013160,8.899548,0.571429,-1.000000,1,0.949333,1.836671,17.654000
s3_area,dbr,9,50,5,200.000000,200.000000,3.000000,150.000000,250.000000,6.000000,512,10000.000000,200.000000,163,11,148,0,198,0,6.748466,0.020680,7.377562,0.545455,-1.000000,1,0.945151,1.947864,17.256000
s3_area,dbr,10,50,5,200.000000,200.000000,3.000000,150.000000,250.000000,6.000000,512,10000.000000,200.000000,165,10,144,0,202,0,6.060606,0.018800,7.413375,0.500000,-1.000000,1,0.949544,1.830711,17.672000
s3_area,dbr,11,50,5,200.000000,200.000000,3.000000,150.000000,250.000000,6.000000,512,10000.000000,200.000000,165,7,143,0,204,0,4.242424,0.013160,8.775125,0.285714,-1.000000,1,0.950477,1.778654,17.502000
s3_area,dbr,12,50,5,200.000000,200.000000,3.000000,150.000000,250.000000,6.000000,512,10000.000000,200.000000,165,7,147,0,202,0,4.242424,0.013160,8.923510,0.285714,-1.000000,1,0.945371,1.947463,17.324000
s3_area,dbr,13,50,5,200.000000,200.000000,3.000000,150.000000,250.000000,6.000000,512,10000.000000,200.000000,165,10,146,0,202,0,6.060606,0.018800,7.642389,0.600000,-1.000000,1,0.947910,1.878803,17.552000
s3_area,dbr,14,50,5,200.000000,200.000000,3.000000,150.000000,250.000000,6.000000,512,10000.000000,200.000000,165,7,154,0,203,0,4.242424,0.013160,8.774325,0.285714,-1.000000,1,0.949642,1.845868,17.854000
s3_area,dbr,15,50,5,200.000000,200.000000,3.000000,150.000000,250.000000,6.000000,512,10000.000000,200.000000,164,12,155,0,199,0,7.317073,0.022560,7.216905,0.583333,-1.000000,1,0.954355,1.718229,18.382000
s3_area,dbr,16,50,5,200.000000,200.000000,3.000000,150.000000,250.000000,6.000000,512,10000.000000,200.000000,165,9,149,0,202,0,5.454545,0.016920,8.166242,0.444444,-1.000000,1,0.948958,1.861556,17.758000
s3_area,dbr,17,50,5,200.000000,200.000000,3.000000,150.000000,250.000000,6.000000,512,10000.000000,200.000000,163,6,149,0,197,0,3.680982,0.011280,9.337136,0.166667,-1.000000,1,0.952168,1.752858,17.874000
s3_area,dbr,18,50,5,200.000000,200.000000,3.000000,150.000000,250.000000,6.000000,512,10000.000000,200.000000,165,7,150,0,200,0,4.242424,0.013160,7.058179,0.428571,-1.000000,1,0.944965,1.959222,17.296000
s3_area,dbr,19,50,5,200.000000,200.000000,3.000000,150.000000,250.000000,6.000000,512,10000.000000,200.000000,165,7,146,0,203,0,4.242424,0.013160,7.917802,0.285714,-1.000000,1,0.942776,2.026118,17.182000
s3_area,dbr,20,50,5,200.000000,200.000000,3.000000,150.000000,250.000000,6.000000,512,10000.000000,200.000000,164,8,147,0,202,0,4.878049,0.015040,8.399847,0.375000,-1.000000,1,0.949790,1.806078,17.522000
s3_area,adaptive,2,50,5,300.000000,300.000000,3.000000,150.000000,250.000000,6.000000,512,10000.000000,200.000000,164,87,396,19,858,0,53.048780,0.860160,0.646394,0.091954,-1.000000,1,0.992482,0.849935,56.312000
s3_area,adaptive,1,50,5,300.000000,300.000000,3.000000,150.000000,250.000000,6.000000,512,10000.000000,200.000000,164,85,359,27,949,38,51.829268,0.800000,0.692961,0.141176,-1.000000,1,0.988568,1.260951,54.834000
s3_area,adaptive,3,50,5,300.000000,300.000000,3.000000,150.000000,250.000000,6.000000,512,10000.000000,200.000000,165,91,353,12,890,38,55.151515,0.961280,0.655805,0.098901,-1.000000,1,0.991212,0.945442,53.552000
s3_area,adaptive,4,50,5,300.000000,300.000000,3.000000,150.000000,250.000000,6.000000,512,10000.000000,200.000000,163,93,336,35,918,13,57.055215,1.002240,0.748209,0.161290,-1.000000,1,0.992934,0.787573,55.530000
s3_area,adaptive,5,50,5,300.000000,300.000000,3.000000,150.000000,250.000000,6.000000,512,10000.000000,200.000000,165,96,352,30,898,14,58.181818,1.025280,0.806144,0.187500,-1.000000,1,0.988680,1.208848,53.092000
s3_area,adaptive,6,50,5,300.000000,300.000000,3.000000,150.000000,250.000000,6.000000,512,10000.000000,200.000000,165,95,383,18,924,15,57.575758,1.062400,0.749313,0.136842,-1.000000,1,0.992433,0.849202,55.902000
s3_area,adaptive,7,50,5,300.000000,300.000000,3.000000,150.000000,250.000000,6.000000,512,10000.000000,200.000000,165,97,326,26,894,11,58.787879,1.084160,0.927262,0.278351,-1.000000,1,0.992037,0.857602,53.634000
s3_area,adaptive,9,50,5,300.000000,300.000000,3.000000,150.000000,250.000000,6.000000,512,10000.000000,200.000000,163,93,358,38,905,9,57.055215,1.021440,0.768407,0.150538,-1.000000,1,0.991643,0.908369,54.122000
s3_area,adaptive,8,50,5,300.000000,300.000000,3.000000,150.000000,250.000000,6.000000,512,10000.000000,200.000000,164,80,335,18,891,21,48.780488,0.697600,0.604322,0.100000,-1.000000,1,0.991927,0.834803,51.492000
s3_area,adaptive,12,50,5,300.000000,300.000000,3.000000,150.000000,250.000000,6.000000,512,10000.000000,200.000000,165,96,397,37,923,27,58.181818,1.044480,0.825463,0.218750,-1.000000,1,0.990444,1.042573,54.288000
s3_area,adaptive,10,50,5,300.000000,300.000000,3.000000,150.000000,250.000000,6.000000,512,10000.000000,200.000000,165,80,335,42,931,6,48.484848,0.736000,0.690921,0.137500,-1.000000,1,0.992443,0.800467,52.760000
s3_area,adaptive,11,50,5,300.000000,300.000000,3.000000,150.000000,250.000000,6.000000,512,10000.000000,200.000000,165,85,363,30,893,29,51.515152,0.819200,0.741183,0.188235,-1.000000,1,0.992207,0.875050,55.926000
s3_area,adaptive,14,50,5,300.000000,300.000000,3.000000,150.000000,250.000000,6.000000,512,10000.000000,200.000000,165,92,376,30,909,11,55.757576,1.000960,0.874091,0.239130,-1.000000,1,0.994160,0.629763,53.760000
s3_area,adaptive,13,50,5,300.000000,300.000000,3.000000,150.000000,250.000000,6.000000,512,10000.000000,200.000000,165,100,364,41,905,10,60.606061,1.145600,0.809139,0.180000,-1.000000,1,0.991024,1.007578,55.876000
s3_area,adaptive,15,50,5,300.000000,300.000000,3.000000,150.000000,250.000000,6.000000,512,10000.000000,200.000000,164,113,343,23,864,6,68.902439,1.392640,0.899160,0.230088,-1.000000,1,0.991294,0.915398,52.342000
s3_area,adaptive,16,50,5,300.000000,300.000000,3.000000,150.000000,250.000000,6.000000,512,10000.000000,200.000000,165,105,328,18,900,17,63.636364,1.248000,0.947223,0.276190,-1.000000,1,0.991327,0.870593,49.970000
s3_area,adaptive,17,50,5,300.000000,300.000000,3.000000,150.000000,250.000000,6.000000,512,10000.000000,200.000000,163,87,392,31,903,0,53.374233,0.860160,0.714937,0.160920,-1.000000,1,0.992713,0.824344,56.354000
s3_area,adaptive,18,50,5,300.000000,300.000000,3.000000,150.000000,250.000000,6.000000,512,10000.000000,200.000000,165,94,366,0,927,0,56.969697,1.061120,0.834495,0.202128,-1.000000,1,0.991708,0.895743,53.790000
s3_area,adaptive,19,50,5,300.000000,300.000000,3.000000,150.000000,250.000000,6.000000,512,10000.000000,200.000000,165,87,388,3,906,0,52.727273,0.840960,0.690036,0.137931,-1.000000,1,0.993733,0.701583,55.798000
s3_area,vbf,1,50,5,300.000000,300.000000,3.000000,150.000000,250.000000,6.000000,512,10000.000000,200.000000,164,22,67,0,456,0,13.414634,0.476960,3.142600,1.000000,-1.000000,1,0.903259,2.903534,14.244000
s3_area,adaptive,20,50,5,300.000000,300.000000,3.000000,150.000000,250.000000,6.000000,512,10000.000000,200.000000,164,89,362,27,905,5,54.268293,0.901120,0.648124,0.089888,-1.000000,1,0.993377,0.759322,57.130000
s3_area,vbf,2,50,5,300.000000,300.000000,3.000000,150.000000,250.000000,6.000000,512,10000.000000,200.000000,164,11,70,0,396,0,6.707317,0.238480,1.941666,1.000000,-1.000000,1,0.890553,2.822523,12.148000
s3_area,vbf,4,50,5,300.000000,300.000000,3.000000,150.000000,250.000000,6.000000,512,10000.000000,200.000000,163,21,77,0,457,0,12.883436,0.455280,2.890758,1.000000,-1.000000,1,0.924011,2.210437,13.970000
s3_area,vbf,3,50,5,300.000000,300.000000,3.000000,150.000000,250.000000,6.000000,512,10000.000000,200.000000,165,17,73,0,429,0,10.303030,0.368560,3.316660,1.000000,-1.000000,1,0.907878,2.640593,13.640000
s3_area,vbf,5,50,5,300.000000,300.000000,3.000000,150.000000,250.000000,6.000000,512,10000.000000,200.000000,165,18,74,0,463,0,10.909091,0.390240,2.926094,1.000000,-1.000000,1,0.927635,2.086293,13.874000
s3_area,vbf,6,50,5,300.000000,300.000000,3.000000,150.000000,250.000000,6.000000,512,10000.000000,200.000000,165,15,75,0,444,0,9.090909,0.325200,3.025354,1.000000,-1.000000,1,0.899491,2.754557,12.978000
s3_area,vbf,7,50,5,300.000000,300.000000,3.000000,150.000000,250.000000,6.000000,512,10000.000000,200.000000,165,16,74,0,458,0,9.696970,0.346880,2.789916,1.000000,-1.000000,1,0.916756,2.338497,13.436000
s3_area,vbf,8,50,5,300.000000,300.000000,3.000000,150.000000,250.000000,6.000000,512,10000.000000,200.000000,164,16,65,0,359,0,9.756098,0.346880,2.475000,1.000000,-1.000000,1,0.912383,2.191287,11.932000
s3_area,vbf,9,50,5,300.000000,300.000000,3.000000,150.000000,250.000000,6.000000,512,10000.000000,200.000000,163,12,68,0,393,0,7.361963,0.260160,2.633919,1.000000,-1.000000,1,0.883454,3.039237,12.232000
s3_area,vbf,10,50,5,300.000000,300.000000,3.000000,150.000000,250.000000,6.000000,512,10000.000000,200.000000,165,22,60,0,488,0,13.333333,0.476960,3.350451,1.000000,-1.000000,1,0.949647,1.421208,13.748000
s3_area,vbf,11,50,5,300.000000,300.000000,3.000000,150.000000,250.000000,6.000000,512,10000.000000,200.000000,165,18,69,0,396,0,10.909091,0.390240,2.576368,1.000000,-1.000000,1,0.911536,2.359725,12.720000
s3_area,vbf,12,50,5,300.000000,300.000000,3.000000,150.000000,250.000000,6.000000,512,10000.000000,200.000000,165,20,62,0,405,0,12.121212,0.433600,2.839026,1.000000,-1.000000,1,0.864598,3.715513,12.724000
s3_area,vbf,13,50,5,300.000000,300.000000,3.000000,150.000000,250.000000,6.000000,512,10000.000000,200.000000,165,20,64,0,416,0,12.121212,0.433600,3.208665,1.000000,-1.000000,1,0.928921,1.983117,13.436000
s3_area,vbf,14,50,5,300.000000,300.000000,3.000000,150.000000,250.000000,6.000000,512,10000.000000,200.000000,165,25,53,0,383,0,15.151515,0.542000,3.815709,1.000000,-1.000000,1,0.894365,2.670634,11.936000
s3_area,vbf,15,50,5,300.000000,300.000000,3.000000,150.000000,250.000000,6.000000,512,10000.000000,200.000000,164,15,82,0,412,0,9.146341,0.325200,2.534523,1.000000,-1.000000,1,0.915061,2.521026,14.182000
s3_area,vbf,16,50,5,300.000000,300.000000,3.000000,150.000000,250.000000,6.000000,512,10000.000000,200.000000,165,17,59,0,410,0,10.303030,0.368560,2.517138,1.000000,-1.000000,1,0.935268,1.682328,12.560000
s3_area,vbf,17,50,5,300.000000,300.000000,3.000000,150.000000,250.000000,6.000000,512,10000.000000,200.000000,163,19,73,0,345,0,11.656442,0.411920,3.261870,1.000000,-1.000000,1,0.843780,4.364679,12.786000
s3_area,vbf,18,50,5,300.000000,300.000000,3.000000,150.000000,250.000000,6.000000,512,10000.000000,200.000000,165,17,74,0,461,0,10.303030,0.368560,3.204912,1.000000,-1.000000,1,0.904338,2.760566,13.704000
s3_area,vbf,19,50,5,300.000000,300.000000,3.000000,150.000000,250.000000,6.000000,512,10000.000000,200.000000,165,14,67,0,449,0,8.484848,0.303520,3.328086,1.000000,-1.000000,1,0.889212,3.077350,13.074000
s3_area,vbf,20,50,5,300.000000,300.000000,3.000000,150.000000,250.000000,6.000000,512,10000.000000,200.000000,164,16,64,0,449,0,9.756098,0.346880,3.066760,1.000000,-1.000000,1,0.923674,2.010504,12.648000
s3_area,hhvbf,1,50,5,300.000000,300.000000,3.000000,150.000000,250.000000,6.000000,512,10000.000000,200.000000,164,17,67,0,434,0,10.365854,0.368560,2.768103,1.000000,-1.000000,1,0.898152,2.861902,13.296000
s3_area,hhvbf,2,50,5,300.000000,300.000000,3.000000,150.000000,250.000000,6.000000,512,10000.000000,200.000000,164,14,67,0,381,0,8.536585,0.303520,2.648725,1.000000,-1.000000,1,0.899354,2.528991,11.898000
s3_area,hhvbf,3,50,5,300.000000,300.000000,3.000000,150.000000,250.000000,6.000000,512,10000.000000,200.000000,165,16,67,0,443,0,9.696970,0.346880,2.300728,1.000000,-1.000000,1,0.911451,2.472057,13.312000
s3_area,hhvbf,4,50,5,300.000000,300.000000,3.000000,150.000000,250.000000,6.000000,512,10000.000000,200.000000,163,20,73,0,435,0,12.269939,0.433600,2.841033,1.000000,-1.000000,1,0.898583,2.768933,12.922000
s3_area,hhvbf,5,50,5,300.000000,300.000000,3.000000,150.000000,250.000000,6.000000,512,10000.000000,200.000000,165,21,62,0,439,0,12.727273,0.455280,3.296782,1.000000,-1.000000,1,0.928082,1.928873,12.910000
s3_area,hhvbf,6,50,5,300.000000,300.000000,3.000000,150.000000,250.000000,6.000000,512,10000.000000,200.000000,165,21,74,0,414,0,12.727273,0.455280,3.023363,1.000000,-1.000000,1,0.904342,2.673428,13.272000
s3_area,hhvbf,7,50,5,300.000000,300.000000,3.000000,150.000000,250.000000,6.000000,512,10000.000000,200.000000,165,18,70,0,439,0,10.909091,0.390240,3.134516,1.000000,-1.000000,1,0.921067,2.181360,13.250000
s3_area,hhvbf,9,50,5,300.000000,300.000000,3.000000,150.000000,250.000000,6.000000,512,10000.000000,200.000000,163,15,68,0,388,0,9.202454,0.325200,2.828404,1.000000,-1.000000,1,0.874396,3.403333,12.640000
s3_area,hhvbf,8,50,5,300.000000,300.000000,3.000000,150.000000,250.000000,6.000000,512,10000.000000,200.000000,164,19,61,0,378,0,11.585366,0.411920,2.926530,1.000000,-1.000000,1,0.906448,2.389838,12.146000
s3_area,hhvbf,10,50,5,300.000000,300.000000,3.000000,150.000000,250.000000,6.000000,512,10000.000000,200.000000,165,20,60,0,500,0,12.121212,0.433600,2.795673,1.000000,-1.000000,1,0.946660,1.505331,13.724000
s3_area,hhvbf,11,50,5,300.000000,300.000000,3.000000,150.000000,250.000000,6.000000,512,10000.000000,200.000000,165,18,73,0,392,0,10.909091,0.390240,2.730683,1.000000,-1.000000,1,0.900961,2.731173,13.070000
s3_area,hhvbf,13,50,5,300.000000,300.000000,3.000000,150.000000,250.000000,6.000000,512,10000.000000,200.000000,165,17,62,0,409,0,10.303030,0.368560,2.850424,1.000000,-1.000000,1,0.907941,2.439032,12.608000
s3_area,hhvbf,12,50,5,300.000000,300.000000,3.000000,150.000000,250.000000,6.000000,512,10000.000000,200.000000,165,24,70,0,418,0,14.545455,0.520320,3.267193,1.000000,-1.000000,1,0.905703,2.757524,13.898000
s3_area,hhvbf,14,50,5,300.000000,300.000000,3.000000,150.000000,250.000000,6.000000,512,10000.000000,200.000000,165,21,62,0,363,0,12.727273,0.455280,4.143158,1.000000,-1.000000,1,0.910480,2.291291,12.198000
s3_area,hhvbf,15,50,5,300.000000,300.000000,3.000000,150.000000,250.000000,6.000000,512,10000.000000,200.000000,164,18,76,0,390,0,10.975610,0.390240,2.693548,1.000000,-1.000000,1,0.906913,2.639589,13.486000
s3_area,hhvbf,16,50,5,300.000000,300.000000,3.000000,150.000000,250.000000,6.000000,512,10000.000000,200.000000,165,19,66,0,434,0,11.515152,0.411920,2.577192,1.000000,-1.000000,1,0.947112,1.443913,13.280000
s3_area,hhvbf,17,50,5,300.000000,300.000000,3.000000,150.000000,250.000000,6.000000,512,10000.000000,200.000000,163,18,77,0,372,0,11.042945,0.390240,2.918856,1.000000,-1.000000,1,0.867609,3.791424,13.304000
s3_area,hhvbf,18,50,5,300.000000,300.000000,3.000000,150.000000,250.000000,6.000000,512,10000.000000,200.000000,165,25,70,0,489,0,15.151515,0.542000,3.743886,1.000000,-1.000000,1,0.895894,3.007669,13.652000
s3_area,hhvbf,19,50,5,300.000000,300.000000,3.000000,150.000000,250.000000,6.000000,512,10000.000000,200.000000,165,17,70,0,417,0,10.303030,0.368560,3.174569,1.000000,-1.000000,1,0.893783,2.929332,13.016000
s3_area,hhvbf,20,50,5,300.000000,300.000000,3.000000,150.000000,250.000000,6.000000,512,10000.000000,200.000000,164,11,67,0,428,0,6.707317,0.238480,2.835890,1.000000,-1.000000,1,0.914548,2.226080,12.444000
s3_area,dbr,2,50,5,300.000000,300.000000,3.000000,150.000000,250.000000,6.000000,512,10000.000000,200.000000,164,11,138,0,205,0,6.707317,0.020680,7.958779,0.727273,-1.000000,1,0.944280,1.949235,16.990000
s3_area,dbr,1,50,5,300.000000,300.000000,3.000000,150.000000,250.000000,6.000000,512,10000.000000,200.000000,164,7,136,0,207,0,4.268293,0.013160,10.773060,0.285714,-1.000000,1,0.928778,2.276865,15.394000
s3_area,dbr,3,50,5,300.000000,300.000000,3.000000,150.000000,250.000000,6.000000,512,10000.000000,200.000000,165,12,141,0,208,0,7.272727,0.022560,10.415718,0.750000,-1.000000,1,0.929531,2.462190,16.832000
s3_area,dbr,4,50,5,300.000000,300.000000,3.000000,150.000000,250.000000,6.000000,512,10000.000000,200.000000,163,9,121,0,201,0,5.521472,0.016920,8.548201,0.666667,-1.000000,1,0.941771,1.963438,16.354000
s3_area,dbr,5,50,5,300.000000,300.000000,3.000000,150.000000,250.000000,6.000000,512,10000.000000,200.000000,165,9,136,0,206,0,5.454545,0.016920,13.215908,0.777778,-1.000000,1,0.932515,2.331632,16.672000
s3_area,dbr,6,50,5,300.000000,300.000000,3.000000,150.000000,250.000000,6.000000,512,10000.000000,200.000000,165,6,119,0,206,0,3.636364,0.011280,8.459884,0.500000,-1.000000,1,0.925987,2.418743,15.712000
s3_area,dbr,8,50,5,300.000000,300.000000,3.000000,150.000000,250.000000,6.000000,512,10000.000000,200.000000,164,10,148,0,201,0,6.097561,0.018800,8.112797,0.600000,-1.000000,1,0.936389,2.139144,16.262000
s3_area,dbr,7,50,5,300.000000,300.000000,3.000000,150.000000,250.000000,6.000000,512,10000.000000,200.000000,165,11,143,0,203,0,6.666667,0.020680,12.517516,0.727273,-1.000000,1,0.941401,2.086029,17.262000
s3_area,dbr,9,50,5,300.000000,300.000000,3.000000,150.000000,250.000000,6.000000,512,10000.000000,200.000000,163,9,141,0,205,0,5.521472,0.016920,9.040048,0.444444,-1.000000,1,0.935741,2.182206,16.416000
s3_area,dbr,10,50,5,300.000000,300.000000,3.000000,150.000000,250.000000,6.000000,512,10000.000000,200.000000,165,11,101,0,209,0,6.666667,0.020680,11.805776,0.909091,-1.000000,1,0.933270,2.202290,15.932000
s3_area,dbr,11,50,5,300.000000,300.000000,3.000000,150.000000,250.000000,6.000000,512,10000.000000,200.000000,165,10,147,0,209,0,6.060606,0.018800,7.944541,0.600000,-1.000000,1,0.936662,2.217413,16.932000
s3_area,dbr,12,50,5,300.000000,300.000000,3.000000,150.000000,250.000000,6.000000,512,10000.000000,200.000000,165,9,139,0,205,0,5.454545,0.016920,13.765168,0.555556,-1.000000,1,0.938141,2.121681,16.602000
s3_area,dbr,13,50,5,300.000000,300.000000,3.000000,150.000000,250.000000,6.000000,512,10000.000000,200.000000,165,6,94,0,206,0,3.636364,0.011280,38.574661,0.666667,-1.000000,1,0.936626,2.034209,15.524000
s3_area,dbr,14,50,5,300.000000,300.000000,3.000000,150.000000,250.000000,6.000000,512,10000.000000,200.000000,165,8,106,0,206,0,4.848485,0.015040,20.064804,1.125000,-1.000000,1,0.926327,2.406248,15.706000
s3_area,dbr,16,50,5,300.000000,300.000000,3.000000,150.000000,250.000000,6.000000,512,10000.000000,200.000000,165,11,127,0,206,0,6.666667,0.020680,16.035799,0.727273,-1.000000,1,0.923629,2.546832,16.012000
s3_area,dbr,15,50,5,300.000000,300.000000,3.000000,150.000000,250.000000,6.000000,512,10000.000000,200.000000,164,12,156,0,204,0,7.317073,0.022560,7.672630,0.583333,-1.000000,1,0.943357,2.039922,17.482000
s3_area,dbr,17,50,5,300.000000,300.000000,3.000000,150.000000,250.000000,6.000000,512,10000.000000,200.000000,163,10,145,0,206,0,6.134969,0.018800,9.240530,0.600000,-1.000000,1,0.924826,2.517721,16.092000
s3_area,dbr,18,50,5,300.000000,300.000000,3.000000,150.000000,250.000000,6.000000,512,10000.000000,200.000000,165,10,121,0,204,0,6.060606,0.018800,22.353847,0.800000,-1.000000,1,0.933465,2.197559,15.946000
s3_area,dbr,19,50,5,300.000000,300.000000,3.000000,150.000000,250.000000,6.000000,512,10000.000000,200.000000,165,6,136,0,205,0,3.636364,0.011280,21.997370,0.166667,-1.000000,1,0.920407,2.723211,16.398000
s3_area,dbr,20,50,5,300.000000,300.000000,3.000000,150.000000,250.000000,6.000000,512,10000.000000,200.000000,164,8,134,0,210,0,4.878049,0.015040,10.677320,0.500000,-1.000000,1,0.934739,2.279570,16.876000
s3_area,adaptive,2,50,5,400.000000,400.000000,3.000000,150.000000,250.000000,6.000000,512,10000.000000,200.000000,164,84,342,27,933,10,51.219512,0.798720,0.684295,0.142857,-1.000000,1,0.987418,1.276301,50.400000
s3_area,adaptive,1,50,5,400.000000,400.000000,3.000000,150.000000,250.000000,6.000000,512,10000.000000,200.000000,164,88,265,26,963,41,53.658537,0.919040,0.852924,0.227273,-1.000000,1,0.983710,1.540750,46.904000
s3_area,adaptive,3,50,5,400.000000,400.000000,3.000000,150.000000,250.000000,6.000000,512,10000.000000,200.000000,165,99,241,7,957,43,60.000000,1.240320,0.982367,0.282828,-1.000000,1,0.979389,1.755371,42.140000
s3_area,adaptive,6,50,5,400.000000,400.000000,3.000000,150.000000,250.000000,6.000000,512,10000.000000,200.000000,165,90,302,23,999,9,54.545455,1.152000,1.003991,0.266667,-1.000000,1,0.983215,1.559411,46.058000
s3_area,adaptive,4,50,5,400.000000,400.000000,3.000000,150.000000,250.000000,6.000000,512,10000.000000,200.000000,163,89,286,16,958,24,54.601227,1.035520,0.809887,0.179775,-1.000000,1,0.986359,1.329284,48.390000
s3_area,adaptive,5,50,5,400.000000,400.000000,3.000000,150.000000,250.000000,6.000000,512,10000.000000,200.000000,165,92,277,13,970,19,55.757576,1.154560,1.183944,0.456522,-1.000000,1,0.978826,1.985758,46.390000
s3_area,adaptive,8,50,5,400.000000,400.000000,3.000000,150.000000,250.000000,6.000000,512,10000.000000,200.000000,164,88,256,17,959,58,53.658537,0.919040,0.837968,0.215909,-1.000000,1,0.983168,1.511635,44.522000
s3_area,adaptive,7,50,5,400.000000,400.000000,3.000000,150.000000,250.000000,6.000000,512,10000.000000,200.000000,165,88,247,25,924,10,53.333333,0.919040,0.980119,0.318182,-1.000000,1,0.981749,1.693007,45.954000
s3_area,adaptive,9,50,5,400.000000,400.000000,3.000000,150.000000,250.000000,6.000000,512,10000.000000,200.000000,163,98,251,37,966,20,60.122699,1.219840,1.071241,0.336735,-1.000000,1,0.985551,1.281023,44.008000
s3_area,adaptive,11,50,5,400.000000,400.000000,3.000000,150.000000,250.000000,6.000000,512,10000.000000,200.000000,165,92,251,37,939,48,55.757576,1.000960,0.734464,0.130435,-1.000000,1,0.981238,1.813664,47.876000
s3_area,adaptive,10,50,5,400.000000,400.000000,3.000000,150.000000,250.000000,6.000000,512,10000.000000,200.000000,165,81,265,36,980,22,49.090909,0.910080,0.848185,0.197531,-1.000000,1,0.988655,1.035874,45.394000
s3_area,adaptive,12,50,5,400.000000,400.000000,3.000000,150.000000,250.000000,6.000000,512,10000.000000,200.000000,165,87,354,32,977,40,52.727273,0.879360,0.735796,0.149425,-1.000000,1,0.983413,1.617339,48.346000
s3_area,adaptive,13,50,5,400.000000,400.000000,3.000000,150.000000,250.000000,6.000000,512,10000.000000,200.000000,165,90,226,35,979,13,54.545455,1.209600,1.029436,0.311111,-1.000000,1,0.982961,1.622858,47.214000
s3_area,adaptive,14,50,5,400.000000,400.000000,3.000000,150.000000,250.000000,6.000000,512,10000.000000,200.000000,165,76,315,19,1008,35,46.060606,0.865280,1.053181,0.342105,-1.000000,1,0.983450,1.579699,47.326000
s3_area,adaptive,15,50,5,400.000000,400.000000,3.000000,150.000000,250.000000,6.000000,512,10000.000000,200.000000,164,99,263,19,944,14,60.365854,1.125120,0.771080,0.141414,-1.000000,1,0.980643,1.683500,43.060000
s3_area,adaptive,16,50,5,400.000000,400.000000,3.000000,150.000000,250.000000,6.000000,512,10000.000000,200.000000,165,82,307,1,992,8,49.696970,0.911360,1.290625,0.524390,-1.000000,1,0.987157,1.174561,45.432000
s3_area,adaptive,17,50,5,400.000000,400.000000,3.000000,150.000000,250.000000,6.000000,512,10000.000000,200.000000,163,81,307,31,993,22,49.693252,0.756480,0.749760,0.185185,-1.000000,1,0.983404,1.537069,45.920000
s3_area,adaptive,18,50,5,400.000000,400.000000,3.000000,150.000000,250.000000,6.000000,512,10000.000000,200.000000,165,89,273,0,991,0,53.939394,1.093120,1.145306,0.415730,-1.000000,1,0.980080,1.836141,45.624000
s3_area,adaptive,19,50,5,400.000000,400.000000,3.000000,150.000000,250.000000,6.000000,512,10000.000000,200.000000,165,77,328,0,971,6,46.666667,0.828160,0.961612,0.311688,-1.000000,1,0.980445,1.905600,48.242000
s3_area,vbf,1,50,5,400.000000,400.000000,3.000000,150.000000,250.000000,6.000000,512,10000.000000,200.000000,164,19,82,0,376,0,11.585366,0.411920,3.220972,1.000000,-1.000000,1,0.880735,3.284343,12.896000
s3_area,adaptive,20,50,5,400.000000,400.000000,3.000000,150.000000,250.000000,6.000000,512,10000.000000,200.000000,164,94,252,28,967,7,57.317073,1.118720,0.952736,0.255319,-1.000000,1,0.981482,1.774950,47.478000
s3_area,vbf,3,50,5,400.000000,400.000000,3.000000,150.000000,250.000000,6.000000,512,10000.000000,200.000000,165,16,66,0,410,0,9.696970,0.346880,3.137104,1.000000,-1.000000,1,0.880510,3.233850,12.672000
s3_area,vbf,2,50,5,400.000000,400.000000,3.000000,150.000000,250.000000,6.000000,512,10000.000000,200.000000,164,22,54,0,383,0,13.414634,0.476960,3.118336,1.000000,-1.000000,1,0.906743,2.390530,12.190000
s3_area,vbf,4,50,5,400.000000,400.000000,3.000000,150.000000,250.000000,6.000000,512,10000.000000,200.000000,163,22,75,0,396,0,13.496933,0.476960,3.023114,1.000000,-1.000000,1,0.896486,2.734635,12.488000
s3_area,vbf,6,50,5,400.000000,400.000000,3.000000,150.000000,250.000000,6.000000,512,10000.000000,200.000000,165,19,59,0,425,0,11.515152,0.411920,3.416432,1.000000,-1.000000,1,0.910714,2.374529,12.676000
s3_area,vbf,5,50,5,400.000000,400.000000,3.000000,150.000000,250.000000,6.000000,512,10000.000000,200.000000,165,25,52,0,447,0,15.151515,0.542000,3.989363,1.000000,-1.000000,1,0.907987,2.533274,13.102000
s3_area,vbf,7,50,5,400.000000,400.000000,3.000000,150.000000,250.000000,6.000000,512,10000.000000,200.000000,165,18,58,0,348,0,10.909091,0.390240,2.845138,1.000000,-1.000000,1,0.888117,2.724925,11.456000
s3_area,vbf,8,50,5,400.000000,400.000000,3.000000,150.000000,250.000000,6.000000,512,10000.000000,200.000000,164,15,52,0,380,0,9.146341,0.325200,2.746075,1.000000,-1.000000,1,0.872308,3.105827,11.332000
s3_area,vbf,9,50,5,400.000000,400.000000,3.000000,150.000000,250.000000,6.000000,512,10000.000000,200.000000,163,20,60,0,419,0,12.269939,0.433600,2.903483,1.000000,-1.000000,1,0.863647,3.768550,12.808000
s3_area,vbf,10,50,5,400.000000,400.000000,3.000000,150.000000,250.000000,6.000000,512,10000.000000,200.000000,165,23,70,0,493,0,13.939394,0.498640,3.134038,1.000000,-1.000000,1,0.913480,2.348797,12.960000
s3_area,vbf,11,50,5,400.000000,400.000000,3.000000,150.000000,250.000000,6.000000,512,10000.000000,200.000000,165,19,71,0,369,0,11.515152,0.411920,2.776773,1.000000,-1.000000,1,0.866782,3.546221,12.360000
s3_area,vbf,12,50,5,400.000000,400.000000,3.000000,150.000000,250.000000,6.000000,512,10000.000000,200.000000,165,19,63,0,372,0,11.515152,0.411920,3.518279,1.000000,-1.000000,1,0.862191,3.633052,12.206000
s3_area,vbf,14,50,5,400.000000,400.000000,3.000000,150.000000,250.000000,6.000000,512,10000.000000,200.000000,165,21,65,0,430,0,12.727273,0.455280,3.667523,1.000000,-1.000000,1,0.873052,3.521015,12.928000
s3_area,vbf,13,50,5,400.000000,400.000000,3.000000,150.000000,250.000000,6.000000,512,10000.000000,200.000000,165,20,77,0,445,0,12.121212,0.433600,4.122194,1.000000,-1.000000,1,0.906653,2.668975,13.596000
s3_area,vbf,15,50,5,400.000000,400.000000,3.000000,150.000000,250.000000,6.000000,512,10000.000000,200.000000,164,18,78,0,364,0,10.975610,0.390240,2.622181,1.000000,-1.000000,1,0.874876,3.500870,13.056000
s3_area,vbf,16,50,5,400.000000,400.000000,3.000000,150.000000,250.000000,6.000000,512,10000.000000,200.000000,165,23,59,0,450,0,13.939394,0.498640,3.529323,1.000000,-1.000000,1,0.907893,2.557295,13.212000
s3_area,vbf,17,50,5,400.000000,400.000000,3.000000,150.000000,250.000000,6.000000,512,10000.000000,200.000000,163,22,75,0,394,0,13.496933,0.476960,4.090340,1.000000,-1.000000,1,0.813636,5.401210,13.002000
s3_area,vbf,18,50,5,400.000000,400.000000,3.000000,150.000000,250.000000,6.000000,512,10000.000000,200.000000,165,16,57,0,436,0,9.696970,0.346880,3.669041,1.000000,-1.000000,1,0.863727,3.563840,12.120000
s3_area,vbf,20,50,5,400.000000,400.000000,3.000000,150.000000,250.000000,6.000000,512,10000.000000,200.000000,164,22,75,0,411,0,13.414634,0.476960,3.447598,1.000000,-1.000000,1,0.911519,2.501602,13.482000
s3_area,vbf,19,50,5,400.000000,400.000000,3.000000,150.000000,250.000000,6.000000,512,10000.000000,200.000000,165,22,61,0,371,0,13.333333,0.476960,3.359538,1.000000,-1.000000,1,0.829889,4.350302,11.598000
s3_area,hhvbf,1,50,5,400.000000,400.000000,3.000000,150.000000,250.000000,6.000000,512,10000.000000,200.000000,164,18,79,0,376,0,10.975610,0.390240,3.010345,1.000000,-1.000000,1,0.880755,3.262381,12.812000
s3_area,hhvbf,2,50,5,400.000000,400.000000,3.000000,150.000000,250.000000,6.000000,512,10000.000000,200.000000,164,21,56,0,362,0,12.804878,0.455280,3.172714,1.000000,-1.000000,1,0.906612,2.366557,12.050000
s3_area,hhvbf,3,50,5,400.000000,400.000000,3.000000,150.000000,250.000000,6.000000,512,10000.000000,200.000000,165,18,66,0,400,0,10.909091,0.390240,2.848404,1.000000,-1.000000,1,0.877440,3.351937,12.782000
s3_area,hhvbf,4,50,5,400.000000,400.000000,3.000000,150.000000,250.000000,6.000000,512,10000.000000,200.000000,163,19,82,0,405,0,11.656442,0.411920,3.222663,1.000000,-1.000000,1,0.896061,2.820871,12.826000
s3_area,hhvbf,5,50,5,400.000000,400.000000,3.000000,150.000000,250.000000,6.000000,512,10000.000000,200.000000,165,20,58,0,442,0,12.121212,0.433600,3.921615,1.000000,-1.000000,1,0.910331,2.400691,12.758000
s3_area,hhvbf,6,50,5,400.000000,400.000000,3.000000,150.000000,250.000000,6.000000,512,10000.000000,200.000000,165,16,57,0,418,0,9.696970,0.346880,3.842929,1.000000,-1.000000,1,0.892536,2.785456,12.224000
s3_area,hhvbf,7,50,5,400.000000,400.000000,3.000000,150.000000,250.000000,6.000000,512,10000.000000,200.000000,165,15,60,0,363,0,9.090909,0.325200,2.665015,1.000000,-1.000000,1,0.889019,2.705291,11.472000
s3_area,hhvbf,8,50,5,400.000000,400.000000,3.000000,150.000000,250.000000,6.000000,512,10000.000000,200.000000,164,27,48,0,401,0,16.463415,0.585360,3.455622,1.000000,-1.000000,1,0.907989,2.395161,12.388000
s3_area,hhvbf,9,50,5,400.000000,400.000000,3.000000,150.000000,250.000000,6.000000,512,10000.000000,200.000000,163,21,65,0,396,0,12.883436,0.455280,3.007703,1.000000,-1.000000,1,0.851816,3.969475,12.322000
s3_area,hhvbf,10,50,5,400.000000,400.000000,3.000000,150.000000,250.000000,6.000000,512,10000.000000,200.000000,165,28,69,0,470,0,16.969697,0.607040,3.917568,1.000000,-1.000000,1,0.923003,2.013881,12.554000
s3_area,hhvbf,11,50,5,400.000000,400.000000,3.000000,150.000000,250.000000,6.000000,512,10000.000000,200.000000,165,17,75,0,352,0,10.303030,0.368560,2.645805,1.000000,-1.000000,1,0.870666,3.405132,12.254000
s3_area,hhvbf,12,50,5,400.000000,400.000000,3.000000,150.000000,250.000000,6.000000,512,10000.000000,200.000000,165,22,62,0,385,0,13.333333,0.476960,3.295879,1.000000,-1.000000,1,0.884410,3.050995,12.388000
s3_area,hhvbf,13,50,5,400.000000,400.000000,3.000000,150.000000,250.000000,6.000000,512,10000.000000,200.000000,165,19,78,0,451,0,11.515152,0.411920,3.874445,1.000000,-1.000000,1,0.887603,3.234985,13.534000
s3_area,hhvbf,14,50,5,400.000000,400.000000,3.000000,150.000000,250.000000,6.000000,512,10000.000000,200.000000,165,19,66,0,438,0,11.515152,0.411920,3.692425,1.000000,-1.000000,1,0.893787,2.890964,12.846000
s3_area,hhvbf,15,50,5,400.000000,400.000000,3.000000,150.000000,250.000000,6.000000,512,10000.000000,200.000000,164,20,89,0,377,0,12.195122,0.433600,2.999436,1.000000,-1.000000,1,0.866442,3.776385,13.126000
s3_area,hhvbf,17,50,5,400.000000,400.000000,3.000000,150.000000,250.000000,6.000000,512,10000.000000,200.000000,163,25,65,0,391,0,15.337423,0.542000,3.593088,1.000000,-1.000000,1,0.806637,5.468900,12.628000
s3_area,hhvbf,16,50,5,400.000000,400.000000,3.000000,150.000000,250.000000,6.000000,512,10000.000000,200.000000,165,21,65,0,471,0,12.727273,0.455280,3.919608,1.000000,-1.000000,1,0.906333,2.612396,13.260000
s3_area,hhvbf,18,50,5,400.000000,400.000000,3.000000,150.000000,250.000000,6.000000,512,10000.000000,200.000000,165,19,61,0,433,0,11.515152,0.411920,4.517340,1.000000,-1.000000,1,0.887399,2.951962,12.326000
s3_area,hhvbf,19,50,5,400.000000,400.000000,3.000000,150.000000,250.000000,6.000000,512,10000.000000,200.000000,165,20,51,0,379,0,12.121212,0.433600,3.128488,1.000000,-1.000000,1,0.834569,4.217672,11.598000
s3_area,dbr,1,50,5,400.000000,400.000000,3.000000,150.000000,250.000000,6.000000,512,10000.000000,200.000000,164,11,102,0,211,0,6.707317,0.020680,12.452170,0.727273,-1.000000,1,0.882500,3.272410,13.056000
s3_area,hhvbf,20,50,5,400.000000,400.000000,3.000000,150.000000,250.000000,6.000000,512,10000.000000,200.000000,164,23,69,0,395,0,14.024390,0.498640,3.261246,1.000000,-1.000000,1,0.883262,3.226808,12.964000
s3_area,dbr,2,50,5,400.000000,400.000000,3.000000,150.000000,250.000000,6.000000,512,10000.000000,200.000000,164,12,140,0,209,0,7.317073,0.022560,9.537300,1.333333,-1.000000,1,0.916566,2.489249,14.268000
s3_area,dbr,3,50,5,400.000000,400.000000,3.000000,150.000000,250.000000,6.000000,512,10000.000000,200.000000,165,9,115,0,212,0,5.454545,0.016920,30.538933,0.666667,-1.000000,1,0.845206,4.607445,13.634000
s3_area,dbr,4,50,5,400.000000,400.000000,3.000000,150.000000,250.000000,6.000000,512,10000.000000,200.000000,163,12,114,0,206,0,7.361963,0.022560,7.960117,1.250000,-1.000000,1,0.885771,3.143447,12.926000
s3_area,dbr,5,50,5,400.000000,400.000000,3.000000,150.000000,250.000000,6.000000,512,10000.000000,200.000000,165,9,48,0,211,0,5.454545,0.016920,45.597014,0.888889,-1.000000,1,0.864436,3.864210,13.216000
s3_area,dbr,6,50,5,400.000000,400.000000,3.000000,150.000000,250.000000,6.000000,512,10000.000000,200.000000,165,8,94,0,205,0,4.848485,0.015040,7.834529,0.875000,-1.000000,1,0.863331,3.537900,11.994000
s3_area,dbr,8,50,5,400.000000,400.000000,3.000000,150.000000,250.000000,6.000000,512,10000.000000,200.000000,164,16,86,0,209,0,9.756098,0.030080,14.821488,1.062500,-1.000000,1,0.894450,2.796228,12.508000
s3_area,dbr,7,50,5,400.000000,400.000000,3.000000,150.000000,250.000000,6.000000,512,10000.000000,200.000000,165,10,89,0,207,0,6.060606,0.018800,45.505610,0.600000,-1.000000,1,0.875133,3.954939,14.782000
s3_area,dbr,10,50,5,400.000000,400.000000,3.000000,150.000000,250.000000,6.000000,512,10000.000000,200.000000,165,7,71,0,210,0,4.242424,0.013160,25.834610,1.142857,-1.000000,1,0.835921,4.039697,11.210000
s3_area,dbr,9,50,5,400.000000,400.000000,3.000000,150.000000,250.000000,6.000000,512,10000.000000,200.000000,163,11,102,0,208,0,6.748466,0.020680,15.049606,0.727273,-1.000000,1,0.876860,3.377959,12.816000
s3_area,dbr,11,50,5,400.000000,400.000000,3.000000,150.000000,250.000000,6.000000,512,10000.000000,200.000000,165,12,135,0,207,0,7.272727,0.022560,10.629549,1.250000,-1.000000,1,0.904660,2.790906,13.904000
s3_area,dbr,13,50,5,400.000000,400.000000,3.000000,150.000000,250.000000,6.000000,512,10000.000000,200.000000,165,7,87,0,213,0,4.242424,0.013160,12.193051,0.714286,-1.000000,1,0.896655,2.660382,12.170000
s3_area,dbr,12,50,5,400.000000,400.000000,3.000000,150.000000,250.000000,6.000000,512,10000.000000,200.000000,165,12,108,0,213,0,7.272727,0.022560,12.756935,1.583333,-1.000000,1,0.890240,3.208655,13.768000
s3_area,dbr,14,50,5,400.000000,400.000000,3.000000,150.000000,250.000000,6.000000,512,10000.000000,200.000000,165,8,43,0,210,0,4.848485,0.015040,29.126856,0.750000,-1.000000,1,0.852217,3.707201,11.542000
s3_area,dbr,15,50,5,400.000000,400.000000,3.000000,150.000000,250.000000,6.000000,512,10000.000000,200.000000,164,11,144,0,207,0,6.707317,0.020680,8.573432,1.000000,-1.000000,1,0.890600,3.277809,14.114000
s3_area,dbr,16,50,5,400.000000,400.000000,3.000000,150.000000,250.000000,6.000000,512,10000.000000,200.000000,165,11,50,0,212,0,6.666667,0.020680,24.469550,1.181818,-1.000000,1,0.818247,5.029901,12.454000
s3_area,dbr,17,50,5,400.000000,400.000000,3.000000,150.000000,250.000000,6.000000,512,10000.000000,200.000000,163,11,122,0,209,0,6.748466,0.020680,20.737489,0.818182,-1.000000,1,0.842742,4.035552,11.736000
s3_area,dbr,18,50,5,400.000000,400.000000,3.000000,150.000000,250.000000,6.000000,512,10000.000000,200.000000,165,8,72,0,211,0,4.848485,0.015040,48.194508,1.125000,-1.000000,1,0.859189,3.696015,12.130000
s3_area,dbr,19,50,5,400.000000,400.000000,3.000000,150.000000,250.000000,6.000000,512,10000.000000,200.000000,165,7,83,0,207,0,4.242424,0.013160,40.549032,1.000000,-1.000000,1,0.763524,6.781521,12.416000
s3_area,dbr,20,50,5,400.000000,400.000000,3.000000,150.000000,250.000000,6.000000,512,10000.000000,200.000000,164,14,103,0,211,0,8.536585,0.026320,17.837555,1.071429,-1.000000,1,0.858133,4.131673,13.450000
s3_area,adaptive,3,50,5,500.000000,500.000000,3.000000,150.000000,250.000000,6.000000,512,10000.000000,200.000000,165,87,210,12,1048,41,52.727273,1.186560,1.135258,0.356322,-1.000000,1,0.964027,2.673828,36.484000
s3_area,adaptive,1,50,5,500.000000,500.000000,3.000000,150.000000,250.000000,6.000000,512,10000.000000,200.000000,164,96,187,9,1052,66,58.536585,1.390080,1.058349,0.260417,-1.000000,1,0.964606,2.933230,40.690000
s3_area,adaptive,2,50,5,500.000000,500.000000,3.000000,150.000000,250.000000,6.000000,512,10000.000000,200.000000,164,76,255,23,1037,19,46.341463,0.730880,0.874030,0.250000,-1.000000,1,0.983736,1.370019,41.772000
s3_area,adaptive,4,50,5,500.000000,500.000000,3.000000,150.000000,250.000000,6.000000,512,10000.000000,200.000000,163,68,219,16,1034,45,41.717791,0.739840,0.842252,0.235294,-1.000000,1,0.973185,2.227954,40.978000
s3_area,adaptive,5,50,5,500.000000,500.000000,3.000000,150.000000,250.000000,6.000000,512,10000.000000,200.000000,165,70,189,14,1064,58,42.424242,0.915200,1.387078,0.571429,-1.000000,1,0.960863,3.034318,37.992000
s3_area,adaptive,6,50,5,500.000000,500.000000,3.000000,150.000000,250.000000,6.000000,512,10000.000000,200.000000,165,78,224,2,1077,25,47.272727,1.098240,1.332189,0.487179,-1.000000,1,0.967565,2.552321,38.696000
s3_area,adaptive,7,50,5,500.000000,500.000000,3.000000,150.000000,250.000000,6.000000,512,10000.000000,200.000000,165,67,168,10,1009,33,40.606061,0.853760,1.403938,0.582090,-1.000000,1,0.969652,2.505887,40.650000
s3_area,adaptive,8,50,5,500.000000,500.000000,3.000000,150.000000,250.000000,6.000000,512,10000.000000,200.000000,164,71,245,17,1085,64,43.292683,0.743680,1.217965,0.521127,-1.000000,1,0.976112,1.927666,39.860000
s3_area,adaptive,9,50,5,500.000000,500.000000,3.000000,150.000000,250.000000,6.000000,512,10000.000000,200.000000,163,78,185,32,1094,26,47.852761,1.117440,1.535489,0.653846,-1.000000,1,0.977536,1.736960,38.222000
s3_area,adaptive,11,50,5,500.000000,500.000000,3.000000,150.000000,250.000000,6.000000,512,10000.000000,200.000000,165,104,155,41,1023,101,63.030303,1.419520,1.108187,0.346154,-1.000000,1,0.966304,2.765590,40.334000
s3_area,adaptive,10,50,5,500.000000,500.000000,3.000000,150.000000,250.000000,6.000000,512,10000.000000,200.000000,165,87,200,28,1104,28,52.727273,1.167360,1.441035,0.586207,-1.000000,1,0.979593,1.611448,39.076000
s3_area,adaptive,12,50,5,500.000000,500.000000,3.000000,150.000000,250.000000,6.000000,512,10000.000000,200.000000,165,94,271,22,1048,69,56.969697,1.099520,1.073892,0.351064,-1.000000,1,0.974161,2.191525,41.852000
s3_area,adaptive,15,50,5,500.000000,500.000000,3.000000,150.000000,250.000000,6.000000,512,10000.000000,200.000000,164,85,189,25,1047,55,51.829268,1.049600,0.919942,0.223529,-1.000000,1,0.972732,2.020436,36.536000
s3_area,adaptive,13,50,5,500.000000,500.000000,3.000000,150.000000,250.000000,6.000000,512,10000.000000,200.000000,165,89,187,26,1067,21,53.939394,1.361920,1.349852,0.494382,-1.000000,1,0.969511,2.498554,40.340000
s3_area,adaptive,14,50,5,500.000000,500.000000,3.000000,150.000000,250.000000,6.000000,512,10000.000000,200.000000,165,54,209,16,1098,44,32.727273,0.606720,1.550932,0.703704,-1.000000,1,0.975416,1.924851,38.662000
s3_area,adaptive,18,50,5,500.000000,500.000000,3.000000,150.000000,250.000000,6.000000,512,10000.000000,200.000000,165,79,236,0,1091,3,47.878788,1.061120,1.414603,0.569620,-1.000000,1,0.966401,2.678324,39.176000
s3_area,adaptive,17,50,5,500.000000,500.000000,3.000000,150.000000,250.000000,6.000000,512,10000.000000,200.000000,163,75,224,42,1076,32,46.012270,0.787200,1.048592,0.386667,-1.000000,1,0.966651,2.634860,38.834000
s3_area,adaptive,16,50,5,500.000000,500.000000,3.000000,150.000000,250.000000,6.000000,512,10000.000000,200.000000,165,68,253,2,1078,19,41.212121,0.778240,1.332825,0.544118,-1.000000,1,0.977361,1.802531,39.354000
s3_area,vbf,1,50,5,500.000000,500.000000,3.000000,150.000000,250.000000,6.000000,512,10000.000000,200.000000,164,17,94,0,404,0,10.365854,0.368560,3.087907,1.000000,-1.000000,1,0.836261,4.595606,12.782000
s3_area,adaptive,19,50,5,500.000000,500.000000,3.000000,150.000000,250.000000,6.000000,512,10000.000000,200.000000,165,66,292,1,1084,16,40.000000,0.814080,1.313306,0.515152,-1.000000,1,0.967366,2.767297,41.696000
s3_area,adaptive,20,50,5,500.000000,500.000000,3.000000,150.000000,250.000000,6.000000,512,10000.000000,200.000000,164,66,161,29,1037,38,40.243902,0.910080,1.122282,0.348485,-1.000000,1,0.962816,3.048727,40.218000
s3_area,vbf,2,50,5,500.000000,500.000000,3.000000,150.000000,250.000000,6.000000,512,10000.000000,200.000000,164,20,55,0,396,0,12.195122,0.433600,3.022361,1.000000,-1.000000,1,0.846429,3.995954,11.928000
s3_area,vbf,3,50,5,500.000000,500.000000,3.000000,150.000000,250.000000,6.000000,512,10000.000000,200.000000,165,22,57,0,393,0,13.333333,0.476960,3.997583,1.000000,-1.000000,1,0.812070,4.956732,11.820000
s3_area,vbf,4,50,5,500.000000,500.000000,3.000000,150.000000,250.000000,6.000000,512,10000.000000,200.000000,163,21,87,0,386,0,12.883436,0.455280,3.332326,1.000000,-1.000000,1,0.829574,4.688532,12.474000
s3_area,vbf,5,50,5,500.000000,500.000000,3.000000,150.000000,250.000000,6.000000,512,10000.000000,200.000000,165,20,54,0,450,0,12.121212,0.433600,4.374599,1.000000,-1.000000,1,0.869015,3.497742,12.416000
s3_area,vbf,6,50,5,500.000000,500.000000,3.000000,150.000000,250.000000,6.000000,512,10000.000000,200.000000,165,18,59,0,424,0,10.909091,0.390240,3.921455,1.000000,-1.000000,1,0.867975,3.472660,12.222000
s3_area,vbf,7,50,5,500.000000,500.000000,3.000000,150.000000,250.000000,6.000000,512,10000.000000,200.000000,165,18,59,0,381,0,10.909091,0.390240,3.665612,1.000000,-1.000000,1,0.866431,3.513735,12.212000
s3_area,vbf,8,50,5,500.000000,500.000000,3.000000,150.000000,250.000000,6.000000,512,10000.000000,200.000000,164,20,50,0,445,0,12.195122,0.433600,4.015685,1.000000,-1.000000,1,0.843711,4.355876,12.754000
s3_area,vbf,9,50,5,500.000000,500.000000,3.000000,150.000000,250.000000,6.000000,512,10000.000000,200.000000,163,16,94,0,445,0,9.815951,0.346880,3.889611,1.000000,-1.000000,1,0.790837,6.091075,12.860000
s3_area,vbf,10,50,5,500.000000,500.000000,3.000000,150.000000,250.000000,6.000000,512,10000.000000,200.000000,165,21,81,0,499,0,12.727273,0.455280,3.833563,1.000000,-1.000000,1,0.903291,2.687332,13.188000
s3_area,vbf,11,50,5,500.000000,500.000000,3.000000,150.000000,250.000000,6.000000,512,10000.000000,200.000000,165,16,72,0,339,0,9.696970,0.346880,2.801754,1.000000,-1.000000,1,0.815092,4.714690,11.450000
s3_area,vbf,12,50,5,500.000000,500.000000,3.000000,150.000000,250.000000,6.000000,512,10000.000000,200.000000,165,24,86,0,388,0,14.545455,0.520320,3.717986,1.000000,-1.000000,1,0.849172,4.192292,12.764000
s3_area,vbf,14,50,5,500.000000,500.000000,3.000000,150.000000,250.000000,6.000000,512,10000.000000,200.000000,165,18,65,0,487,0,10.909091,0.390240,4.598328,1.000000,-1.000000,1,0.827467,5.066325,13.296000
s3_area,vbf,13,50,5,500.000000,500.000000,3.000000,150.000000,250.000000,6.000000,512,10000.000000,200.000000,165,17,98,0,480,0,10.303030,0.368560,3.244359,1.000000,-1.000000,1,0.856224,4.192292,13.450000
s3_area,vbf,15,50,5,500.000000,500.000000,3.000000,150.000000,250.000000,6.000000,512,10000.000000,200.000000,164,21,81,0,367,0,12.804878,0.455280,2.994383,1.000000,-1.000000,1,0.816157,4.966455,12.140000
s3_area,vbf,17,50,5,500.000000,500.000000,3.000000,150.000000,250.000000,6.000000,512,10000.000000,200.000000,163,15,68,0,390,0,9.202454,0.325200,3.373824,1.000000,-1.000000,1,0.757148,6.533211,11.592000
s3_area,vbf,16,50,5,500.000000,500.000000,3.000000,150.000000,250.000000,6.000000,512,10000.000000,200.000000,165,24,75,0,469,0,14.545455,0.520320,4.009975,1.000000,-1.000000,1,0.866935,3.932673,13.724000
s3_area,vbf,18,50,5,500.000000,500.000000,3.000000,150.000000,250.000000,6.000000,512,10000.000000,200.000000,165,20,77,0,482,0,12.121212,0.433600,4.119651,1.000000,-1.000000,1,0.851808,4.262879,13.232000
s3_area,vbf,19,50,5,500.000000,500.000000,3.000000,150.000000,250.000000,6.000000,512,10000.000000,200.000000,165,14,63,0,386,0,8.484848,0.303520,4.169751,1.000000,-1.000000,1,0.730295,6.774848,10.602000
s3_area,vbf,20,50,5,500.000000,500.000000,3.000000,150.000000,250.000000,6.000000,512,10000.000000,200.000000,164,16,86,0,390,0,9.756098,0.346880,3.249040,1.000000,-1.000000,1,0.845447,4.209554,12.478000
s3_area,hhvbf,1,50,5,500.000000,500.000000,3.000000,150.000000,250.000000,6.000000,512,10000.000000,200.000000,164,18,84,0,399,0,10.975610,0.390240,3.258056,1.000000,-1.000000,1,0.840327,4.309540,12.324000
s3_area,hhvbf,3,50,5,500.000000,500.000000,3.000000,150.000000,250.000000,6.000000,512,10000.000000,200.000000,165,20,64,0,410,0,12.121212,0.433600,3.680788,1.000000,-1.000000,1,0.829240,4.517946,11.994000
s3_area,hhvbf,2,50,5,500.000000,500.000000,3.000000,150.000000,250.000000,6.000000,512,10000.000000,200.000000,164,21,53,0,379,0,12.804878,0.455280,3.311981,1.000000,-1.000000,1,0.854104,3.763179,11.882000
s3_area,hhvbf,4,50,5,500.000000,500.000000,3.000000,150.000000,250.000000,6.000000,512,10000.000000,200.000000,163,21,81,0,388,0,12.883436,0.455280,2.930137,1.000000,-1.000000,1,0.843534,4.267603,12.480000
s3_area,hhvbf,5,50,5,500.000000,500.000000,3.000000,150.000000,250.000000,6.000000,512,10000.000000,200.000000,165,18,78,0,493,0,10.909091,0.390240,4.124185,1.000000,-1.000000,1,0.878004,3.499236,13.410000
s3_area,hhvbf,6,50,5,500.000000,500.000000,3.000000,150.000000,250.000000,6.000000,512,10000.000000,200.000000,165,20,76,0,446,0,12.121212,0.433600,4.550314,1.000000,-1.000000,1,0.867048,3.793349,13.250000
s3_area,hhvbf,7,50,5,500.000000,500.000000,3.000000,150.000000,250.000000,6.000000,512,10000.000000,200.000000,165,20,64,0,368,0,12.121212,0.433600,3.926093,1.000000,-1.000000,1,0.863218,3.411782,11.556000
s3_area,hhvbf,8,50,5,500.000000,500.000000,3.000000,150.000000,250.000000,6.000000,512,10000.000000,200.000000,164,23,46,0,462,0,14.024390,0.498640,4.077828,1.000000,-1.000000,1,0.847189,4.377400,13.138000
s3_area,hhvbf,9,50,5,500.000000,500.000000,3.000000,150.000000,250.000000,6.000000,512,10000.000000,200.000000,163,15,90,0,401,0,9.202454,0.325200,3.680755,1.000000,-1.000000,1,0.811329,5.064705,12.024000
s3_area,hhvbf,10,50,5,500.000000,500.000000,3.000000,150.000000,250.000000,6.000000,512,10000.000000,200.000000,165,23,75,0,530,0,13.939394,0.498640,3.781815,1.000000,-1.000000,1,0.920155,2.331651,13.994000
s3_area,hhvbf,12,50,5,500.000000,500.000000,3.000000,150.000000,250.000000,6.000000,512,10000.000000,200.000000,165,21,72,0,377,0,12.727273,0.455280,3.492868,1.000000,-1.000000,1,0.861152,3.617201,12.054000
s3_area,hhvbf,11,50,5,500.000000,500.000000,3.000000,150.000000,250.000000,6.000000,512,10000.000000,200.000000,165,21,68,0,349,0,12.727273,0.455280,2.933288,1.000000,-1.000000,1,0.811006,4.866014,11.530000
s3_area,hhvbf,13,50,5,500.000000,500.000000,3.000000,150.000000,250.000000,6.000000,512,10000.000000,200.000000,165,18,85,0,454,0,10.909091,0.390240,3.634615,1.000000,-1.000000,1,0.872983,3.572655,13.110000
s3_area,hhvbf,15,50,5,500.000000,500.000000,3.000000,150.000000,250.000000,6.000000,512,10000.000000,200.000000,164,23,73,0,383,0,14.024390,0.498640,3.343523,1.000000,-1.000000,1,0.819594,4.952874,12.366000
s3_area,hhvbf,14,50,5,500.000000,500.000000,3.000000,150.000000,250.000000,6.000000,512,10000.000000,200.000000,165,16,77,0,500,0,9.696970,0.346880,4.135404,1.000000,-1.000000,1,0.846128,4.745158,14.134000
s3_area,hhvbf,16,50,5,500.000000,500.000000,3.000000,150.000000,250.000000,6.000000,512,10000.000000,200.000000,165,19,68,0,437,0,11.515152,0.411920,3.910330,1.000000,-1.000000,1,0.868956,3.608816,12.804000
s3_area,hhvbf,18,50,5,500.000000,500.000000,3.000000,150.000000,250.000000,6.000000,512,10000.000000,200.000000,165,21,84,0,494,0,12.727273,0.455280,4.524435,1.000000,-1.000000,1,0.856474,4.202374,13.508000
s3_area,hhvbf,17,50,5,500.000000,500.000000,3.000000,150.000000,250.000000,6.000000,512,10000.000000,200.000000,163,17,71,0,416,0,10.429448,0.368560,2.845924,1.000000,-1.000000,1,0.747453,7.276379,12.324000
s3_area,hhvbf,19,50,5,500.000000,500.000000,3.000000,150.000000,250.000000,6.000000,512,10000.000000,200.000000,165,17,64,0,396,0,10.303030,0.368560,4.490719,1.000000,-1.000000,1,0.760492,6.139931,11.074000
s3_area,dbr,1,50,5,500.000000,500.000000,3.000000,150.000000,250.000000,6.000000,512,10000.000000,200.000000,164,8,87,0,213,0,4.878049,0.015040,25.443554,0.500000,-1.000000,1,0.827947,4.233911,11.146000
s3_area,hhvbf,20,50,5,500.000000,500.000000,3.000000,150.000000,250.000000,6.000000,512,10000.000000,200.000000,164,19,87,0,424,0,11.585366,0.411920,3.463247,1.000000,-1.000000,1,0.843168,4.457540,13.002000
s3_area,dbr,2,50,5,500.000000,500.000000,3.000000,150.000000,250.000000,6.000000,512,10000.000000,200.000000,164,12,98,0,213,0,7.317073,0.022560,28.350260,0.750000,-1.000000,1,0.844632,3.649003,10.754000
s3_area,dbr,3,50,5,500.000000,500.000000,3.000000,150.000000,250.000000,6.000000,512,10000.000000,200.000000,165,10,85,0,214,0,6.060606,0.018800,28.822184,1.400000,-1.000000,1,0.740136,6.129222,10.032000
s3_area,dbr,4,50,5,500.000000,500.000000,3.000000,150.000000,250.000000,6.000000,512,10000.000000,200.000000,163,9,89,0,210,0,5.521472,0.016920,7.134072,0.888889,-1.000000,1,0.819088,4.205046,10.466000
s3_area,dbr,5,50,5,500.000000,500.000000,3.000000,150.000000,250.000000,6.000000,512,10000.000000,200.000000,165,6,22,0,212,0,3.636364,0.011280,21.883672,1.500000,-1.000000,1,0.767297,5.193646,9.690000
s3_area,dbr,6,50,5,500.000000,500.000000,3.000000,150.000000,250.000000,6.000000,512,10000.000000,200.000000,165,8,71,0,211,0,4.848485,0.015040,21.195921,0.750000,-1.000000,1,0.789024,4.282325,8.952000
s3_area,dbr,7,50,5,500.000000,500.000000,3.000000,150.000000,250.000000,6.000000,512,10000.000000,200.000000,165,7,42,0,210,0,4.242424,0.013160,43.428733,1.000000,-1.000000,1,0.767889,6.224478,11.648000
s3_area,dbr,8,50,5,500.000000,500.000000,3.000000,150.000000,250.000000,6.000000,512,10000.000000,200.000000,164,12,24,0,213,0,7.317073,0.022560,11.687887,1.083333,-1.000000,1,0.748258,5.135975,8.732000
s3_area,dbr,9,50,5,500.000000,500.000000,3.000000,150.000000,250.000000,6.000000,512,10000.000000,200.000000,163,6,65,0,210,0,3.680982,0.011280,6.723122,1.500000,-1.000000,1,0.769234,4.832043,9.104000
s3_area,dbr,10,50,5,500.000000,500.000000,3.000000,150.000000,250.000000,6.000000,512,10000.000000,200.000000,165,10,53,0,213,0,6.060606,0.018800,31.628340,2.300000,-1.000000,1,0.742194,5.287904,8.738000
s3_area,dbr,11,50,5,500.000000,500.000000,3.000000,150.000000,250.000000,6.000000,512,10000.000000,200.000000,165,13,94,0,213,0,7.878788,0.024440,22.661457,1.153846,-1.000000,1,0.830967,4.008316,10.762000
s3_area,dbr,12,50,5,500.000000,500.000000,3.000000,150.000000,250.000000,6.000000,512,10000.000000,200.000000,165,13,101,0,214,0,7.878788,0.024440,17.366593,1.384615,-1.000000,1,0.807779,4.689846,10.902000
s3_area,dbr,13,50,5,500.000000,500.000000,3.000000,150.000000,250.000000,6.000000,512,10000.000000,200.000000,165,9,70,0,213,0,5.454545,0.016920,15.750812,1.111111,-1.000000,1,0.797989,4.287613,9.420000
s3_area,dbr,14,50,5,500.000000,500.000000,3.000000,150.000000,250.000000,6.000000,512,10000.000000,200.000000,165,7,10,0,213,0,4.242424,0.013160,18.922895,1.000000,-1.000000,1,0.744043,4.924527,8.208000
s3_area,dbr,15,50,5,500.000000,500.000000,3.000000,150.000000,250.000000,6.000000,512,10000.000000,200.000000,164,9,110,0,212,0,5.487805,0.016920,20.268908,0.444444,-1.000000,1,0.756035,5.873934,10.366000
s3_area,dbr,16,50,5,500.000000,500.000000,3.000000,150.000000,250.000000,6.000000,512,10000.000000,200.000000,165,12,24,0,212,0,7.272727,0.022560,20.730813,2.166667,-1.000000,1,0.702724,6.520253,9.052000
s3_area,dbr,17,50,5,500.000000,500.000000,3.000000,150.000000,250.000000,6.000000,512,10000.000000,200.000000,163,13,101,0,210,0,7.975460,0.024440,32.140408,0.923077,-1.000000,1,0.722470,5.617585,8.490000
s3_area,dbr,18,50,5,500.000000,500.000000,3.000000,150.000000,250.000000,6.000000,512,10000.000000,200.000000,165,6,48,0,211,0,3.636364,0.011280,17.643446,1.333333,-1.000000,1,0.731921,5.455389,8.600000
s3_area,dbr,19,50,5,500.000000,500.000000,3.000000,150.000000,250.000000,6.000000,512,10000.000000,200.000000,165,6,32,0,211,0,3.636364,0.011280,6.472296,1.333333,-1.000000,1,0.610613,9.260194,9.016000
s3_area,dbr,20,50,5,500.000000,500.000000,3.000000,150.000000,250.000000,6.000000,512,10000.000000,200.000000,164,6,62,0,211,0,3.658537,0.011280,11.603822,1.000000,-1.000000,1,0.790405,5.083818,10.708000
s3_area,adaptive,1,50,5,600.000000,600.000000,3.000000,150.000000,250.000000,6.000000,512,10000.000000,200.000000,164,76,151,20,1103,88,46.341463,1.191680,1.559538,0.618421,-1.000000,1,0.952386,3.477009,35.622000
s3_area,adaptive,2,50,5,600.000000,600.000000,3.000000,150.000000,250.000000,6.000000,512,10000.000000,200.000000,164,74,220,18,1148,47,45.121951,0.805120,1.072219,0.378378,-1.000000,1,0.961683,2.846887,36.424000
s3_area,adaptive,3,50,5,600.000000,600.000000,3.000000,150.000000,250.000000,6.000000,512,10000.000000,200.000000,165,76,162,10,1139,21,46.060606,1.076480,1.695035,0.776316,-1.000000,1,0.946945,3.413604,31.294000
s3_area,adaptive,4,50,5,600.000000,600.000000,3.000000,150.000000,250.000000,6.000000,512,10000.000000,200.000000,163,89,153,23,1065,54,54.601227,1.323520,1.296148,0.471910,-1.000000,1,0.957459,2.997388,34.464000
s3_area,adaptive,5,50,5,600.000000,600.000000,3.000000,150.000000,250.000000,6.000000,512,10000.000000,200.000000,165,44,130,18,1131,46,26.666667,0.536320,1.463647,0.613636,-1.000000,1,0.946631,3.528548,32.152000
s3_area,adaptive,6,50,5,600.000000,600.000000,3.000000,150.000000,250.000000,6.000000,512,10000.000000,200.000000,165,70,127,4,1163,32,42.424242,1.088000,1.702191,0.714286,-1.000000,1,0.949675,3.501191,33.888000
s3_area,adaptive,7,50,5,600.000000,600.000000,3.000000,150.000000,250.000000,6.000000,512,10000.000000,200.000000,165,54,104,3,1106,55,32.727273,0.760320,2.084970,1.074074,-1.000000,1,0.954138,3.175709,33.810000
s3_area,adaptive,8,50,5,600.000000,600.000000,3.000000,150.000000,250.000000,6.000000,512,10000.000000,200.000000,164,57,181,24,1154,69,34.756098,0.591360,1.534850,0.701754,-1.000000,1,0.966014,2.380904,34.422000
s3_area,adaptive,9,50,5,600.000000,600.000000,3.000000,150.000000,250.000000,6.000000,512,10000.000000,200.000000,163,72,137,29,1157,36,44.171779,1.167360,1.428452,0.513889,-1.000000,1,0.961089,2.560864,32.254000
s3_area,adaptive,10,50,5,600.000000,600.000000,3.000000,150.000000,250.000000,6.000000,512,10000.000000,200.000000,165,68,161,33,1243,85,41.212121,0.970240,2.128512,1.073529,-1.000000,1,0.974238,1.830523,35.064000
s3_area,adaptive,11,50,5,600.000000,600.000000,3.000000,150.000000,250.000000,6.000000,512,10000.000000,200.000000,165,86,116,44,1098,94,52.121212,1.300480,1.347004,0.500000,-1.000000,1,0.954075,3.103816,32.998000
s3_area,adaptive,12,50,5,600.000000,600.000000,3.000000,150.000000,250.000000,6.000000,512,10000.000000,200.000000,165,93,198,15,1111,71,56.363636,1.194240,1.246694,0.440860,-1.000000,1,0.959985,2.940475,35.992000
s3_area,adaptive,13,50,5,600.000000,600.000000,3.000000,150.000000,250.000000,6.000000,512,10000.000000,200.000000,165,85,151,22,1149,51,51.515152,1.414400,1.722821,0.717647,-1.000000,1,0.955605,3.167509,34.864000
s3_area,adaptive,14,50,5,600.000000,600.000000,3.000000,150.000000,250.000000,6.000000,512,10000.000000,200.000000,165,49,172,23,1216,85,29.696970,0.638720,2.082937,1.040816,-1.000000,1,0.958084,2.884730,33.674000
s3_area,adaptive,15,50,5,600.000000,600.000000,3.000000,150.000000,250.000000,6.000000,512,10000.000000,200.000000,164,91,132,22,1125,77,55.487805,1.306880,1.236172,0.395604,-1.000000,1,0.956391,2.831235,31.738000
s3_area,adaptive,16,50,5,600.000000,600.000000,3.000000,150.000000,250.000000,6.000000,512,10000.000000,200.000000,165,67,194,1,1191,45,40.606061,0.988160,1.860043,0.880597,-1.000000,1,0.965418,2.426207,34.462000
s3_area,adaptive,17,50,5,600.000000,600.000000,3.000000,150.000000,250.000000,6.000000,512,10000.000000,200.000000,163,80,147,40,1160,61,49.079755,1.062400,1.233803,0.425000,-1.000000,1,0.953937,3.194492,33.858000
s3_area,adaptive,18,50,5,600.000000,600.000000,3.000000,150.000000,250.000000,6.000000,512,10000.000000,200.000000,165,67,150,0,1157,8,40.606061,1.007360,1.558423,0.626866,-1.000000,1,0.951435,3.317950,33.310000
s3_area,adaptive,19,50,5,600.000000,600.000000,3.000000,150.000000,250.000000,6.000000,512,10000.000000,200.000000,165,41,193,1,1141,33,24.848485,0.494080,1.745172,0.853659,-1.000000,1,0.952923,3.419657,35.444000
s3_area,adaptive,20,50,5,600.000000,600.000000,3.000000,150.000000,250.000000,6.000000,512,10000.000000,200.000000,164,78,111,35,1096,57,47.560976,1.309440,1.450454,0.500000,-1.000000,1,0.948586,3.591936,34.010000
s3_area,vbf,1,50,5,600.000000,600.000000,3.000000,150.000000,250.000000,6.000000,512,10000.000000,200.000000,164,13,75,0,409,0,7.926829,0.281840,3.100824,1.000000,-1.000000,1,0.781551,5.929675,11.908000
s3_area,vbf,2,50,5,600.000000,600.000000,3.000000,150.000000,250.000000,6.000000,512,10000.000000,200.000000,164,16,51,0,404,0,9.756098,0.346880,3.283148,1.000000,-1.000000,1,0.754979,6.072661,10.662000
s3_area,vbf,3,50,5,600.000000,600.000000,3.000000,150.000000,250.000000,6.000000,512,10000.000000,200.000000,165,19,73,0,387,0,11.515152,0.411920,3.414932,1.000000,-1.000000,1,0.738348,6.537290,10.612000
s3_area,vbf,4,50,5,600.000000,600.000000,3.000000,150.000000,250.000000,6.000000,512,10000.000000,200.000000,163,15,82,0,351,0,9.202454,0.325200,2.650968,1.000000,-1.000000,1,0.740497,6.516688,10.684000
s3_area,vbf,5,50,5,600.000000,600.000000,3.000000,150.000000,250.000000,6.000000,512,10000.000000,200.000000,165,14,57,0,442,0,8.484848,0.303520,4.603063,1.000000,-1.000000,1,0.788413,5.687500,11.850000
s3_area,vbf,6,50,5,600.000000,600.000000,3.000000,150.000000,250.000000,6.000000,512,10000.000000,200.000000,165,14,71,0,411,0,8.484848,0.303520,4.035401,1.000000,-1.000000,1,0.782141,5.525945,11.132000
s3_area,vbf,7,50,5,600.000000,600.000000,3.000000,150.000000,250.000000,6.000000,512,10000.000000,200.000000,165,16,49,0,382,0,9.696970,0.346880,3.731240,1.000000,-1.000000,1,0.776176,5.553170,10.842000
s3_area,vbf,8,50,5,600.000000,600.000000,3.000000,150.000000,250.000000,6.000000,512,10000.000000,200.000000,164,18,52,0,427,0,10.975610,0.390240,3.909810,1.000000,-1.000000,1,0.781938,5.661085,11.392000
s3_area,vbf,9,50,5,600.000000,600.000000,3.000000,150.000000,250.000000,6.000000,512,10000.000000,200.000000,163,11,114,0,426,0,6.748466,0.238480,4.288574,1.000000,-1.000000,1,0.705875,8.224015,11.570000
s3_area,vbf,10,50,5,600.000000,600.000000,3.000000,150.000000,250.000000,6.000000,512,10000.000000,200.000000,165,17,67,0,483,0,10.303030,0.368560,4.324182,1.000000,-1.000000,1,0.853596,3.942181,12.400000
s3_area,vbf,11,50,5,600.000000,600.000000,3.000000,150.000000,250.000000,6.000000,512,10000.000000,200.000000,165,13,73,0,366,0,7.878788,0.281840,3.006727,1.000000,-1.000000,1,0.754399,6.367282,11.148000
s3_area,vbf,12,50,5,600.000000,600.000000,3.000000,150.000000,250.000000,6.000000,512,10000.000000,200.000000,165,19,71,0,393,0,11.515152,0.411920,3.783236,1.000000,-1.000000,1,0.818050,4.710088,11.648000
s3_area,vbf,13,50,5,600.000000,600.000000,3.000000,150.000000,250.000000,6.000000,512,10000.000000,200.000000,165,11,77,0,478,0,6.666667,0.238480,3.570191,1.000000,-1.000000,1,0.793419,5.898489,12.632000
s3_area,vbf,15,50,5,600.000000,600.000000,3.000000,150.000000,250.000000,6.000000,512,10000.000000,200.000000,164,16,95,0,342,0,9.756098,0.346880,3.731414,1.000000,-1.000000,1,0.697853,7.556966,10.280000
s3_area,vbf,14,50,5,600.000000,600.000000,3.000000,150.000000,250.000000,6.000000,512,10000.000000,200.000000,165,11,65,0,442,0,6.666667,0.238480,4.440451,1.000000,-1.000000,1,0.759056,6.669165,11.944000
s3_area,vbf,18,50,5,600.000000,600.000000,3.000000,150.000000,250.000000,6.000000,512,10000.000000,200.000000,165,16,75,0,474,0,9.696970,0.346880,4.539835,1.000000,-1.000000,1,0.769796,6.438857,12.166000
s3_area,vbf,16,50,5,600.000000,600.000000,3.000000,150.000000,250.000000,6.000000,512,10000.000000,200.000000,165,16,79,0,483,0,9.696970,0.346880,5.103697,1.000000,-1.000000,1,0.834285,4.722662,12.962000
s3_area,vbf,17,50,5,600.000000,600.000000,3.000000,150.000000,250.000000,6.000000,512,10000.000000,200.000000,163,14,76,0,365,0,8.588957,0.303520,2.915755,1.000000,-1.000000,1,0.718749,6.923309,10.294000
s3_area,vbf,19,50,5,600.000000,600.000000,3.000000,150.000000,250.000000,6.000000,512,10000.000000,200.000000,165,13,45,0,357,0,7.878788,0.281840,4.091293,1.000000,-1.000000,1,0.650204,8.606080,9.694000
s3_area,hhvbf,1,50,5,600.000000,600.000000,3.000000,150.000000,250.000000,6.000000,512,10000.000000,200.000000,164,13,75,0,404,0,7.926829,0.281840,3.439079,1.000000,-1.000000,1,0.774649,6.105284,11.826000
s3_area,vbf,20,50,5,600.000000,600.000000,3.000000,150.000000,250.000000,6.000000,512,10000.000000,200.000000,164,12,104,0,440,0,7.317073,0.260160,3.100251,1.000000,-1.000000,1,0.783439,5.892166,11.952000
s3_area,hhvbf,2,50,5,600.000000,600.000000,3.000000,150.000000,250.000000,6.000000,512,10000.000000,200.000000,164,20,60,0,428,0,12.195122,0.433600,3.267908,1.000000,-1.000000,1,0.758940,6.438327,11.524000
s3_area,hhvbf,4,50,5,600.000000,600.000000,3.000000,150.000000,250.000000,6.000000,512,10000.000000,200.000000,163,16,95,0,361,0,9.815951,0.346880,2.820647,1.000000,-1.000000,1,0.734708,7.015409,11.200000
s3_area,hhvbf,3,50,5,600.000000,600.000000,3.000000,150.000000,250.000000,6.000000,512,10000.000000,200.000000,165,20,74,0,416,0,12.121212,0.433600,3.330905,1.000000,-1.000000,1,0.752595,6.547263,11.364000
s3_area,hhvbf,5,50,5,600.000000,600.000000,3.000000,150.000000,250.000000,6.000000,512,10000.000000,200.000000,165,14,58,0,486,0,8.484848,0.303520,4.133612,1.000000,-1.000000,1,0.808423,5.413496,12.632000
s3_area,hhvbf,6,50,5,600.000000,600.000000,3.000000,150.000000,250.000000,6.000000,512,10000.000000,200.000000,165,15,78,0,445,0,9.090909,0.325200,3.759975,1.000000,-1.000000,1,0.808956,4.995739,11.694000
s3_area,hhvbf,7,50,5,600.000000,600.000000,3.000000,150.000000,250.000000,6.000000,512,10000.000000,200.000000,165,14,58,0,380,0,8.484848,0.303520,3.785047,1.000000,-1.000000,1,0.783948,5.488741,11.164000
s3_area,hhvbf,8,50,5,600.000000,600.000000,3.000000,150.000000,250.000000,6.000000,512,10000.000000,200.000000,164,18,54,0,450,0,10.975610,0.390240,4.203294,1.000000,-1.000000,1,0.783010,5.840427,11.820000
s3_area,hhvbf,10,50,5,600.000000,600.000000,3.000000,150.000000,250.000000,6.000000,512,10000.000000,200.000000,165,19,56,0,549,0,11.515152,0.411920,4.400047,1.000000,-1.000000,1,0.882007,3.396388,13.490000
s3_area,hhvbf,9,50,5,600.000000,600.000000,3.000000,150.000000,250.000000,6.000000,512,10000.000000,200.000000,163,13,107,0,431,0,7.975460,0.281840,4.284098,1.000000,-1.000000,1,0.715439,7.951561,11.654000
s3_area,hhvbf,11,50,5,600.000000,600.000000,3.000000,150.000000,250.000000,6.000000,512,10000.000000,200.000000,165,14,75,0,333,0,8.484848,0.303520,2.749713,1.000000,-1.000000,1,0.730372,6.449265,10.096000
s3_area,hhvbf,13,50,5,600.000000,600.000000,3.000000,150.000000,250.000000,6.000000,512,10000.000000,200.000000,165,14,73,0,476,0,8.484848,0.303520,3.920802,1.000000,-1.000000,1,0.835014,4.569128,12.602000
s3_area,hhvbf,12,50,5,600.000000,600.000000,3.000000,150.000000,250.000000,6.000000,512,10000.000000,200.000000,165,18,65,0,431,0,10.909091,0.390240,4.202985,1.000000,-1.000000,1,0.824663,4.657764,12.006000
s3_area,hhvbf,14,50,5,600.000000,600.000000,3.000000,150.000000,250.000000,6.000000,512,10000.000000,200.000000,165,11,70,0,473,0,6.666667,0.238480,4.006727,1.000000,-1.000000,1,0.756105,6.990151,12.340000
s3_area,hhvbf,15,50,5,600.000000,600.000000,3.000000,150.000000,250.000000,6.000000,512,10000.000000,200.000000,164,15,93,0,356,0,9.146341,0.325200,3.400785,1.000000,-1.000000,1,0.710543,7.539730,10.820000
s3_area,hhvbf,16,50,5,600.000000,600.000000,3.000000,150.000000,250.000000,6.000000,512,10000.000000,200.000000,165,16,97,0,495,0,9.696970,0.346880,4.900495,1.000000,-1.000000,1,0.843610,4.600939,13.462000
s3_area,hhvbf,17,50,5,600.000000,600.000000,3.000000,150.000000,250.000000,6.000000,512,10000.000000,200.000000,163,18,86,0,389,0,11.042945,0.390240,3.563379,1.000000,-1.000000,1,0.719105,7.173099,10.682000
s3_area,hhvbf,18,50,5,600.000000,600.000000,3.000000,150.000000,250.000000,6.000000,512,10000.000000,200.000000,165,14,89,0,457,0,8.484848,0.303520,4.379130,1.000000,-1.000000,1,0.766040,6.518888,12.086000
s3_area,hhvbf,19,50,5,600.000000,600.000000,3.000000,150.000000,250.000000,6.000000,512,10000.000000,200.000000,165,12,69,0,373,0,7.272727,0.260160,4.570818,1.000000,-1.000000,1,0.683408,8.016822,10.280000
s3_area,hhvbf,20,50,5,600.000000,600.000000,3.000000,150.000000,250.000000,6.000000,512,10000.000000,200.000000,164,11,96,0,419,0,6.707317,0.238480,3.239410,1.000000,-1.000000,1,0.784212,5.730394,11.672000
s3_area,dbr,1,50,5,600.000000,600.000000,3.000000,150.000000,250.000000,6.000000,512,10000.000000,200.000000,164,9,39,0,213,0,5.487805,0.016920,53.440068,0.666667,-1.000000,1,0.737473,5.630906,9.104000
s3_area,dbr,2,50,5,600.000000,600.000000,3.000000,150.000000,250.000000,6.000000,512,10000.000000,200.000000,164,9,60,0,213,0,5.487805,0.016920,37.770018,1.222222,-1.000000,1,0.708835,5.628088,8.018000
s3_area,dbr,3,50,5,600.000000,600.000000,3.000000,150.000000,250.000000,6.000000,512,10000.000000,200.000000,165,8,65,0,214,0,4.848485,0.015040,50.768542,0.625000,-1.000000,1,0.639205,6.894887,7.452000
s3_area,dbr,4,50,5,600.000000,600.000000,3.000000,150.000000,250.000000,6.000000,512,10000.000000,200.000000,163,7,63,0,210,0,4.294479,0.013160,15.333573,1.285714,-1.000000,1,0.738453,5.243559,8.516000
s3_area,dbr,5,50,5,600.000000,600.000000,3.000000,150.000000,250.000000,6.000000,512,10000.000000,200.000000,165,3,11,0,213,0,1.818182,0.005640,48.932452,1.666667,-1.000000,1,0.635692,6.751125,7.202000
s3_area,dbr,6,50,5,600.000000,600.000000,3.000000,150.000000,250.000000,6.000000,512,10000.000000,200.000000,165,7,35,0,213,0,4.242424,0.013160,26.259089,1.142857,-1.000000,1,0.673966,5.730052,7.076000
s3_area,dbr,7,50,5,600.000000,600.000000,3.000000,150.000000,250.000000,6.000000,512,10000.000000,200.000000,165,3,3,0,213,0,1.818182,0.005640,128.772621,0.333333,-1.000000,1,0.654225,7.620396,8.716000
s3_area,dbr,8,50,5,600.000000,600.000000,3.000000,150.000000,250.000000,6.000000,512,10000.000000,200.000000,164,6,7,0,212,0,3.658537,0.011280,23.057918,2.000000,-1.000000,1,0.622778,6.599395,6.714000
s3_area,dbr,9,50,5,600.000000,600.000000,3.000000,150.000000,250.000000,6.000000,512,10000.000000,200.000000,163,3,59,0,212,0,1.840491,0.005640,17.248109,0.333333,-1.000000,1,0.675173,5.804303,7.202000
s3_area,dbr,10,50,5,600.000000,600.000000,3.000000,150.000000,250.000000,6.000000,512,10000.000000,200.000000,165,7,29,0,214,0,4.242424,0.013160,37.331863,2.000000,-1.000000,1,0.631832,6.186353,6.506000
s3_area,dbr,11,50,5,600.000000,600.000000,3.000000,150.000000,250.000000,6.000000,512,10000.000000,200.000000,165,6,45,0,213,0,3.636364,0.011280,48.091232,0.833333,-1.000000,1,0.703066,5.759957,8.008000
s3_area,dbr,12,50,5,600.000000,600.000000,3.000000,150.000000,250.000000,6.000000,512,10000.000000,200.000000,165,8,70,0,214,0,4.848485,0.015040,37.504636,0.500000,-1.000000,1,0.714898,5.787193,8.462000
s3_area,dbr,13,50,5,600.000000,600.000000,3.000000,150.000000,250.000000,6.000000,512,10000.000000,200.000000,165,6,61,0,214,0,3.636364,0.011280,10.263324,0.833333,-1.000000,1,0.661231,6.160268,7.238000
s3_area,dbr,14,50,5,600.000000,600.000000,3.000000,150.000000,250.000000,6.000000,512,10000.000000,200.000000,165,6,8,0,214,0,3.636364,0.011280,6.608256,0.833333,-1.000000,1,0.609210,6.554856,6.350000
s3_area,dbr,15,50,5,600.000000,600.000000,3.000000,150.000000,250.000000,6.000000,512,10000.000000,200.000000,164,9,78,0,212,0,5.487805,0.016920,21.413309,0.555556,-1.000000,1,0.644268,7.090544,7.810000
s3_area,dbr,16,50,5,600.000000,600.000000,3.000000,150.000000,250.000000,6.000000,512,10000.000000,200.000000,165,8,21,0,213,0,4.848485,0.015040,6.903631,2.750000,-1.000000,1,0.624417,6.765268,6.924000
s3_area,dbr,17,50,5,600.000000,600.000000,3.000000,150.000000,250.000000,6.000000,512,10000.000000,200.000000,163,8,74,0,211,0,4.907975,0.015040,43.377022,0.500000,-1.000000,1,0.639746,6.116428,6.624000
s3_area,dbr,18,50,5,600.000000,600.000000,3.000000,150.000000,250.000000,6.000000,512,10000.000000,200.000000,165,8,33,0,214,0,4.848485,0.015040,21.591965,2.000000,-1.000000,1,0.575675,7.565466,6.514000
s3_area,dbr,20,50,5,600.000000,600.000000,3.000000,150.000000,250.000000,6.000000,512,10000.000000,200.000000,164,4,52,0,211,0,2.439024,0.007520,21.481943,0.500000,-1.000000,1,0.728054,5.313510,8.232000
s3_area,dbr,19,50,5,600.000000,600.000000,3.000000,150.000000,250.000000,6.000000,512,10000.000000,200.000000,165,4,0,0,212,0,2.424242,0.007520,6.535521,1.500000,-1.000000,1,0.502691,10.376490,6.980000
s3_area,adaptive,1,50,5,800.000000,800.000000,3.000000,150.000000,250.000000,6.000000,512,10000.000000,200.000000,164,38,55,19,1214,100,23.170732,0.663040,3.797520,2.157895,-1.000000,1,0.910578,4.966839,26.472000
s3_area,adaptive,3,50,5,800.000000,800.000000,3.000000,150.000000,250.000000,6.000000,512,10000.000000,200.000000,165,71,91,18,1298,133,43.030303,1.242880,2.766718,1.492958,-1.000000,1,0.913756,4.585768,25.388000
s3_area,adaptive,2,50,5,800.000000,800.000000,3.000000,150.000000,250.000000,6.000000,512,10000.000000,200.000000,164,74,107,43,1257,85,45.121951,1.150720,2.469856,1.270270,-1.000000,1,0.935066,3.735981,27.802000
s3_area,adaptive,4,50,5,800.000000,800.000000,3.000000,150.000000,250.000000,6.000000,512,10000.000000,200.000000,163,75,122,43,1210,73,46.012270,1.248000,1.371043,0.466667,-1.000000,1,0.917883,4.712622,27.466000
s3_area,adaptive,5,50,5,800.000000,800.000000,3.000000,150.000000,250.000000,6.000000,512,10000.000000,200.000000,165,22,62,58,1276,81,13.333333,0.296960,2.428317,1.272727,-1.000000,1,0.928395,3.851576,25.896000
s3_area,adaptive,6,50,5,800.000000,800.000000,3.000000,150.000000,250.000000,6.000000,512,10000.000000,200.000000,165,37,61,49,1223,88,22.424242,0.623360,2.698265,1.378378,-1.000000,1,0.916224,4.628072,26.414000
s3_area,adaptive,8,50,5,800.000000,800.000000,3.000000,150.000000,250.000000,6.000000,512,10000.000000,200.000000,164,28,99,44,1243,106,17.073171,0.266240,1.823218,0.964286,-1.000000,1,0.937509,3.512279,27.196000
s3_area,adaptive,9,50,5,800.000000,800.000000,3.000000,150.000000,250.000000,6.000000,512,10000.000000,200.000000,163,66,86,41,1283,122,40.490798,1.159680,2.233467,1.121212,-1.000000,1,0.908887,4.795089,25.058000
s3_area,adaptive,7,50,5,800.000000,800.000000,3.000000,150.000000,250.000000,6.000000,512,10000.000000,200.000000,165,45,41,20,1214,97,27.272727,0.748800,3.114146,1.755556,-1.000000,1,0.926889,3.973306,26.142000
s3_area,adaptive,10,50,5,800.000000,800.000000,3.000000,150.000000,250.000000,6.000000,512,10000.000000,200.000000,165,27,121,69,1383,164,16.363636,0.322560,2.950688,1.703704,-1.000000,1,0.960265,2.229677,27.488000
s3_area,adaptive,12,50,5,800.000000,800.000000,3.000000,150.000000,250.000000,6.000000,512,10000.000000,200.000000,165,68,76,34,1265,110,41.212121,1.123840,2.655386,1.382353,-1.000000,1,0.926624,4.096601,26.852000
s3_area,adaptive,11,50,5,800.000000,800.000000,3.000000,150.000000,250.000000,6.000000,512,10000.000000,200.000000,165,57,66,96,1215,125,34.545455,0.994560,2.059238,0.947368,-1.000000,1,0.919621,4.237190,25.254000
s3_area,adaptive,13,50,5,800.000000,800.000000,3.000000,150.000000,250.000000,6.000000,512,10000.000000,200.000000,165,67,119,20,1269,87,40.606061,1.103360,1.913680,0.865672,-1.000000,1,0.925539,4.178304,26.972000
s3_area,adaptive,15,50,5,800.000000,800.000000,3.000000,150.000000,250.000000,6.000000,512,10000.000000,200.000000,164,64,94,61,1234,111,39.024390,1.099520,2.057199,0.906250,-1.000000,1,0.914800,4.345324,24.366000
s3_area,adaptive,14,50,5,800.000000,800.000000,3.000000,150.000000,250.000000,6.000000,512,10000.000000,200.000000,165,29,80,45,1271,163,17.575758,0.421120,2.001805,0.931034,-1.000000,1,0.917057,4.373197,25.222000
s3_area,adaptive,16,50,5,800.000000,800.000000,3.000000,150.000000,250.000000,6.000000,512,10000.000000,200.000000,165,51,89,39,1292,135,30.909091,0.852480,2.309694,1.137255,-1.000000,1,0.935407,3.537866,26.472000
s3_area,adaptive,18,50,5,800.000000,800.000000,3.000000,150.000000,250.000000,6.000000,512,10000.000000,200.000000,165,40,80,11,1291,72,24.242424,0.646400,2.678334,1.500000,-1.000000,1,0.924409,4.044852,25.704000
s3_area,adaptive,17,50,5,800.000000,800.000000,3.000000,150.000000,250.000000,6.000000,512,10000.000000,200.000000,163,64,68,43,1296,150,39.263804,1.061120,2.245140,1.046875,-1.000000,1,0.924936,4.116705,26.352000
s3_area,vbf,1,50,5,800.000000,800.000000,3.000000,150.000000,250.000000,6.000000,512,10000.000000,200.000000,164,5,36,0,340,0,3.048780,0.108400,3.980381,1.000000,-1.000000,1,0.587472,9.459658,8.486000
s3_area,adaptive,19,50,5,800.000000,800.000000,3.000000,150.000000,250.000000,6.000000,512,10000.000000,200.000000,165,40,134,25,1250,48,24.242424,0.608000,3.074016,1.750000,-1.000000,1,0.933101,3.795558,27.386000
s3_area,adaptive,20,50,5,800.000000,800.000000,3.000000,150.000000,250.000000,6.000000,512,10000.000000,200.000000,164,39,58,58,1206,88,23.780488,0.683520,1.887262,0.794872,-1.000000,1,0.929736,3.694363,25.332000
s3_area,vbf,2,50,5,800.000000,800.000000,3.000000,150.000000,250.000000,6.000000,512,10000.000000,200.000000,164,14,59,0,391,0,8.536585,0.303520,3.606204,1.000000,-1.000000,1,0.617389,8.936810,8.916000
s3_area,vbf,4,50,5,800.000000,800.000000,3.000000,150.000000,250.000000,6.000000,512,10000.000000,200.000000,163,7,79,0,374,0,4.294479,0.151760,2.304851,1.000000,-1.000000,1,0.601088,9.533295,8.972000
s3_area,vbf,3,50,5,800.000000,800.000000,3.000000,150.000000,250.000000,6.000000,512,10000.000000,200.000000,165,6,71,0,363,0,3.636364,0.130080,3.893075,1.000000,-1.000000,1,0.542449,9.976390,7.668000
s3_area,vbf,5,50,5,800.000000,800.000000,3.000000,150.000000,250.000000,6.000000,512,10000.000000,200.000000,165,4,16,0,415,0,2.424242,0.086720,4.382501,1.000000,-1.000000,1,0.596960,9.628274,8.930000
s3_area,vbf,6,50,5,800.000000,800.000000,3.000000,150.000000,250.000000,6.000000,512,10000.000000,200.000000,165,4,35,0,368,0,2.424242,0.086720,4.384862,1.000000,-1.000000,1,0.645632,7.249378,8.026000
s3_area,vbf,7,50,5,800.000000,800.000000,3.000000,150.000000,250.000000,6.000000,512,10000.000000,200.000000,165,6,51,0,391,0,3.636364,0.130080,4.067563,1.000000,-1.000000,1,0.596545,9.981424,9.244000
s3_area,vbf,10,50,5,800.000000,800.000000,3.000000,150.000000,250.000000,6.000000,512,10000.000000,200.000000,165,9,31,0,389,0,5.454545,0.195120,5.689982,1.000000,-1.000000,1,0.677952,6.427636,8.064000
s3_area,vbf,8,50,5,800.000000,800.000000,3.000000,150.000000,250.000000,6.000000,512,10000.000000,200.000000,164,7,19,0,379,0,4.268293,0.151760,4.701794,1.000000,-1.000000,1,0.597696,8.942977,8.316000
s3_area,vbf,9,50,5,800.000000,800.000000,3.000000,150.000000,250.000000,6.000000,512,10000.000000,200.000000,163,8,71,0,362,0,4.907975,0.173440,2.921778,1.000000,-1.000000,1,0.508375,11.331018,7.768000
s3_area,vbf,12,50,5,800.000000,800.000000,3.000000,150.000000,250.000000,6.000000,512,10000.000000,200.000000,165,8,77,0,402,0,4.848485,0.173440,4.434200,1.000000,-1.000000,1,0.635408,8.556186,9.118000
s3_area,vbf,11,50,5,800.000000,800.000000,3.000000,150.000000,250.000000,6.000000,512,10000.000000,200.000000,165,6,58,0,310,0,3.636364,0.130080,4.032549,1.000000,-1.000000,1,0.539464,9.538661,7.258000
s3_area,vbf,13,50,5,800.000000,800.000000,3.000000,150.000000,250.000000,6.000000,512,10000.000000,200.000000,165,11,75,0,423,0,6.666667,0.238480,3.899581,1.000000,-1.000000,1,0.622306,9.021091,9.162000
s3_area,vbf,14,50,5,800.000000,800.000000,3.000000,150.000000,250.000000,6.000000,512,10000.000000,200.000000,165,4,15,0,354,0,2.424242,0.086720,3.033711,1.000000,-1.000000,1,0.487265,11.859601,7.578000
s3_area,vbf,15,50,5,800.000000,800.000000,3.000000,150.000000,250.000000,6.000000,512,10000.000000,200.000000,164,11,73,0,292,0,6.707317,0.238480,2.933417,1.000000,-1.000000,1,0.438214,12.143105,6.586000
s3_area,vbf,16,50,5,800.000000,800.000000,3.000000,150.000000,250.000000,6.000000,512,10000.000000,200.000000,165,6,56,0,400,0,3.636364,0.130080,4.723008,1.000000,-1.000000,1,0.596264,9.342844,8.644000
s3_area,vbf,17,50,5,800.000000,800.000000,3.000000,150.000000,250.000000,6.000000,512,10000.000000,200.000000,163,8,34,0,377,0,4.907975,0.173440,3.849707,1.000000,-1.000000,1,0.570411,9.284288,7.850000
s3_area,vbf,18,50,5,800.000000,800.000000,3.000000,150.000000,250.000000,6.000000,512,10000.000000,200.000000,165,8,54,0,380,0,4.848485,0.173440,5.020329,1.000000,-1.000000,1,0.556229,10.143812,8.170000
s3_area,vbf,19,50,5,800.000000,800.000000,3.000000,150.000000,250.000000,6.000000,512,10000.000000,200.000000,165,6,45,0,341,0,3.636364,0.130080,4.731744,1.000000,-1.000000,1,0.483873,11.427712,7.220000
s3_area,vbf,20,50,5,800.000000,800.000000,3.000000,150.000000,250.000000,6.000000,512,10000.000000,200.000000,164,5,71,0,402,0,3.048780,0.108400,4.059391,1.000000,-1.000000,1,0.619210,8.902030,8.940000
s3_area,hhvbf,1,50,5,800.000000,800.000000,3.000000,150.000000,250.000000,6.000000,512,10000.000000,200.000000,164,5,42,0,353,0,3.048780,0.108400,3.941313,1.000000,-1.000000,1,0.595144,9.694465,8.934000
s3_area,hhvbf,2,50,5,800.000000,800.000000,3.000000,150.000000,250.000000,6.000000,512,10000.000000,200.000000,164,15,60,0,406,0,9.146341,0.325200,3.853270,1.000000,-1.000000,1,0.625418,8.864820,9.106000
s3_area,hhvbf,3,50,5,800.000000,800.000000,3.000000,150.000000,250.000000,6.000000,512,10000.000000,200.000000,165,8,70,0,382,0,4.848485,0.173440,4.625069,1.000000,-1.000000,1,0.552119,10.125565,8.042000
s3_area,hhvbf,4,50,5,800.000000,800.000000,3.000000,150.000000,250.000000,6.000000,512,10000.000000,200.000000,163,8,84,0,370,0,4.907975,0.173440,3.124081,1.000000,-1.000000,1,0.596600,9.571431,8.866000
s3_area,hhvbf,6,50,5,800.000000,800.000000,3.000000,150.000000,250.000000,6.000000,512,10000.000000,200.000000,165,4,41,0,384,0,2.424242,0.086720,3.980112,1.000000,-1.000000,1,0.648558,7.591474,8.498000
s3_area,hhvbf,5,50,5,800.000000,800.000000,3.000000,150.000000,250.000000,6.000000,512,10000.000000,200.000000,165,3,11,0,420,0,1.818182,0.065040,3.610969,1.000000,-1.000000,1,0.584436,9.929995,8.814000
s3_area,hhvbf,7,50,5,800.000000,800.000000,3.000000,150.000000,250.000000,6.000000,512,10000.000000,200.000000,165,8,55,0,384,0,4.848485,0.173440,4.554035,1.000000,-1.000000,1,0.612913,9.055701,8.890000
s3_area,hhvbf,8,50,5,800.000000,800.000000,3.000000,150.000000,250.000000,6.000000,512,10000.000000,200.000000,164,7,18,0,402,0,4.268293,0.151760,4.481743,1.000000,-1.000000,1,0.594903,9.448573,8.700000
s3_area,hhvbf,9,50,5,800.000000,800.000000,3.000000,150.000000,250.000000,6.000000,512,10000.000000,200.000000,163,8,87,0,379,0,4.907975,0.173440,3.594936,1.000000,-1.000000,1,0.513747,11.438978,7.984000
s3_area,hhvbf,10,50,5,800.000000,800.000000,3.000000,150.000000,250.000000,6.000000,512,10000.000000,200.000000,165,9,36,0,418,0,5.454545,0.195120,7.299502,1.000000,-1.000000,1,0.708800,6.086657,8.670000
s3_area,hhvbf,11,50,5,800.000000,800.000000,3.000000,150.000000,250.000000,6.000000,512,10000.000000,200.000000,165,7,57,0,326,0,4.242424,0.151760,4.104417,1.000000,-1.000000,1,0.543349,9.751524,7.518000
s3_area,hhvbf,12,50,5,800.000000,800.000000,3.000000,150.000000,250.000000,6.000000,512,10000.000000,200.000000,165,10,65,0,436,0,6.060606,0.216800,3.920237,1.000000,-1.000000,1,0.655313,8.260976,9.488000
s3_area,hhvbf,14,50,5,800.000000,800.000000,3.000000,150.000000,250.000000,6.000000,512,10000.000000,200.000000,165,5,23,0,380,0,3.030303,0.108400,3.889170,1.000000,-1.000000,1,0.514058,11.564480,8.080000
s3_area,hhvbf,13,50,5,800.000000,800.000000,3.000000,150.000000,250.000000,6.000000,512,10000.000000,200.000000,165,9,75,0,437,0,5.454545,0.195120,3.494683,1.000000,-1.000000,1,0.616523,9.493699,9.442000
s3_area,hhvbf,15,50,5,800.000000,800.000000,3.000000,150.000000,250.000000,6.000000,512,10000.000000,200.000000,164,12,66,0,288,0,7.317073,0.260160,3.184018,1.000000,-1.000000,1,0.448361,11.554395,6.484000
s3_area,hhvbf,16,50,5,800.000000,800.000000,3.000000,150.000000,250.000000,6.000000,512,10000.000000,200.000000,165,5,56,0,406,0,3.030303,0.108400,3.261865,1.000000,-1.000000,1,0.621672,8.779410,8.896000
s3_area,hhvbf,17,50,5,800.000000,800.000000,3.000000,150.000000,250.000000,6.000000,512,10000.000000,200.000000,163,8,37,0,389,0,4.907975,0.173440,4.259987,1.000000,-1.000000,1,0.587994,9.159780,8.232000
s3_area,hhvbf,18,50,5,800.000000,800.000000,3.000000,150.000000,250.000000,6.000000,512,10000.000000,200.000000,165,8,62,0,400,0,4.848485,0.173440,4.672017,1.000000,-1.000000,1,0.554417,10.583907,8.472000
s3_area,hhvbf,20,50,5,800.000000,800.000000,3.000000,150.000000,250.000000,6.000000,512,10000.000000,200.000000,164,5,61,0,403,0,3.048780,0.108400,3.716835,1.000000,-1.000000,1,0.643119,8.197116,8.990000
s3_area,hhvbf,19,50,5,800.000000,800.000000,3.000000,150.000000,250.000000,6.000000,512,10000.000000,200.000000,165,6,46,0,355,0,3.636364,0.130080,4.774617,1.000000,-1.000000,1,0.484749,12.041470,7.630000
s3_area,dbr,1,50,5,800.000000,800.000000,3.000000,150.000000,250.000000,6.000000,512,10000.000000,200.000000,164,3,0,0,213,0,1.829268,0.005640,6.381339,1.333333,-1.000000,1,0.530636,8.367079,6.180000
s3_area,dbr,3,50,5,800.000000,800.000000,3.000000,150.000000,250.000000,6.000000,512,10000.000000,200.000000,165,5,26,0,214,0,3.030303,0.009400,49.499675,1.600000,-1.000000,1,0.500689,7.551647,5.046000
s3_area,dbr,2,50,5,800.000000,800.000000,3.000000,150.000000,250.000000,6.000000,512,10000.000000,200.000000,164,4,18,0,211,0,2.439024,0.007520,74.320337,1.750000,-1.000000,1,0.514339,7.120921,4.980000
s3_area,dbr,4,50,5,800.000000,800.000000,3.000000,150.000000,250.000000,6.000000,512,10000.000000,200.000000,163,5,53,0,212,0,3.067485,0.009400,19.938658,0.800000,-1.000000,1,0.572557,6.912481,5.888000
s3_area,dbr,5,50,5,800.000000,800.000000,3.000000,150.000000,250.000000,6.000000,512,10000.000000,200.000000,165,3,0,0,213,0,1.818182,0.005640,103.420716,1.333333,-1.000000,1,0.478883,7.615242,4.732000
s3_area,dbr,6,50,5,800.000000,800.000000,3.000000,150.000000,250.000000,6.000000,512,10000.000000,200.000000,165,2,0,0,214,0,1.212121,0.003760,84.253105,1.000000,-1.000000,1,0.492107,7.832300,5.086000
s3_area,dbr,7,50,5,800.000000,800.000000,3.000000,150.000000,250.000000,6.000000,512,10000.000000,200.000000,165,1,0,0,213,0,0.606061,0.001880,6.618932,1.000000,-1.000000,1,0.488819,8.731240,5.608000
s3_area,dbr,8,50,5,800.000000,800.000000,3.000000,150.000000,250.000000,6.000000,512,10000.000000,200.000000,164,2,0,0,210,0,1.219512,0.003760,10.177301,6.000000,-1.000000,1,0.456038,8.152372,4.694000
s3_area,dbr,9,50,5,800.000000,800.000000,3.000000,150.000000,250.000000,6.000000,512,10000.000000,200.000000,163,5,46,0,212,0,3.067485,0.009400,33.368247,0.600000,-1.000000,1,0.474138,8.027625,4.910000
s3_area,dbr,10,50,5,800.000000,800.000000,3.000000,150.000000,250.000000,6.000000,512,10000.000000,200.000000,165,5,0,0,214,0,3.030303,0.009400,80.118616,3.200000,-1.000000,1,0.441532,7.679772,4.212000
s3_area,dbr,11,50,5,800.000000,800.000000,3.000000,150.000000,250.000000,6.000000,512,10000.000000,200.000000,165,6,19,0,213,0,3.636364,0.011280,69.529975,2.333333,-1.000000,1,0.469209,8.370027,5.036000
s3_area,dbr,12,50,5,800.000000,800.000000,3.000000,150.000000,250.000000,6.000000,512,10000.000000,200.000000,165,4,11,0,213,0,2.424242,0.007520,38.796944,1.250000,-1.000000,1,0.498922,7.734750,5.138000
s3_area,dbr,13,50,5,800.000000,800.000000,3.000000,150.000000,250.000000,6.000000,512,10000.000000,200.000000,165,6,46,0,212,0,3.636364,0.011280,24.457535,1.000000,-1.000000,1,0.495306,7.697478,5.052000
s3_area,dbr,14,50,5,800.000000,800.000000,3.000000,150.000000,250.000000,6.000000,512,10000.000000,200.000000,165,5,7,0,213,0,3.030303,0.009400,7.172068,1.400000,-1.000000,1,0.393680,9.251221,4.310000
s3_area,dbr,15,50,5,800.000000,800.000000,3.000000,150.000000,250.000000,6.000000,512,10000.000000,200.000000,164,7,19,0,212,0,4.268293,0.013160,72.215060,0.857143,-1.000000,1,0.424573,9.190292,4.760000
s3_area,dbr,17,50,5,800.000000,800.000000,3.000000,150.000000,250.000000,6.000000,512,10000.000000,200.000000,163,5,25,0,211,0,3.067485,0.009400,53.142909,1.000000,-1.000000,1,0.438763,8.185972,4.448000
s3_area,dbr,16,50,5,800.000000,800.000000,3.000000,150.000000,250.000000,6.000000,512,10000.000000,200.000000,165,5,23,0,214,0,3.030303,0.009400,7.678569,2.400000,-1.000000,1,0.474625,7.655503,4.690000
s3_area,dbr,18,50,5,800.000000,800.000000,3.000000,150.000000,250.000000,6.000000,512,10000.000000,200.000000,165,4,5,0,213,0,2.424242,0.007520,8.124143,5.250000,-1.000000,1,0.387650,9.653552,4.404000
s3_area,dbr,20,50,5,800.000000,800.000000,3.000000,150.000000,250.000000,6.000000,512,10000.000000,200.000000,164,3,33,0,212,0,1.829268,0.005640,6.380514,0.666667,-1.000000,1,0.545618,6.404941,4.976000
s3_area,dbr,19,50,5,800.000000,800.000000,3.000000,150.000000,250.000000,6.000000,512,10000.000000,200.000000,165,5,0,0,214,0,3.030303,0.009400,6.490259,1.400000,-1.000000,1,0.394890,10.187155,4.766000
s3_area,adaptive,1,50,5,1000.000000,1000.000000,3.000000,150.000000,250.000000,6.000000,512,10000.000000,200.000000,164,27,48,56,1242,114,16.463415,0.476160,3.348409,1.777778,-1.000000,1,0.874685,5.890587,21.932000
s3_area,adaptive,2,50,5,1000.000000,1000.000000,3.000000,150.000000,250.000000,6.000000,512,10000.000000,200.000000,164,47,69,102,1235,93,28.658537,0.770560,3.695646,2.234043,-1.000000,1,0.913921,3.959011,21.962000
s3_area,adaptive,3,50,5,1000.000000,1000.000000,3.000000,150.000000,250.000000,6.000000,512,10000.000000,200.000000,165,59,55,68,1316,155,35.757576,1.073920,2.123423,0.983051,-1.000000,1,0.874296,5.744277,21.316000
s3_area,adaptive,4,50,5,1000.000000,1000.000000,3.000000,150.000000,250.000000,6.000000,512,10000.000000,200.000000,163,63,89,51,1249,111,38.650307,1.079040,1.384856,0.492063,-1.000000,1,0.881111,5.774931,22.752000
s3_area,adaptive,5,50,5,1000.000000,1000.000000,3.000000,150.000000,250.000000,6.000000,512,10000.000000,200.000000,165,3,3,106,1320,127,1.818182,0.003840,0.212086,0.000000,-1.000000,1,0.895284,4.635783,20.912000
s3_area,adaptive,6,50,5,1000.000000,1000.000000,3.000000,150.000000,250.000000,6.000000,512,10000.000000,200.000000,165,19,23,99,1227,105,11.515152,0.331520,3.626721,2.105263,-1.000000,1,0.895739,4.478011,20.294000
s3_area,adaptive,7,50,5,1000.000000,1000.000000,3.000000,150.000000,250.000000,6.000000,512,10000.000000,200.000000,165,10,24,76,1256,119,6.060606,0.128000,3.376222,2.000000,-1.000000,1,0.896653,4.553543,20.830000
s3_area,adaptive,8,50,5,1000.000000,1000.000000,3.000000,150.000000,250.000000,6.000000,512,10000.000000,200.000000,164,31,54,102,1225,117,18.902439,0.442880,3.319216,1.935484,-1.000000,1,0.918568,3.626166,21.320000
s3_area,adaptive,9,50,5,1000.000000,1000.000000,3.000000,150.000000,250.000000,6.000000,512,10000.000000,200.000000,163,62,61,73,1255,118,38.036810,1.135360,2.117501,0.935484,-1.000000,1,0.886537,4.918269,20.370000
s3_area,adaptive,10,50,5,1000.000000,1000.000000,3.000000,150.000000,250.000000,6.000000,512,10000.000000,200.000000,165,23,75,119,1324,173,13.939394,0.279040,4.278253,2.652174,-1.000000,1,0.929253,3.163193,21.536000
s3_area,adaptive,11,50,5,1000.000000,1000.000000,3.000000,150.000000,250.000000,6.000000,512,10000.000000,200.000000,165,34,51,137,1155,69,20.606061,0.542720,1.743401,0.735294,-1.000000,1,0.908869,3.709313,19.380000
s3_area,adaptive,12,50,5,1000.000000,1000.000000,3.000000,150.000000,250.000000,6.000000,512,10000.000000,200.000000,165,37,53,93,1292,116,22.424242,0.604160,3.040939,1.648649,-1.000000,1,0.907675,4.086518,21.060000
s3_area,adaptive,13,50,5,1000.000000,1000.000000,3.000000,150.000000,250.000000,6.000000,512,10000.000000,200.000000,165,53,91,56,1271,84,32.121212,0.893440,1.493014,0.528302,-1.000000,1,0.890026,5.032722,21.550000
s3_area,adaptive,14,50,5,1000.000000,1000.000000,3.000000,150.000000,250.000000,6.000000,512,10000.000000,200.000000,165,24,50,107,1253,130,14.545455,0.357120,2.151779,1.083333,-1.000000,1,0.913131,3.671717,20.174000
s3_area,adaptive,15,50,5,1000.000000,1000.000000,3.000000,150.000000,250.000000,6.000000,512,10000.000000,200.000000,164,28,38,108,1204,103,17.073171,0.458240,2.697719,1.428571,-1.000000,1,0.873513,5.016160,18.490000
s3_area,adaptive,16,50,5,1000.000000,1000.000000,3.000000,150.000000,250.000000,6.000000,512,10000.000000,200.000000,165,26,55,88,1254,102,15.757576,0.455680,1.575665,0.538462,-1.000000,1,0.922971,3.285162,20.470000
s3_area,adaptive,17,50,5,1000.000000,1000.000000,3.000000,150.000000,250.000000,6.000000,512,10000.000000,200.000000,163,5,4,116,1259,147,3.067485,0.083200,2.952109,1.600000,-1.000000,1,0.893811,4.611030,20.494000
s3_area,adaptive,18,50,5,1000.000000,1000.000000,3.000000,150.000000,250.000000,6.000000,512,10000.000000,200.000000,165,32,39,64,1257,55,19.393939,0.578560,2.678061,1.375000,-1.000000,1,0.884405,4.918080,19.968000
s3_area,adaptive,19,50,5,1000.000000,1000.000000,3.000000,150.000000,250.000000,6.000000,512,10000.000000,200.000000,165,37,80,76,1260,92,22.424242,0.584960,3.319702,2.054054,-1.000000,1,0.910417,4.072037,21.662000
s3_area,adaptive,20,50,5,1000.000000,1000.000000,3.000000,150.000000,250.000000,6.000000,512,10000.000000,200.000000,164,29,35,97,1277,106,17.682927,0.478720,1.737305,0.724138,-1.000000,1,0.913339,3.887944,21.416000
s3_area,vbf,1,50,5,1000.000000,1000.000000,3.000000,150.000000,250.000000,6.000000,512,10000.000000,200.000000,164,3,14,0,299,0,1.829268,0.065040,4.634314,1.000000,-1.000000,1,0.449982,11.353537,6.406000
s3_area,vbf,2,50,5,1000.000000,1000.000000,3.000000,150.000000,250.000000,6.000000,512,10000.000000,200.000000,164,9,30,0,328,0,5.487805,0.195120,5.953057,1.000000,-1.000000,1,0.489099,9.174194,5.898000
s3_area,vbf,3,50,5,1000.000000,1000.000000,3.000000,150.000000,250.000000,6.000000,512,10000.000000,200.000000,165,4,51,0,323,0,2.424242,0.086720,3.866763,1.000000,-1.000000,1,0.419734,11.721414,5.972000
s3_area,vbf,4,50,5,1000.000000,1000.000000,3.000000,150.000000,250.000000,6.000000,512,10000.000000,200.000000,163,5,71,0,346,0,3.067485,0.108400,2.115859,1.000000,-1.000000,1,0.485980,10.942287,6.962000
s3_area,vbf,5,50,5,1000.000000,1000.000000,3.000000,150.000000,250.000000,6.000000,512,10000.000000,200.000000,165,0,0,0,343,0,0.000000,0.000000,0.000000,0.000000,-1.000000,1,0.376208,13.152841,5.764000
s3_area,vbf,6,50,5,1000.000000,1000.000000,3.000000,150.000000,250.000000,6.000000,512,10000.000000,200.000000,165,2,12,0,315,0,1.212121,0.043360,4.744121,1.000000,-1.000000,1,0.454943,9.733668,5.584000
s3_area,vbf,7,50,5,1000.000000,1000.000000,3.000000,150.000000,250.000000,6.000000,512,10000.000000,200.000000,165,2,12,0,259,0,1.212121,0.043360,8.755984,1.000000,-1.000000,1,0.397424,10.064192,4.750000
s3_area,vbf,9,50,5,1000.000000,1000.000000,3.000000,150.000000,250.000000,6.000000,512,10000.000000,200.000000,163,4,56,0,274,0,2.453988,0.086720,2.777427,1.000000,-1.000000,1,0.383695,11.659458,5.246000
s3_area,vbf,8,50,5,1000.000000,1000.000000,3.000000,150.000000,250.000000,6.000000,512,10000.000000,200.000000,164,4,17,0,307,0,2.439024,0.086720,4.851633,1.000000,-1.000000,1,0.465141,9.643472,5.724000
s3_area,vbf,10,50,5,1000.000000,1000.000000,3.000000,150.000000,250.000000,6.000000,512,10000.000000,200.000000,165,2,1,0,260,0,1.212121,0.043360,8.027365,1.000000,-1.000000,1,0.390157,9.526047,4.384000
s3_area,vbf,11,50,5,1000.000000,1000.000000,3.000000,150.000000,250.000000,6.000000,512,10000.000000,200.000000,165,3,17,0,267,0,1.818182,0.065040,3.601352,1.000000,-1.000000,1,0.386168,10.303005,4.676000
s3_area,vbf,12,50,5,1000.000000,1000.000000,3.000000,150.000000,250.000000,6.000000,512,10000.000000,200.000000,165,4,38,0,331,0,2.424242,0.086720,6.360350,1.000000,-1.000000,1,0.419100,11.597237,5.896000
s3_area,vbf,13,50,5,1000.000000,1000.000000,3.000000,150.000000,250.000000,6.000000,512,10000.000000,200.000000,165,5,72,0,352,0,3.030303,0.108400,3.394245,1.000000,-1.000000,1,0.448022,11.810169,6.620000
s3_area,vbf,14,50,5,1000.000000,1000.000000,3.000000,150.000000,250.000000,6.000000,512,10000.000000,200.000000,165,2,5,0,258,0,1.212121,0.043360,2.048921,1.000000,-1.000000,1,0.274725,14.753360,4.384000
s3_area,vbf,15,50,5,1000.000000,1000.000000,3.000000,150.000000,250.000000,6.000000,512,10000.000000,200.000000,164,4,22,0,247,0,2.439024,0.086720,4.332504,1.000000,-1.000000,1,0.307564,12.823153,4.356000
s3_area,vbf,16,50,5,1000.000000,1000.000000,3.000000,150.000000,250.000000,6.000000,512,10000.000000,200.000000,165,1,19,0,307,0,0.606061,0.021680,1.028986,1.000000,-1.000000,1,0.385849,11.933593,5.410000
s3_area,vbf,17,50,5,1000.000000,1000.000000,3.000000,150.000000,250.000000,6.000000,512,10000.000000,200.000000,163,0,0,0,321,0,0.000000,0.000000,0.000000,0.000000,-1.000000,1,0.377191,12.575147,5.530000
s3_area,vbf,18,50,5,1000.000000,1000.000000,3.000000,150.000000,250.000000,6.000000,512,10000.000000,200.000000,165,2,31,0,292,0,1.212121,0.043360,2.829023,1.000000,-1.000000,1,0.352899,12.582495,5.072000
s3_area,vbf,19,50,5,1000.000000,1000.000000,3.000000,150.000000,250.000000,6.000000,512,10000.000000,200.000000,165,5,42,0,309,0,3.030303,0.108400,4.402839,1.000000,-1.000000,1,0.389870,11.419200,5.250000
s3_area,vbf,20,50,5,1000.000000,1000.000000,3.000000,150.000000,250.000000,6.000000,512,10000.000000,200.000000,164,3,40,0,344,0,1.829268,0.065040,3.554600,1.000000,-1.000000,1,0.478836,9.950320,6.182000
s3_area,hhvbf,1,50,5,1000.000000,1000.000000,3.000000,150.000000,250.000000,6.000000,512,10000.000000,200.000000,164,4,20,0,313,0,2.439024,0.086720,4.783569,1.000000,-1.000000,1,0.456535,11.512945,6.640000
s3_area,hhvbf,2,50,5,1000.000000,1000.000000,3.000000,150.000000,250.000000,6.000000,512,10000.000000,200.000000,164,9,26,0,325,0,5.487805,0.195120,5.143118,1.000000,-1.000000,1,0.480670,9.278595,5.800000
s3_area,hhvbf,3,50,5,1000.000000,1000.000000,3.000000,150.000000,250.000000,6.000000,512,10000.000000,200.000000,165,4,43,0,330,0,2.424242,0.086720,3.772856,1.000000,-1.000000,1,0.415983,12.051027,6.062000
s3_area,hhvbf,4,50,5,1000.000000,1000.000000,3.000000,150.000000,250.000000,6.000000,512,10000.000000,200.000000,163,5,72,0,339,0,3.067485,0.108400,2.115859,1.000000,-1.000000,1,0.485773,10.934128,6.952000
s3_area,hhvbf,5,50,5,1000.000000,1000.000000,3.000000,150.000000,250.000000,6.000000,512,10000.000000,200.000000,165,0,0,0,348,0,0.000000,0.000000,0.000000,0.000000,-1.000000,1,0.377539,13.300131,5.856000
s3_area,hhvbf,6,50,5,1000.000000,1000.000000,3.000000,150.000000,250.000000,6.000000,512,10000.000000,200.000000,165,2,17,0,318,0,1.212121,0.043360,4.639881,1.000000,-1.000000,1,0.471402,9.328718,5.654000
s3_area,hhvbf,7,50,5,1000.000000,1000.000000,3.000000,150.000000,250.000000,6.000000,512,10000.000000,200.000000,165,2,6,0,253,0,1.212121,0.043360,6.582969,1.000000,-1.000000,1,0.385330,10.015025,4.532000
s3_area,hhvbf,8,50,5,1000.000000,1000.000000,3.000000,150.000000,250.000000,6.000000,512,10000.000000,200.000000,164,6,37,0,340,0,3.658537,0.130080,6.872733,1.000000,-1.000000,1,0.504525,9.420793,6.376000
s3_area,hhvbf,9,50,5,1000.000000,1000.000000,3.000000,150.000000,250.000000,6.000000,512,10000.000000,200.000000,163,4,54,0,279,0,2.453988,0.086720,2.708280,1.000000,-1.000000,1,0.386795,11.718310,5.330000
s3_area,hhvbf,10,50,5,1000.000000,1000.000000,3.000000,150.000000,250.000000,6.000000,512,10000.000000,200.000000,165,4,1,0,264,0,2.424242,0.086720,8.827533,1.000000,-1.000000,1,0.404430,9.286159,4.490000
s3_area,hhvbf,11,50,5,1000.000000,1000.000000,3.000000,150.000000,250.000000,6.000000,512,10000.000000,200.000000,165,3,17,0,270,0,1.818182,0.065040,3.628645,1.000000,-1.000000,1,0.387622,10.373551,4.732000
s3_area,hhvbf,12,50,5,1000.000000,1000.000000,3.000000,150.000000,250.000000,6.000000,512,10000.000000,200.000000,165,4,35,0,349,0,2.424242,0.086720,5.809422,1.000000,-1.000000,1,0.439176,11.306254,6.152000
s3_area,hhvbf,13,50,5,1000.000000,1000.000000,3.000000,150.000000,250.000000,6.000000,512,10000.000000,200.000000,165,5,66,0,356,0,3.030303,0.108400,2.509522,1.000000,-1.000000,1,0.473791,10.966853,6.700000
s3_area,hhvbf,14,50,5,1000.000000,1000.000000,3.000000,150.000000,250.000000,6.000000,512,10000.000000,200.000000,165,3,11,0,262,0,1.818182,0.065040,3.022819,1.000000,-1.000000,1,0.289789,14.205521,4.494000
s3_area,hhvbf,15,50,5,1000.000000,1000.000000,3.000000,150.000000,250.000000,6.000000,512,10000.000000,200.000000,164,5,24,0,253,0,3.048780,0.108400,4.406874,1.000000,-1.000000,1,0.316157,12.685459,4.456000
s3_area,hhvbf,17,50,5,1000.000000,1000.000000,3.000000,150.000000,250.000000,6.000000,512,10000.000000,200.000000,163,1,5,0,328,0,0.613497,0.021680,4.974479,1.000000,-1.000000,1,0.391824,12.288044,5.688000
s3_area,hhvbf,16,50,5,1000.000000,1000.000000,3.000000,150.000000,250.000000,6.000000,512,10000.000000,200.000000,165,1,17,0,327,0,0.606061,0.021680,1.028986,1.000000,-1.000000,1,0.412345,11.545456,5.736000
s3_area,hhvbf,18,50,5,1000.000000,1000.000000,3.000000,150.000000,250.000000,6.000000,512,10000.000000,200.000000,165,3,32,0,297,0,1.818182,0.065040,5.478732,1.000000,-1.000000,1,0.364020,12.320531,5.170000
s3_area,hhvbf,19,50,5,1000.000000,1000.000000,3.000000,150.000000,250.000000,6.000000,512,10000.000000,200.000000,165,5,33,0,334,0,3.030303,0.108400,4.049197,1.000000,-1.000000,1,0.389394,12.196340,5.598000
s3_area,hhvbf,20,50,5,1000.000000,1000.000000,3.000000,150.000000,250.000000,6.000000,512,10000.000000,200.000000,164,2,43,0,349,0,1.219512,0.043360,1.933164,1.000000,-1.000000,1,0.484585,9.868975,6.250000
s3_area,dbr,1,50,5,1000.000000,1000.000000,3.000000,150.000000,250.000000,6.000000,512,10000.000000,200.000000,164,1,0,0,210,0,0.609756,0.001880,6.612462,2.000000,-1.000000,1,0.396858,9.697574,4.568000
s3_area,dbr,2,50,5,1000.000000,1000.000000,3.000000,150.000000,250.000000,6.000000,512,10000.000000,200.000000,164,1,0,0,210,0,0.609756,0.001880,7.812345,4.000000,-1.000000,1,0.383645,8.224837,3.700000
s3_area,dbr,3,50,5,1000.000000,1000.000000,3.000000,150.000000,250.000000,6.000000,512,10000.000000,200.000000,165,2,20,0,203,0,1.212121,0.003760,40.337177,1.500000,-1.000000,1,0.361824,9.069770,3.776000
s3_area,dbr,5,50,5,1000.000000,1000.000000,3.000000,150.000000,250.000000,6.000000,512,10000.000000,200.000000,165,2,0,0,206,0,1.212121,0.003760,186.670213,2.500000,-1.000000,1,0.326094,9.717839,3.546000
s3_area,dbr,4,50,5,1000.000000,1000.000000,3.000000,150.000000,250.000000,6.000000,512,10000.000000,200.000000,163,3,34,0,208,0,1.840491,0.005640,66.175868,0.333333,-1.000000,1,0.436174,8.406189,4.528000
s3_area,dbr,8,50,5,1000.000000,1000.000000,3.000000,150.000000,250.000000,6.000000,512,10000.000000,200.000000,164,0,0,0,204,0,0.000000,0.000000,0.000000,0.000000,-1.000000,1,0.350459,9.235858,3.690000
s3_area,dbr,6,50,5,1000.000000,1000.000000,3.000000,150.000000,250.000000,6.000000,512,10000.000000,200.000000,165,1,0,0,208,0,0.606061,0.001880,74.153721,2.000000,-1.000000,1,0.358191,8.965441,3.684000
s3_area,dbr,7,50,5,1000.000000,1000.000000,3.000000,150.000000,250.000000,6.000000,512,10000.000000,200.000000,165,0,0,0,203,0,0.000000,0.000000,0.000000,0.000000,-1.000000,1,0.316548,10.028458,3.528000
s3_area,dbr,11,50,5,1000.000000,1000.000000,3.000000,150.000000,250.000000,6.000000,512,10000.000000,200.000000,165,3,12,0,204,0,1.818182,0.005640,157.258729,1.000000,-1.000000,1,0.339505,9.579510,3.676000
s3_area,dbr,10,50,5,1000.000000,1000.000000,3.000000,150.000000,250.000000,6.000000,512,10000.000000,200.000000,165,10,0,0,211,0,6.060606,0.018800,177.238300,2.800000,-1.000000,1,0.339272,9.113094,3.494000
s3_area,dbr,9,50,5,1000.000000,1000.000000,3.000000,150.000000,250.000000,6.000000,512,10000.000000,200.000000,163,2,32,0,194,0,1.226994,0.003760,7.721267,1.000000,-1.000000,1,0.343747,9.676555,3.772000
s3_area,dbr,12,50,5,1000.000000,1000.000000,3.000000,150.000000,250.000000,6.000000,512,10000.000000,200.000000,165,2,0,0,212,0,1.212121,0.003760,26.462493,2.500000,-1.000000,1,0.350351,9.269561,3.702000
s3_area,dbr,13,50,5,1000.000000,1000.000000,3.000000,150.000000,250.000000,6.000000,512,10000.000000,200.000000,165,3,29,0,202,0,1.818182,0.005640,76.973541,0.333333,-1.000000,1,0.358127,9.167120,3.766000
s3_area,dbr,14,50,5,1000.000000,1000.000000,3.000000,150.000000,250.000000,6.000000,512,10000.000000,200.000000,165,2,6,0,203,0,1.212121,0.003760,6.408145,0.500000,-1.000000,1,0.273673,11.141542,3.296000
s3_area,dbr,15,50,5,1000.000000,1000.000000,3.000000,150.000000,250.000000,6.000000,512,10000.000000,200.000000,164,3,4,0,207,0,1.829268,0.005640,63.555310,1.333333,-1.000000,1,0.299229,10.777229,3.542000
s3_area,dbr,17,50,5,1000.000000,1000.000000,3.000000,150.000000,250.000000,6.000000,512,10000.000000,200.000000,163,0,0,0,204,0,0.000000,0.000000,0.000000,0.000000,-1.000000,1,0.313453,10.258726,3.566000
s3_area,dbr,16,50,5,1000.000000,1000.000000,3.000000,150.000000,250.000000,6.000000,512,10000.000000,200.000000,165,1,17,0,203,0,0.606061,0.001880,41.187986,0.000000,-1.000000,1,0.322296,9.826089,3.534000
s3_area,dbr,18,50,5,1000.000000,1000.000000,3.000000,150.000000,250.000000,6.000000,512,10000.000000,200.000000,165,2,0,0,206,0,1.212121,0.003760,49.514570,3.000000,-1.000000,1,0.285004,11.205644,3.476000
s3_area,dbr,20,50,5,1000.000000,1000.000000,3.000000,150.000000,250.000000,6.000000,512,10000.000000,200.000000,164,1,33,0,210,0,0.609756,0.001880,5.887024,0.000000,-1.000000,1,0.400423,8.106749,3.866000
s3_area,dbr,19,50,5,1000.000000,1000.000000,3.000000,150.000000,250.000000,6.000000,512,10000.000000,200.000000,165,2,0,0,211,0,1.212121,0.003760,7.144976,2.000000,-1.000000,1,0.287976,10.700018,3.360000
