label,protocol,seed,nNodes,nSources,fieldSize,waterDepth,maxSpeed,basePipeR,commRange,packetInterval,payloadBytes,bitRate,simTime,generated,delivered,duplicates,dropped,transmissions,fallbacks,pdr_pct,throughput_kbps,mean_delay_s,mean_hops,lifetime_s,lifetime_censored,jain_fairness,energy_gap_J,mean_consumed_J
s4_radius,adaptive,1,50,5,500.000000,500.000000,3.000000,50.000000,250.000000,6.000000,512,10000.000000,200.000000,164,88,185,10,1052,222,53.658537,1.168640,0.912291,0.181818,-1.000000,1,0.967238,2.768870,41.554000
s4_radius,adaptive,2,50,5,500.000000,500.000000,3.000000,50.000000,250.000000,6.000000,512,10000.000000,200.000000,164,72,277,23,1022,177,43.902439,0.610560,0.701258,0.166667,-1.000000,1,0.979705,1.746722,42.592000
s4_radius,adaptive,3,50,5,500.000000,500.000000,3.000000,50.000000,250.000000,6.000000,512,10000.000000,200.000000,165,77,252,11,1044,194,46.666667,0.981760,1.039573,0.298701,-1.000000,1,0.964894,2.684829,37.556000
s4_radius,adaptive,6,50,5,500.000000,500.000000,3.000000,50.000000,250.000000,6.000000,512,10000.000000,200.000000,165,58,225,0,1071,220,35.151515,0.688640,0.920731,0.241379,-1.000000,1,0.959902,3.212443,39.238000
s4_radius,adaptive,5,50,5,500.000000,500.000000,3.000000,50.000000,250.000000,6.000000,512,10000.000000,200.000000,165,71,212,10,1046,203,43.030303,0.916480,1.215911,0.422535,-1.000000,1,0.960922,3.189609,39.998000
s4_radius,adaptive,4,50,5,500.000000,500.000000,3.000000,50.000000,250.000000,6.000000,512,10000.000000,200.000000,163,77,233,20,1033,224,47.239264,0.904960,0.983403,0.311688,-1.000000,1,0.973375,2.220675,41.140000
s4_radius,adaptive,8,50,5,500.000000,500.000000,3.000000,50.000000,250.000000,6.000000,512,10000.000000,200.000000,164,66,268,30,1089,244,40.243902,0.622080,1.089417,0.424242,-1.000000,1,0.976171,1.948385,40.390000
s4_radius,adaptive,7,50,5,500.000000,500.000000,3.000000,50.000000,250.000000,6.000000,512,10000.000000,200.000000,165,63,164,8,989,224,38.181818,0.771840,1.211935,0.444444,-1.000000,1,0.968774,2.495945,39.332000
s4_radius,adaptive,9,50,5,500.000000,500.000000,3.000000,50.000000,250.000000,6.000000,512,10000.000000,200.000000,163,74,188,33,1081,193,45.398773,1.035520,1.449001,0.581081,-1.000000,1,0.974170,1.987982,37.978000
s4_radius,adaptive,10,50,5,500.000000,500.000000,3.000000,50.000000,250.000000,6.000000,512,10000.000000,200.000000,165,83,204,20,1077,270,50.303030,1.085440,1.229104,0.433735,-1.000000,1,0.976368,1.878899,39.278000
s4_radius,adaptive,11,50,5,500.000000,500.000000,3.000000,50.000000,250.000000,6.000000,512,10000.000000,200.000000,165,95,165,31,1006,203,57.575758,1.235200,1.005635,0.263158,-1.000000,1,0.964695,2.899842,40.330000
s4_radius,adaptive,12,50,5,500.000000,500.000000,3.000000,50.000000,250.000000,6.000000,512,10000.000000,200.000000,165,89,266,23,1019,209,53.939394,0.977920,0.887786,0.235955,-1.000000,1,0.972548,2.331680,41.878000
s4_radius,adaptive,13,50,5,500.000000,500.000000,3.000000,50.000000,250.000000,6.000000,512,10000.000000,200.000000,165,82,187,22,1037,217,49.696970,1.218560,1.151321,0.341463,-1.000000,1,0.969306,2.543200,40.782000
s4_radius,adaptive,14,50,5,500.000000,500.000000,3.000000,50.000000,250.000000,6.000000,512,10000.000000,200.000000,165,53,220,16,1104,283,32.121212,0.586240,1.238749,0.490566,-1.000000,1,0.973197,2.167781,39.890000
s4_radius,adaptive,15,50,5,500.000000,500.000000,3.000000,50.000000,250.000000,6.000000,512,10000.000000,200.000000,164,84,214,26,1057,227,51.219512,1.009920,1.012925,0.285714,-1.000000,1,0.970728,2.220565,37.366000
s4_radius,adaptive,16,50,5,500.000000,500.000000,3.000000,50.000000,250.000000,6.000000,512,10000.000000,200.000000,165,69,262,3,1053,233,41.818182,0.798720,1.480520,0.652174,-1.000000,1,0.975448,1.975161,39.724000
s4_radius,adaptive,17,50,5,500.000000,500.000000,3.000000,50.000000,250.000000,6.000000,512,10000.000000,200.000000,163,70,247,43,1064,186,42.944785,0.665600,0.876368,0.257143,-1.000000,1,0.962211,3.092771,40.134000
s4_radius,adaptive,18,50,5,500.000000,500.000000,3.000000,50.000000,250.000000,6.000000,512,10000.000000,200.000000,165,68,289,0,1064,142,41.212121,0.835840,1.040740,0.308824,-1.000000,1,0.964755,2.908323,40.518000
s4_radius,vbf,1,50,5,500.000000,500.000000,3.000000,50.000000,250.000000,6.000000,512,10000.000000,200.000000,164,12,99,0,207,0,7.317073,0.260160,2.341723,1.000000,-1.000000,1,0.820150,4.143861,10.382000
s4_radius,adaptive,19,50,5,500.000000,500.000000,3.000000,50.000000,250.000000,6.000000,512,10000.000000,200.000000,165,53,288,6,1049,175,32.121212,0.567040,1.021525,0.339623,-1.000000,1,0.963867,3.077657,41.804000
s4_radius,adaptive,20,50,5,500.000000,500.000000,3.000000,50.000000,250.000000,6.000000,512,10000.000000,200.000000,164,64,182,20,1031,190,39.024390,0.849920,1.004277,0.265625,-1.000000,1,0.965387,2.901441,41.174000
s4_radius,vbf,2,50,5,500.000000,500.000000,3.000000,50.000000,250.000000,6.000000,512,10000.000000,200.000000,164,22,63,0,238,0,13.414634,0.476960,2.593519,1.000000,-1.000000,1,0.838009,3.651719,10.278000
s4_radius,vbf,3,50,5,500.000000,500.000000,3.000000,50.000000,250.000000,6.000000,512,10000.000000,200.000000,165,11,61,0,213,0,6.666667,0.238480,2.254524,1.000000,-1.000000,1,0.753273,5.323462,9.270000
s4_radius,vbf,4,50,5,500.000000,500.000000,3.000000,50.000000,250.000000,6.000000,512,10000.000000,200.000000,163,14,80,0,203,0,8.588957,0.303520,2.323829,1.000000,-1.000000,1,0.794943,4.450432,9.612000
s4_radius,vbf,5,50,5,500.000000,500.000000,3.000000,50.000000,250.000000,6.000000,512,10000.000000,200.000000,165,15,50,0,248,0,9.090909,0.325200,2.887270,1.000000,-1.000000,1,0.813512,4.212961,10.134000
s4_radius,vbf,6,50,5,500.000000,500.000000,3.000000,50.000000,250.000000,6.000000,512,10000.000000,200.000000,165,9,64,0,196,0,5.454545,0.195120,2.236639,1.000000,-1.000000,1,0.776575,4.235223,8.286000
s4_radius,vbf,7,50,5,500.000000,500.000000,3.000000,50.000000,250.000000,6.000000,512,10000.000000,200.000000,165,16,48,0,189,0,9.696970,0.346880,2.738161,1.000000,-1.000000,1,0.814025,3.920595,9.460000
s4_radius,vbf,8,50,5,500.000000,500.000000,3.000000,50.000000,250.000000,6.000000,512,10000.000000,200.000000,164,11,49,0,232,0,6.707317,0.238480,2.921011,1.000000,-1.000000,1,0.809974,4.047601,9.532000
s4_radius,vbf,9,50,5,500.000000,500.000000,3.000000,50.000000,250.000000,6.000000,512,10000.000000,200.000000,163,8,80,0,223,0,4.907975,0.173440,2.855078,1.000000,-1.000000,1,0.723842,5.944062,9.038000
s4_radius,vbf,10,50,5,500.000000,500.000000,3.000000,50.000000,250.000000,6.000000,512,10000.000000,200.000000,165,13,66,0,251,0,7.878788,0.281840,3.060565,1.000000,-1.000000,1,0.845261,3.330087,9.858000
s4_radius,vbf,12,50,5,500.000000,500.000000,3.000000,50.000000,250.000000,6.000000,512,10000.000000,200.000000,165,12,71,0,172,0,7.272727,0.260160,2.348186,1.000000,-1.000000,1,0.798593,3.946402,8.700000
s4_radius,vbf,11,50,5,500.000000,500.000000,3.000000,50.000000,250.000000,6.000000,512,10000.000000,200.000000,165,15,84,0,198,0,9.090909,0.325200,2.224971,1.000000,-1.000000,1,0.819083,3.907853,9.726000
s4_radius,vbf,13,50,5,500.000000,500.000000,3.000000,50.000000,250.000000,6.000000,512,10000.000000,200.000000,165,13,80,0,247,0,7.878788,0.281840,2.978884,1.000000,-1.000000,1,0.843069,3.803999,11.088000
s4_radius,vbf,14,50,5,500.000000,500.000000,3.000000,50.000000,250.000000,6.000000,512,10000.000000,200.000000,165,7,27,0,231,0,4.242424,0.151760,2.637030,1.000000,-1.000000,1,0.713903,5.971449,8.694000
s4_radius,vbf,15,50,5,500.000000,500.000000,3.000000,50.000000,250.000000,6.000000,512,10000.000000,200.000000,164,13,108,0,214,0,7.926829,0.281840,2.487061,1.000000,-1.000000,1,0.773835,5.486027,10.582000
s4_radius,vbf,16,50,5,500.000000,500.000000,3.000000,50.000000,250.000000,6.000000,512,10000.000000,200.000000,165,13,63,0,233,0,7.878788,0.281840,3.457367,1.000000,-1.000000,1,0.804399,4.599147,10.482000
s4_radius,vbf,17,50,5,500.000000,500.000000,3.000000,50.000000,250.000000,6.000000,512,10000.000000,200.000000,163,14,75,0,205,0,8.588957,0.303520,2.286253,1.000000,-1.000000,1,0.691167,6.089131,8.058000
s4_radius,vbf,18,50,5,500.000000,500.000000,3.000000,50.000000,250.000000,6.000000,512,10000.000000,200.000000,165,15,70,0,221,0,9.090909,0.325200,2.994508,1.000000,-1.000000,1,0.785531,4.757928,9.760000
s4_radius,vbf,19,50,5,500.000000,500.000000,3.000000,50.000000,250.000000,6.000000,512,10000.000000,200.000000,165,9,66,0,191,0,5.454545,0.195120,2.841451,1.000000,-1.000000,1,0.632506,7.772068,8.194000
s4_radius,vbf,20,50,5,500.000000,500.000000,3.000000,50.000000,250.000000,6.000000,512,10000.000000,200.000000,164,15,73,0,218,0,9.146341,0.325200,2.739677,1.000000,-1.000000,1,0.792246,4.783545,10.178000
s4_radius,hhvbf,1,50,5,500.000000,500.000000,3.000000,50.000000,250.000000,6.000000,512,10000.000000,200.000000,164,12,102,0,208,0,7.317073,0.260160,2.334957,1.000000,-1.000000,1,0.818564,4.234829,10.506000
s4_radius,hhvbf,2,50,5,500.000000,500.000000,3.000000,50.000000,250.000000,6.000000,512,10000.000000,200.000000,164,22,66,0,238,0,13.414634,0.476960,2.514315,1.000000,-1.000000,1,0.840824,3.585921,10.290000
s4_radius,hhvbf,4,50,5,500.000000,500.000000,3.000000,50.000000,250.000000,6.000000,512,10000.000000,200.000000,163,14,80,0,203,0,8.588957,0.303520,2.323829,1.000000,-1.000000,1,0.794943,4.450432,9.612000
s4_radius,hhvbf,3,50,5,500.000000,500.000000,3.000000,50.000000,250.000000,6.000000,512,10000.000000,200.000000,165,11,65,0,211,0,6.666667,0.238480,2.260286,1.000000,-1.000000,1,0.758019,5.203527,9.272000
s4_radius,hhvbf,5,50,5,500.000000,500.000000,3.000000,50.000000,250.000000,6.000000,512,10000.000000,200.000000,165,15,57,0,242,0,9.090909,0.325200,2.689741,1.000000,-1.000000,1,0.810773,4.298863,10.172000
s4_radius,hhvbf,6,50,5,500.000000,500.000000,3.000000,50.000000,250.000000,6.000000,512,10000.000000,200.000000,165,9,64,0,196,0,5.454545,0.195120,2.236639,1.000000,-1.000000,1,0.776575,4.235223,8.286000
s4_radius,hhvbf,7,50,5,500.000000,500.000000,3.000000,50.000000,250.000000,6.000000,512,10000.000000,200.000000,165,15,48,0,187,0,9.090909,0.325200,2.588701,1.000000,-1.000000,1,0.810744,3.966530,9.384000
s4_radius,hhvbf,8,50,5,500.000000,500.000000,3.000000,50.000000,250.000000,6.000000,512,10000.000000,200.000000,164,11,49,0,239,0,6.707317,0.238480,2.710486,1.000000,-1.000000,1,0.800014,4.263850,9.476000
s4_radius,hhvbf,10,50,5,500.000000,500.000000,3.000000,50.000000,250.000000,6.000000,512,10000.000000,200.000000,165,14,68,0,254,0,8.484848,0.303520,3.210935,1.000000,-1.000000,1,0.848470,3.348103,10.142000
s4_radius,hhvbf,9,50,5,500.000000,500.000000,3.000000,50.000000,250.000000,6.000000,512,10000.000000,200.000000,163,8,76,0,218,0,4.907975,0.173440,3.042893,1.000000,-1.000000,1,0.726271,5.722910,8.796000
s4_radius,hhvbf,11,50,5,500.000000,500.000000,3.000000,50.000000,250.000000,6.000000,512,10000.000000,200.000000,165,16,84,0,199,0,9.696970,0.346880,2.381544,1.000000,-1.000000,1,0.819687,3.917255,9.786000
s4_radius,hhvbf,13,50,5,500.000000,500.000000,3.000000,50.000000,250.000000,6.000000,512,10000.000000,200.000000,165,13,93,0,255,0,7.878788,0.281840,2.746687,1.000000,-1.000000,1,0.834774,4.149410,11.426000
s4_radius,hhvbf,12,50,5,500.000000,500.000000,3.000000,50.000000,250.000000,6.000000,512,10000.000000,200.000000,165,12,70,0,171,0,7.272727,0.260160,2.348186,1.000000,-1.000000,1,0.795625,3.946443,8.556000
s4_radius,hhvbf,14,50,5,500.000000,500.000000,3.000000,50.000000,250.000000,6.000000,512,10000.000000,200.000000,165,8,26,0,232,0,4.848485,0.173440,2.721046,1.000000,-1.000000,1,0.714520,5.948725,8.684000
s4_radius,hhvbf,15,50,5,500.000000,500.000000,3.000000,50.000000,250.000000,6.000000,512,10000.000000,200.000000,164,12,100,0,208,0,7.317073,0.260160,2.286169,1.000000,-1.000000,1,0.774889,5.124204,9.938000
s4_radius,hhvbf,17,50,5,500.000000,500.000000,3.000000,50.000000,250.000000,6.000000,512,10000.000000,200.000000,163,13,75,0,206,0,7.975460,0.281840,2.092172,1.000000,-1.000000,1,0.692296,6.073050,8.074000
s4_radius,hhvbf,16,50,5,500.000000,500.000000,3.000000,50.000000,250.000000,6.000000,512,10000.000000,200.000000,165,13,60,0,228,0,7.878788,0.281840,3.116523,1.000000,-1.000000,1,0.808224,4.416705,10.294000
s4_radius,hhvbf,18,50,5,500.000000,500.000000,3.000000,50.000000,250.000000,6.000000,512,10000.000000,200.000000,165,15,71,0,221,0,9.090909,0.325200,3.028143,1.000000,-1.000000,1,0.783493,4.827882,9.796000
s4_radius,hhvbf,19,50,5,500.000000,500.000000,3.000000,50.000000,250.000000,6.000000,512,10000.000000,200.000000,165,10,67,0,193,0,6.060606,0.216800,2.824078,1.000000,-1.000000,1,0.632750,7.808666,8.240000
s4_radius,hhvbf,20,50,5,500.000000,500.000000,3.000000,50.000000,250.000000,6.000000,512,10000.000000,200.000000,164,15,71,0,217,0,9.146341,0.325200,2.592981,1.000000,-1.000000,1,0.786993,4.897610,10.126000
s4_radius,dbr,1,50,5,500.000000,500.000000,3.000000,50.000000,250.000000,6.000000,512,10000.000000,200.000000,164,8,87,0,213,0,4.878049,0.015040,25.443554,0.500000,-1.000000,1,0.827947,4.233911,11.146000
s4_radius,dbr,3,50,5,500.000000,500.000000,3.000000,50.000000,250.000000,6.000000,512,10000.000000,200.000000,165,10,85,0,214,0,6.060606,0.018800,28.822184,1.400000,-1.000000,1,0.740136,6.129222,10.032000
s4_radius,dbr,2,50,5,500.000000,500.000000,3.000000,50.000000,250.000000,6.000000,512,10000.000000,200.000000,164,12,98,0,213,0,7.317073,0.022560,28.350260,0.750000,-1.000000,1,0.844632,3.649003,10.754000
s4_radius,dbr,5,50,5,500.000000,500.000000,3.000000,50.000000,250.000000,6.000000,512,10000.000000,200.000000,165,6,22,0,212,0,3.636364,0.011280,21.883672,1.500000,-1.000000,1,0.767297,5.193646,9.690000
s4_radius,dbr,6,50,5,500.000000,500.000000,3.000000,50.000000,250.000000,6.000000,512,10000.000000,200.000000,165,8,71,0,211,0,4.848485,0.015040,21.195921,0.750000,-1.000000,1,0.789024,4.282325,8.952000
s4_radius,dbr,4,50,5,500.000000,500.000000,3.000000,50.000000,250.000000,6.000000,512,10000.000000,200.000000,163,9,89,0,210,0,5.521472,0.016920,7.134072,0.888889,-1.000000,1,0.819088,4.205046,10.466000
s4_radius,dbr,7,50,5,500.000000,500.000000,3.000000,50.000000,250.000000,6.000000,512,10000.000000,200.000000,165,7,42,0,210,0,4.242424,0.013160,43.428733,1.000000,-1.000000,1,0.767889,6.224478,11.648000
s4_radius,dbr,8,50,5,500.000000,500.000000,3.000000,50.000000,250.000000,6.000000,512,10000.000000,200.000000,164,12,24,0,213,0,7.317073,0.022560,11.687887,1.083333,-1.000000,1,0.748258,5.135975,8.732000
s4_radius,dbr,9,50,5,500.000000,500.000000,3.000000,50.000000,250.000000,6.000000,512,10000.000000,200.000000,163,6,65,0,210,0,3.680982,0.011280,6.723122,1.500000,-1.000000,1,0.769234,4.832043,9.104000
s4_radius,dbr,10,50,5,500.000000,500.000000,3.000000,50.000000,250.000000,6.000000,512,10000.000000,200.000000,165,10,53,0,213,0,6.060606,0.018800,31.628340,2.300000,-1.000000,1,0.742194,5.287904,8.738000
s4_radius,dbr,11,50,5,500.000000,500.000000,3.000000,50.000000,250.000000,6.000000,512,10000.000000,200.000000,165,13,94,0,213,0,7.878788,0.024440,22.661457,1.153846,-1.000000,1,0.830967,4.008316,10.762000
s4_radius,dbr,12,50,5,500.000000,500.000000,3.000000,50.000000,250.000000,6.000000,512,10000.000000,200.000000,165,13,101,0,214,0,7.878788,0.024440,17.366593,1.384615,-1.000000,1,0.807779,4.689846,10.902000
s4_radius,dbr,13,50,5,500.000000,500.000000,3.000000,50.000000,250.000000,6.000000,512,10000.000000,200.000000,165,9,70,0,213,0,5.454545,0.016920,15.750812,1.111111,-1.000000,1,0.797989,4.287613,9.420000
s4_radius,dbr,14,50,5,500.000000,500.000000,3.000000,50.000000,250.000000,6.000000,512,10000.000000,200.000000,165,7,10,0,213,0,4.242424,0.013160,18.922895,1.000000,-1.000000,1,0.744043,4.924527,8.208000
s4_radius,dbr,15,50,5,500.000000,500.000000,3.000000,50.000000,250.000000,6.000000,512,10000.000000,200.000000,164,9,110,0,212,0,5.487805,0.016920,20.268908,0.444444,-1.000000,1,0.756035,5.873934,10.366000
s4_radius,dbr,16,50,5,500.000000,500.000000,3.000000,50.000000,250.000000,6.000000,512,10000.000000,200.000000,165,12,24,0,212,0,7.272727,0.022560,20.730813,2.166667,-1.000000,1,0.702724,6.520253,9.052000
s4_radius,dbr,18,50,5,500.000000,500.000000,3.000000,50.000000,250.000000,6.000000,512,10000.000000,200.000000,165,6,48,0,211,0,3.636364,0.011280,17.643446,1.333333,-1.000000,1,0.731921,5.455389,8.600000
s4_radius,dbr,17,50,5,500.000000,500.000000,3.000000,50.000000,250.000000,6.000000,512,10000.000000,200.000000,163,13,101,0,210,0,7.975460,0.024440,32.140408,0.923077,-1.000000,1,0.722470,5.617585,8.490000
s4_radius,dbr,19,50,5,500.000000,500.000000,3.000000,50.000000,250.000000,6.000000,512,10000.000000,200.000000,165,6,32,0,211,0,3.636364,0.011280,6.472296,1.333333,-1.000000,1,0.610613,9.260194,9.016000
s4_radius,dbr,20,50,5,500.000000,500.000000,3.000000,50.000000,250.000000,6.000000,512,10000.000000,200.000000,164,6,62,0,211,0,3.658537,0.011280,11.603822,1.000000,-1.000000,1,0.790405,5.083818,10.708000
s4_radius,adaptive,1,50,5,500.000000,500.000000,3.000000,75.000000,250.000000,6.000000,512,10000.000000,200.000000,164,97,207,7,1053,178,59.146341,1.352960,0.936069,0.175258,-1.000000,1,0.965864,2.939370,42.306000
s4_radius,adaptive,2,50,5,500.000000,500.000000,3.000000,75.000000,250.000000,6.000000,512,10000.000000,200.000000,164,81,299,21,1026,87,49.390244,0.794880,0.764419,0.172840,-1.000000,1,0.980282,1.748473,43.896000
s4_radius,adaptive,3,50,5,500.000000,500.000000,3.000000,75.000000,250.000000,6.000000,512,10000.000000,200.000000,165,81,254,16,1046,103,49.090909,1.063680,0.897479,0.197531,-1.000000,1,0.963743,2.853944,38.630000
s4_radius,adaptive,4,50,5,500.000000,500.000000,3.000000,75.000000,250.000000,6.000000,512,10000.000000,200.000000,163,71,230,13,1024,174,43.558282,0.762880,0.769320,0.169014,-1.000000,1,0.973130,2.207900,40.526000
s4_radius,adaptive,6,50,5,500.000000,500.000000,3.000000,75.000000,250.000000,6.000000,512,10000.000000,200.000000,165,56,214,0,1074,157,33.939394,0.647680,0.965071,0.267857,-1.000000,1,0.961080,3.110382,39.166000
s4_radius,adaptive,5,50,5,500.000000,500.000000,3.000000,75.000000,250.000000,6.000000,512,10000.000000,200.000000,165,73,202,9,1045,146,44.242424,0.957440,1.595032,0.684932,-1.000000,1,0.964194,2.846442,39.024000
s4_radius,adaptive,9,50,5,500.000000,500.000000,3.000000,75.000000,250.000000,6.000000,512,10000.000000,200.000000,163,69,185,36,1081,143,42.331288,0.933120,1.243561,0.449275,-1.000000,1,0.980443,1.496519,37.882000
s4_radius,adaptive,8,50,5,500.000000,500.000000,3.000000,75.000000,250.000000,6.000000,512,10000.000000,200.000000,164,60,254,19,1072,174,36.585366,0.518400,0.956430,0.350000,-1.000000,1,0.978431,1.738025,39.850000
s4_radius,adaptive,7,50,5,500.000000,500.000000,3.000000,75.000000,250.000000,6.000000,512,10000.000000,200.000000,165,56,175,5,1016,143,33.939394,0.647680,1.048615,0.339286,-1.000000,1,0.969020,2.588989,41.128000
s4_radius,adaptive,10,50,5,500.000000,500.000000,3.000000,75.000000,250.000000,6.000000,512,10000.000000,200.000000,165,83,215,20,1064,176,50.303030,1.085440,1.160344,0.373494,-1.000000,1,0.976022,1.922463,39.602000
s4_radius,adaptive,12,50,5,500.000000,500.000000,3.000000,75.000000,250.000000,6.000000,512,10000.000000,200.000000,165,94,284,20,1034,191,56.969697,1.099520,1.106084,0.372340,-1.000000,1,0.975931,2.023151,41.516000
s4_radius,adaptive,11,50,5,500.000000,500.000000,3.000000,75.000000,250.000000,6.000000,512,10000.000000,200.000000,165,84,167,33,1023,174,50.909091,1.048320,0.874347,0.178571,-1.000000,1,0.966171,2.778650,40.362000
s4_radius,adaptive,15,50,5,500.000000,500.000000,3.000000,75.000000,250.000000,6.000000,512,10000.000000,200.000000,164,88,202,27,1045,193,53.658537,1.091840,1.047361,0.306818,-1.000000,1,0.968317,2.355057,36.568000
s4_radius,adaptive,14,50,5,500.000000,500.000000,3.000000,75.000000,250.000000,6.000000,512,10000.000000,200.000000,165,56,202,14,1101,238,33.939394,0.647680,1.754320,0.857143,-1.000000,1,0.977154,1.809715,39.150000
s4_radius,adaptive,13,50,5,500.000000,500.000000,3.000000,75.000000,250.000000,6.000000,512,10000.000000,200.000000,165,93,188,22,1041,158,56.363636,1.443840,1.593807,0.645161,-1.000000,1,0.970608,2.394929,40.134000
s4_radius,adaptive,18,50,5,500.000000,500.000000,3.000000,75.000000,250.000000,6.000000,512,10000.000000,200.000000,165,74,290,0,1067,69,44.848485,0.958720,1.081515,0.324324,-1.000000,1,0.963956,2.980044,40.580000
s4_radius,adaptive,17,50,5,500.000000,500.000000,3.000000,75.000000,250.000000,6.000000,512,10000.000000,200.000000,163,71,235,40,1063,128,43.558282,0.686080,0.862622,0.253521,-1.000000,1,0.965715,2.768303,39.668000
s4_radius,adaptive,16,50,5,500.000000,500.000000,3.000000,75.000000,250.000000,6.000000,512,10000.000000,200.000000,165,64,269,1,1076,153,38.787879,0.677120,1.441434,0.656250,-1.000000,1,0.973933,2.148580,40.668000
s4_radius,adaptive,19,50,5,500.000000,500.000000,3.000000,75.000000,250.000000,6.000000,512,10000.000000,200.000000,165,53,292,1,1035,112,32.121212,0.567040,0.935576,0.301887,-1.000000,1,0.963330,3.102604,41.514000
s4_radius,vbf,1,50,5,500.000000,500.000000,3.000000,75.000000,250.000000,6.000000,512,10000.000000,200.000000,164,14,99,0,260,0,8.536585,0.303520,2.682255,1.000000,-1.000000,1,0.822506,4.436316,11.280000
s4_radius,adaptive,20,50,5,500.000000,500.000000,3.000000,75.000000,250.000000,6.000000,512,10000.000000,200.000000,164,69,164,29,1044,169,42.073171,0.913920,1.168486,0.376812,-1.000000,1,0.964491,2.932525,40.546000
s4_radius,vbf,2,50,5,500.000000,500.000000,3.000000,75.000000,250.000000,6.000000,512,10000.000000,200.000000,164,19,68,0,277,0,11.585366,0.411920,2.710011,1.000000,-1.000000,1,0.848265,3.620873,10.952000
s4_radius,vbf,3,50,5,500.000000,500.000000,3.000000,75.000000,250.000000,6.000000,512,10000.000000,200.000000,165,16,79,0,252,0,9.696970,0.346880,2.666186,1.000000,-1.000000,1,0.770837,5.415118,10.286000
s4_radius,vbf,4,50,5,500.000000,500.000000,3.000000,75.000000,250.000000,6.000000,512,10000.000000,200.000000,163,16,72,0,224,0,9.815951,0.346880,2.483906,1.000000,-1.000000,1,0.811323,4.187877,9.942000
s4_radius,vbf,5,50,5,500.000000,500.000000,3.000000,75.000000,250.000000,6.000000,512,10000.000000,200.000000,165,14,56,0,276,0,8.484848,0.303520,2.849146,1.000000,-1.000000,1,0.820315,4.169916,10.458000
s4_radius,vbf,6,50,5,500.000000,500.000000,3.000000,75.000000,250.000000,6.000000,512,10000.000000,200.000000,165,14,63,0,241,0,8.484848,0.303520,2.954658,1.000000,-1.000000,1,0.826265,3.682562,9.590000
s4_radius,vbf,7,50,5,500.000000,500.000000,3.000000,75.000000,250.000000,6.000000,512,10000.000000,200.000000,165,13,61,0,231,0,7.878788,0.281840,2.886359,1.000000,-1.000000,1,0.824143,3.982696,10.232000
s4_radius,vbf,9,50,5,500.000000,500.000000,3.000000,75.000000,250.000000,6.000000,512,10000.000000,200.000000,163,12,104,0,284,0,7.361963,0.260160,3.130572,1.000000,-1.000000,1,0.729505,6.728378,10.492000
s4_radius,vbf,8,50,5,500.000000,500.000000,3.000000,75.000000,250.000000,6.000000,512,10000.000000,200.000000,164,16,46,0,296,0,9.756098,0.346880,2.855684,1.000000,-1.000000,1,0.797578,4.939025,10.826000
s4_radius,vbf,10,50,5,500.000000,500.000000,3.000000,75.000000,250.000000,6.000000,512,10000.000000,200.000000,165,17,81,0,343,0,10.303030,0.368560,2.867180,1.000000,-1.000000,1,0.883422,3.033683,12.206000
s4_radius,vbf,11,50,5,500.000000,500.000000,3.000000,75.000000,250.000000,6.000000,512,10000.000000,200.000000,165,15,83,0,222,0,9.090909,0.325200,2.272182,1.000000,-1.000000,1,0.827390,3.895405,10.218000
s4_radius,vbf,12,50,5,500.000000,500.000000,3.000000,75.000000,250.000000,6.000000,512,10000.000000,200.000000,165,14,83,0,220,0,8.484848,0.303520,2.580891,1.000000,-1.000000,1,0.828938,3.855763,10.216000
s4_radius,vbf,13,50,5,500.000000,500.000000,3.000000,75.000000,250.000000,6.000000,512,10000.000000,200.000000,165,15,91,0,289,0,9.090909,0.325200,2.992223,1.000000,-1.000000,1,0.819113,4.516925,11.244000
s4_radius,vbf,14,50,5,500.000000,500.000000,3.000000,75.000000,250.000000,6.000000,512,10000.000000,200.000000,165,12,42,0,281,0,7.272727,0.260160,3.686126,1.000000,-1.000000,1,0.781221,5.145883,10.316000
s4_radius,vbf,15,50,5,500.000000,500.000000,3.000000,75.000000,250.000000,6.000000,512,10000.000000,200.000000,164,13,109,0,238,0,7.926829,0.281840,2.729544,1.000000,-1.000000,1,0.793589,5.152114,11.044000
s4_radius,vbf,17,50,5,500.000000,500.000000,3.000000,75.000000,250.000000,6.000000,512,10000.000000,200.000000,163,15,76,0,257,0,9.202454,0.325200,2.442099,1.000000,-1.000000,1,0.713236,6.400545,9.292000
s4_radius,vbf,16,50,5,500.000000,500.000000,3.000000,75.000000,250.000000,6.000000,512,10000.000000,200.000000,165,15,77,0,272,0,9.090909,0.325200,3.226074,1.000000,-1.000000,1,0.843468,3.963034,11.584000
s4_radius,vbf,18,50,5,500.000000,500.000000,3.000000,75.000000,250.000000,6.000000,512,10000.000000,200.000000,165,17,85,0,291,0,10.303030,0.368560,3.175680,1.000000,-1.000000,1,0.808902,4.855466,11.362000
s4_radius,vbf,19,50,5,500.000000,500.000000,3.000000,75.000000,250.000000,6.000000,512,10000.000000,200.000000,165,9,89,0,231,0,5.454545,0.195120,2.650441,1.000000,-1.000000,1,0.648071,8.384081,9.368000
s4_radius,vbf,20,50,5,500.000000,500.000000,3.000000,75.000000,250.000000,6.000000,512,10000.000000,200.000000,164,17,70,0,255,0,10.365854,0.368560,3.047548,1.000000,-1.000000,1,0.796186,4.717562,10.260000
s4_radius,hhvbf,1,50,5,500.000000,500.000000,3.000000,75.000000,250.000000,6.000000,512,10000.000000,200.000000,164,15,102,0,258,0,9.146341,0.325200,2.580907,1.000000,-1.000000,1,0.825480,4.418984,11.450000
s4_radius,hhvbf,2,50,5,500.000000,500.000000,3.000000,75.000000,250.000000,6.000000,512,10000.000000,200.000000,164,20,60,0,283,0,12.195122,0.433600,3.278957,1.000000,-1.000000,1,0.840802,3.757934,10.782000
s4_radius,hhvbf,3,50,5,500.000000,500.000000,3.000000,75.000000,250.000000,6.000000,512,10000.000000,200.000000,165,16,77,0,248,0,9.696970,0.346880,2.704849,1.000000,-1.000000,1,0.773366,5.293496,10.186000
s4_radius,hhvbf,4,50,5,500.000000,500.000000,3.000000,75.000000,250.000000,6.000000,512,10000.000000,200.000000,163,17,73,0,224,0,10.429448,0.368560,2.502722,1.000000,-1.000000,1,0.812052,4.177181,9.960000
s4_radius,hhvbf,5,50,5,500.000000,500.000000,3.000000,75.000000,250.000000,6.000000,512,10000.000000,200.000000,165,16,54,0,287,0,9.696970,0.346880,2.743008,1.000000,-1.000000,1,0.825602,4.267454,11.066000
s4_radius,hhvbf,6,50,5,500.000000,500.000000,3.000000,75.000000,250.000000,6.000000,512,10000.000000,200.000000,165,13,62,0,240,0,7.878788,0.281840,2.821472,1.000000,-1.000000,1,0.824551,3.698274,9.526000
s4_radius,hhvbf,7,50,5,500.000000,500.000000,3.000000,75.000000,250.000000,6.000000,512,10000.000000,200.000000,165,15,57,0,234,0,9.090909,0.325200,2.771768,1.000000,-1.000000,1,0.829403,3.859167,10.256000
s4_radius,hhvbf,8,50,5,500.000000,500.000000,3.000000,75.000000,250.000000,6.000000,512,10000.000000,200.000000,164,17,48,0,288,0,10.365854,0.368560,2.974608,1.000000,-1.000000,1,0.803696,4.575615,10.386000
s4_radius,hhvbf,9,50,5,500.000000,500.000000,3.000000,75.000000,250.000000,6.000000,512,10000.000000,200.000000,163,10,98,0,270,0,6.134969,0.216800,3.199255,1.000000,-1.000000,1,0.755343,5.855018,10.298000
s4_radius,hhvbf,10,50,5,500.000000,500.000000,3.000000,75.000000,250.000000,6.000000,512,10000.000000,200.000000,165,16,68,0,324,0,9.696970,0.346880,3.225149,1.000000,-1.000000,1,0.876087,3.043059,11.468000
s4_radius,hhvbf,11,50,5,500.000000,500.000000,3.000000,75.000000,250.000000,6.000000,512,10000.000000,200.000000,165,16,87,0,223,0,9.696970,0.346880,2.427009,1.000000,-1.000000,1,0.830085,3.883226,10.366000
s4_radius,hhvbf,12,50,5,500.000000,500.000000,3.000000,75.000000,250.000000,6.000000,512,10000.000000,200.000000,165,15,77,0,218,0,9.090909,0.325200,2.752679,1.000000,-1.000000,1,0.828036,3.737197,9.844000
s4_radius,hhvbf,13,50,5,500.000000,500.000000,3.000000,75.000000,250.000000,6.000000,512,10000.000000,200.000000,165,14,85,0,296,0,8.484848,0.303520,2.911572,1.000000,-1.000000,1,0.831871,4.234789,11.438000
s4_radius,hhvbf,14,50,5,500.000000,500.000000,3.000000,75.000000,250.000000,6.000000,512,10000.000000,200.000000,165,11,50,0,291,0,6.666667,0.238480,3.549895,1.000000,-1.000000,1,0.787345,5.163447,10.696000
s4_radius,hhvbf,15,50,5,500.000000,500.000000,3.000000,75.000000,250.000000,6.000000,512,10000.000000,200.000000,164,14,110,0,242,0,8.536585,0.303520,2.754938,1.000000,-1.000000,1,0.793513,5.192567,11.126000
s4_radius,hhvbf,16,50,5,500.000000,500.000000,3.000000,75.000000,250.000000,6.000000,512,10000.000000,200.000000,165,16,75,0,271,0,9.696970,0.346880,3.176602,1.000000,-1.000000,1,0.842937,3.876877,11.290000
s4_radius,hhvbf,17,50,5,500.000000,500.000000,3.000000,75.000000,250.000000,6.000000,512,10000.000000,200.000000,163,17,78,0,254,0,10.429448,0.368560,2.622423,1.000000,-1.000000,1,0.726622,6.076454,9.354000
s4_radius,hhvbf,18,50,5,500.000000,500.000000,3.000000,75.000000,250.000000,6.000000,512,10000.000000,200.000000,165,19,84,0,286,0,11.515152,0.411920,3.652103,1.000000,-1.000000,1,0.819334,4.485066,11.180000
s4_radius,hhvbf,19,50,5,500.000000,500.000000,3.000000,75.000000,250.000000,6.000000,512,10000.000000,200.000000,165,10,79,0,227,0,6.060606,0.216800,2.835228,1.000000,-1.000000,1,0.652427,7.977375,9.062000
s4_radius,hhvbf,20,50,5,500.000000,500.000000,3.000000,75.000000,250.000000,6.000000,512,10000.000000,200.000000,164,17,70,0,254,0,10.365854,0.368560,2.703515,1.000000,-1.000000,1,0.795936,4.745369,10.306000
s4_radius,dbr,1,50,5,500.000000,500.000000,3.000000,75.000000,250.000000,6.000000,512,10000.000000,200.000000,164,8,87,0,213,0,4.878049,0.015040,25.443554,0.500000,-1.000000,1,0.827947,4.233911,11.146000
s4_radius,dbr,2,50,5,500.000000,500.000000,3.000000,75.000000,250.000000,6.000000,512,10000.000000,200.000000,164,12,98,0,213,0,7.317073,0.022560,28.350260,0.750000,-1.000000,1,0.844632,3.649003,10.754000
s4_radius,dbr,3,50,5,500.000000,500.000000,3.000000,75.000000,250.000000,6.000000,512,10000.000000,200.000000,165,10,85,0,214,0,6.060606,0.018800,28.822184,1.400000,-1.000000,1,0.740136,6.129222,10.032000
s4_radius,dbr,4,50,5,500.000000,500.000000,3.000000,75.000000,250.000000,6.000000,512,10000.000000,200.000000,163,9,89,0,210,0,5.521472,0.016920,7.134072,0.888889,-1.000000,1,0.819088,4.205046,10.466000
s4_radius,dbr,5,50,5,500.000000,500.000000,3.000000,75.000000,250.000000,6.000000,512,10000.000000,200.000000,165,6,22,0,212,0,3.636364,0.011280,21.883672,1.500000,-1.000000,1,0.767297,5.193646,9.690000
s4_radius,dbr,6,50,5,500.000000,500.000000,3.000000,75.000000,250.000000,6.000000,512,10000.000000,200.000000,165,8,71,0,211,0,4.848485,0.015040,21.195921,0.750000,-1.000000,1,0.789024,4.282325,8.952000
s4_radius,dbr,7,50,5,500.000000,500.000000,3.000000,75.000000,250.000000,6.000000,512,10000.000000,200.000000,165,7,42,0,210,0,4.242424,0.013160,43.428733,1.000000,-1.000000,1,0.767889,6.224478,11.648000
s4_radius,dbr,8,50,5,500.000000,500.000000,3.000000,75.000000,250.000000,6.000000,512,10000.000000,200.000000,164,12,24,0,213,0,7.317073,0.022560,11.687887,1.083333,-1.000000,1,0.748258,5.135975,8.732000
s4_radius,dbr,9,50,5,500.000000,500.000000,3.000000,75.000000,250.000000,6.000000,512,10000.000000,200.000000,163,6,65,0,210,0,3.680982,0.011280,6.723122,1.500000,-1.000000,1,0.769234,4.832043,9.104000
s4_radius,dbr,10,50,5,500.000000,500.000000,3.000000,75.000000,250.000000,6.000000,512,10000.000000,200.000000,165,10,53,0,213,0,6.060606,0.018800,31.628340,2.300000,-1.000000,1,0.742194,5.287904,8.738000
s4_radius,dbr,11,50,5,500.000000,500.000000,3.000000,75.000000,250.000000,6.000000,512,10000.000000,200.000000,165,13,94,0,213,0,7.878788,0.024440,22.661457,1.153846,-1.000000,1,0.830967,4.008316,10.762000
s4_radius,dbr,13,50,5,500.000000,500.000000,3.000000,75.000000,250.000000,6.000000,512,10000.000000,200.000000,165,9,70,0,213,0,5.454545,0.016920,15.750812,1.111111,-1.000000,1,0.797989,4.287613,9.420000
s4_radius,dbr,12,50,5,500.000000,500.000000,3.000000,75.000000,250.000000,6.000000,512,10000.000000,200.000000,165,13,101,0,214,0,7.878788,0.024440,17.366593,1.384615,-1.000000,1,0.807779,4.689846,10.902000
s4_radius,dbr,14,50,5,500.000000,500.000000,3.000000,75.000000,250.000000,6.000000,512,10000.000000,200.000000,165,7,10,0,213,0,4.242424,0.013160,18.922895,1.000000,-1.000000,1,0.744043,4.924527,8.208000
s4_radius,dbr,15,50,5,500.000000,500.000000,3.000000,75.000000,250.000000,6.000000,512,10000.000000,200.000000,164,9,110,0,212,0,5.487805,0.016920,20.268908,0.444444,-1.000000,1,0.756035,5.873934,10.366000
s4_radius,dbr,16,50,5,500.000000,500.000000,3.000000,75.000000,250.000000,6.000000,512,10000.000000,200.000000,165,12,24,0,212,0,7.272727,0.022560,20.730813,2.166667,-1.000000,1,0.702724,6.520253,9.052000
s4_radius,dbr,17,50,5,500.000000,500.000000,3.000000,75.000000,250.000000,6.000000,512,10000.000000,200.000000,163,13,101,0,210,0,7.975460,0.024440,32.140408,0.923077,-1.000000,1,0.722470,5.617585,8.490000
s4_radius,dbr,18,50,5,500.000000,500.000000,3.000000,75.000000,250.000000,6.000000,512,10000.000000,200.000000,165,6,48,0,211,0,3.636364,0.011280,17.643446,1.333333,-1.000000,1,0.731921,5.455389,8.600000
s4_radius,dbr,19,50,5,500.000000,500.000000,3.000000,75.000000,250.000000,6.000000,512,10000.000000,200.000000,165,6,32,0,211,0,3.636364,0.011280,6.472296,1.333333,-1.000000,1,0.610613,9.260194,9.016000
s4_radius,dbr,20,50,5,500.000000,500.000000,3.000000,75.000000,250.000000,6.000000,512,10000.000000,200.000000,164,6,62,0,211,0,3.658537,0.011280,11.603822,1.000000,-1.000000,1,0.790405,5.083818,10.708000
s4_radius,adaptive,1,50,5,500.000000,500.000000,3.000000,100.000000,250.000000,6.000000,512,10000.000000,200.000000,164,93,203,14,1038,111,56.707317,1.271040,0.865863,0.139785,-1.000000,1,0.967030,2.794990,41.676000
s4_radius,adaptive,3,50,5,500.000000,500.000000,3.000000,100.000000,250.000000,6.000000,512,10000.000000,200.000000,165,86,245,13,1050,65,52.121212,1.127680,1.044825,0.302326,-1.000000,1,0.965446,2.636276,37.476000
s4_radius,adaptive,2,50,5,500.000000,500.000000,3.000000,100.000000,250.000000,6.000000,512,10000.000000,200.000000,164,72,282,25,1031,58,43.902439,0.610560,0.631797,0.111111,-1.000000,1,0.981296,1.605561,42.514000
s4_radius,adaptive,4,50,5,500.000000,500.000000,3.000000,100.000000,250.000000,6.000000,512,10000.000000,200.000000,163,77,227,22,1019,96,47.239264,0.904960,0.977273,0.311688,-1.000000,1,0.973611,2.214639,41.400000
s4_radius,adaptive,5,50,5,500.000000,500.000000,3.000000,100.000000,250.000000,6.000000,512,10000.000000,200.000000,165,68,193,14,1040,99,41.212121,0.874240,1.265671,0.455882,-1.000000,1,0.965761,2.672019,38.340000
s4_radius,adaptive,6,50,5,500.000000,500.000000,3.000000,100.000000,250.000000,6.000000,512,10000.000000,200.000000,165,68,229,2,1087,89,41.212121,0.893440,1.046563,0.294118,-1.000000,1,0.962964,2.983185,39.514000
s4_radius,adaptive,7,50,5,500.000000,500.000000,3.000000,100.000000,250.000000,6.000000,512,10000.000000,200.000000,165,64,171,6,1009,90,38.787879,0.792320,1.242619,0.453125,-1.000000,1,0.967630,2.658179,40.384000
s4_radius,adaptive,9,50,5,500.000000,500.000000,3.000000,100.000000,250.000000,6.000000,512,10000.000000,200.000000,163,72,181,35,1079,79,44.171779,0.994560,1.333578,0.513889,-1.000000,1,0.977695,1.735157,38.458000
s4_radius,adaptive,8,50,5,500.000000,500.000000,3.000000,100.000000,250.000000,6.000000,512,10000.000000,200.000000,164,63,240,16,1071,109,38.414634,0.579840,0.921644,0.317460,-1.000000,1,0.975677,1.937778,39.344000
s4_radius,adaptive,10,50,5,500.000000,500.000000,3.000000,100.000000,250.000000,6.000000,512,10000.000000,200.000000,165,86,233,18,1093,98,52.121212,1.166080,1.377499,0.534884,-1.000000,1,0.976628,1.955672,41.344000
s4_radius,adaptive,12,50,5,500.000000,500.000000,3.000000,100.000000,250.000000,6.000000,512,10000.000000,200.000000,165,87,262,17,1015,139,52.727273,0.956160,0.983074,0.310345,-1.000000,1,0.976080,1.980727,40.902000
s4_radius,adaptive,11,50,5,500.000000,500.000000,3.000000,100.000000,250.000000,6.000000,512,10000.000000,200.000000,165,97,145,38,1021,173,58.787879,1.276160,1.060087,0.319588,-1.000000,1,0.964634,2.809124,39.000000
s4_radius,adaptive,13,50,5,500.000000,500.000000,3.000000,100.000000,250.000000,6.000000,512,10000.000000,200.000000,165,84,189,23,1041,80,50.909091,1.259520,1.151964,0.357143,-1.000000,1,0.971324,2.344790,40.290000
s4_radius,adaptive,14,50,5,500.000000,500.000000,3.000000,100.000000,250.000000,6.000000,512,10000.000000,200.000000,165,52,220,11,1093,145,31.515152,0.565760,1.226768,0.461538,-1.000000,1,0.971875,2.253892,39.498000
s4_radius,adaptive,15,50,5,500.000000,500.000000,3.000000,100.000000,250.000000,6.000000,512,10000.000000,200.000000,164,91,220,23,1057,145,55.487805,1.153280,1.001101,0.263736,-1.000000,1,0.973602,1.993712,37.258000
s4_radius,adaptive,16,50,5,500.000000,500.000000,3.000000,100.000000,250.000000,6.000000,512,10000.000000,200.000000,165,60,267,1,1067,90,36.363636,0.633600,1.101364,0.400000,-1.000000,1,0.973338,2.208875,40.864000
s4_radius,adaptive,17,50,5,500.000000,500.000000,3.000000,100.000000,250.000000,6.000000,512,10000.000000,200.000000,163,74,259,44,1083,88,45.398773,0.747520,0.851829,0.229730,-1.000000,1,0.965734,2.829119,40.562000
s4_radius,adaptive,18,50,5,500.000000,500.000000,3.000000,100.000000,250.000000,6.000000,512,10000.000000,200.000000,165,72,260,0,1068,28,43.636364,0.898560,0.968238,0.263889,-1.000000,1,0.966004,2.731992,39.486000
s4_radius,adaptive,19,50,5,500.000000,500.000000,3.000000,100.000000,250.000000,6.000000,512,10000.000000,200.000000,165,52,292,1,1058,70,31.515152,0.546560,1.069077,0.384615,-1.000000,1,0.965507,2.929325,41.718000
s4_radius,vbf,1,50,5,500.000000,500.000000,3.000000,100.000000,250.000000,6.000000,512,10000.000000,200.000000,164,15,93,0,307,0,9.146341,0.325200,2.850065,1.000000,-1.000000,1,0.829956,4.474368,11.934000
s4_radius,adaptive,20,50,5,500.000000,500.000000,3.000000,100.000000,250.000000,6.000000,512,10000.000000,200.000000,164,66,162,24,1042,109,40.243902,0.910080,1.116645,0.333333,-1.000000,1,0.963937,3.004363,40.890000
s4_radius,vbf,2,50,5,500.000000,500.000000,3.000000,100.000000,250.000000,6.000000,512,10000.000000,200.000000,164,22,55,0,320,0,13.414634,0.476960,2.847010,1.000000,-1.000000,1,0.838086,3.881354,10.930000
s4_radius,vbf,3,50,5,500.000000,500.000000,3.000000,100.000000,250.000000,6.000000,512,10000.000000,200.000000,165,23,79,0,286,0,13.939394,0.498640,3.496182,1.000000,-1.000000,1,0.798739,4.993741,11.018000
s4_radius,vbf,4,50,5,500.000000,500.000000,3.000000,100.000000,250.000000,6.000000,512,10000.000000,200.000000,163,17,80,0,270,0,10.429448,0.368560,2.339159,1.000000,-1.000000,1,0.842063,3.872332,11.208000
s4_radius,vbf,5,50,5,500.000000,500.000000,3.000000,100.000000,250.000000,6.000000,512,10000.000000,200.000000,165,16,65,0,322,0,9.696970,0.346880,3.096971,1.000000,-1.000000,1,0.839209,4.062344,11.528000
s4_radius,vbf,6,50,5,500.000000,500.000000,3.000000,100.000000,250.000000,6.000000,512,10000.000000,200.000000,165,16,65,0,309,0,9.696970,0.346880,3.053579,1.000000,-1.000000,1,0.845321,3.649449,10.808000
s4_radius,vbf,7,50,5,500.000000,500.000000,3.000000,100.000000,250.000000,6.000000,512,10000.000000,200.000000,165,16,55,0,279,0,9.696970,0.346880,2.990388,1.000000,-1.000000,1,0.816188,4.167082,10.188000
s4_radius,vbf,8,50,5,500.000000,500.000000,3.000000,100.000000,250.000000,6.000000,512,10000.000000,200.000000,164,15,40,0,331,0,9.146341,0.325200,2.867052,1.000000,-1.000000,1,0.820181,4.506211,11.292000
s4_radius,vbf,9,50,5,500.000000,500.000000,3.000000,100.000000,250.000000,6.000000,512,10000.000000,200.000000,163,11,99,0,312,0,6.748466,0.238480,4.153601,1.000000,-1.000000,1,0.784876,5.382303,11.002000
s4_radius,vbf,10,50,5,500.000000,500.000000,3.000000,100.000000,250.000000,6.000000,512,10000.000000,200.000000,165,20,81,0,379,0,12.121212,0.433600,3.357409,1.000000,-1.000000,1,0.874377,3.304235,12.270000
s4_radius,vbf,11,50,5,500.000000,500.000000,3.000000,100.000000,250.000000,6.000000,512,10000.000000,200.000000,165,16,82,0,253,0,9.696970,0.346880,2.270559,1.000000,-1.000000,1,0.825940,4.060415,10.552000
s4_radius,vbf,12,50,5,500.000000,500.000000,3.000000,100.000000,250.000000,6.000000,512,10000.000000,200.000000,165,17,76,0,265,0,10.303030,0.368560,3.098531,1.000000,-1.000000,1,0.847912,3.618180,10.916000
s4_radius,vbf,13,50,5,500.000000,500.000000,3.000000,100.000000,250.000000,6.000000,512,10000.000000,200.000000,165,15,83,0,341,0,9.090909,0.325200,3.333732,1.000000,-1.000000,1,0.838038,4.189519,11.794000
s4_radius,vbf,15,50,5,500.000000,500.000000,3.000000,100.000000,250.000000,6.000000,512,10000.000000,200.000000,164,17,119,0,287,0,10.365854,0.368560,2.797595,1.000000,-1.000000,1,0.807276,5.374246,12.456000
s4_radius,vbf,14,50,5,500.000000,500.000000,3.000000,100.000000,250.000000,6.000000,512,10000.000000,200.000000,165,11,60,0,374,0,6.666667,0.238480,3.457294,1.000000,-1.000000,1,0.799445,5.461311,12.098000
s4_radius,vbf,16,50,5,500.000000,500.000000,3.000000,100.000000,250.000000,6.000000,512,10000.000000,200.000000,165,17,85,0,333,0,10.303030,0.368560,3.736055,1.000000,-1.000000,1,0.863079,3.700445,12.520000
s4_radius,vbf,17,50,5,500.000000,500.000000,3.000000,100.000000,250.000000,6.000000,512,10000.000000,200.000000,163,15,75,0,299,0,9.202454,0.325200,2.853552,1.000000,-1.000000,1,0.745712,6.071930,10.200000
s4_radius,vbf,18,50,5,500.000000,500.000000,3.000000,100.000000,250.000000,6.000000,512,10000.000000,200.000000,165,19,77,0,356,0,11.515152,0.411920,3.377609,1.000000,-1.000000,1,0.798256,5.333709,11.736000
s4_radius,vbf,19,50,5,500.000000,500.000000,3.000000,100.000000,250.000000,6.000000,512,10000.000000,200.000000,165,12,74,0,282,0,7.272727,0.260160,3.046604,1.000000,-1.000000,1,0.667486,8.155545,9.818000
s4_radius,vbf,20,50,5,500.000000,500.000000,3.000000,100.000000,250.000000,6.000000,512,10000.000000,200.000000,164,18,84,0,309,0,10.975610,0.390240,2.856699,1.000000,-1.000000,1,0.807148,4.901601,11.352000
s4_radius,hhvbf,1,50,5,500.000000,500.000000,3.000000,100.000000,250.000000,6.000000,512,10000.000000,200.000000,164,14,99,0,298,0,8.536585,0.303520,2.721335,1.000000,-1.000000,1,0.824101,4.478228,11.502000
s4_radius,hhvbf,3,50,5,500.000000,500.000000,3.000000,100.000000,250.000000,6.000000,512,10000.000000,200.000000,165,21,78,0,275,0,12.727273,0.455280,3.002524,1.000000,-1.000000,1,0.786460,5.154258,10.626000
s4_radius,hhvbf,2,50,5,500.000000,500.000000,3.000000,100.000000,250.000000,6.000000,512,10000.000000,200.000000,164,24,53,0,330,0,14.634146,0.520320,2.824827,1.000000,-1.000000,1,0.847347,3.754734,11.282000
s4_radius,hhvbf,4,50,5,500.000000,500.000000,3.000000,100.000000,250.000000,6.000000,512,10000.000000,200.000000,163,17,84,0,277,0,10.429448,0.368560,2.454846,1.000000,-1.000000,1,0.839822,3.943479,11.238000
s4_radius,hhvbf,7,50,5,500.000000,500.000000,3.000000,100.000000,250.000000,6.000000,512,10000.000000,200.000000,165,15,55,0,270,0,9.090909,0.325200,3.030669,1.000000,-1.000000,1,0.818330,4.025418,9.972000
s4_radius,hhvbf,5,50,5,500.000000,500.000000,3.000000,100.000000,250.000000,6.000000,512,10000.000000,200.000000,165,18,50,0,313,0,10.909091,0.390240,3.474130,1.000000,-1.000000,1,0.829066,4.060733,10.768000
s4_radius,hhvbf,6,50,5,500.000000,500.000000,3.000000,100.000000,250.000000,6.000000,512,10000.000000,200.000000,165,20,66,0,313,0,12.121212,0.433600,4.008593,1.000000,-1.000000,1,0.851378,3.619709,11.200000
s4_radius,hhvbf,10,50,5,500.000000,500.000000,3.000000,100.000000,250.000000,6.000000,512,10000.000000,200.000000,165,19,78,0,391,0,11.515152,0.411920,3.481267,1.000000,-1.000000,1,0.877694,3.251852,12.428000
s4_radius,hhvbf,9,50,5,500.000000,500.000000,3.000000,100.000000,250.000000,6.000000,512,10000.000000,200.000000,163,10,97,0,330,0,6.134969,0.216800,3.491154,1.000000,-1.000000,1,0.775520,5.836274,11.356000
s4_radius,hhvbf,8,50,5,500.000000,500.000000,3.000000,100.000000,250.000000,6.000000,512,10000.000000,200.000000,164,17,50,0,320,0,10.365854,0.368560,3.657423,1.000000,-1.000000,1,0.831205,4.163422,11.196000
s4_radius,hhvbf,12,50,5,500.000000,500.000000,3.000000,100.000000,250.000000,6.000000,512,10000.000000,200.000000,165,18,71,0,265,0,10.909091,0.390240,3.538901,1.000000,-1.000000,1,0.843607,3.572952,10.454000
s4_radius,hhvbf,11,50,5,500.000000,500.000000,3.000000,100.000000,250.000000,6.000000,512,10000.000000,200.000000,165,15,79,0,249,0,9.090909,0.325200,2.207723,1.000000,-1.000000,1,0.818351,4.145151,10.270000
s4_radius,hhvbf,13,50,5,500.000000,500.000000,3.000000,100.000000,250.000000,6.000000,512,10000.000000,200.000000,165,17,83,0,332,0,10.303030,0.368560,3.196857,1.000000,-1.000000,1,0.839758,4.080740,11.624000
s4_radius,hhvbf,14,50,5,500.000000,500.000000,3.000000,100.000000,250.000000,6.000000,512,10000.000000,200.000000,165,11,59,0,360,0,6.666667,0.238480,3.618533,1.000000,-1.000000,1,0.789773,5.640747,11.840000
s4_radius,hhvbf,15,50,5,500.000000,500.000000,3.000000,100.000000,250.000000,6.000000,512,10000.000000,200.000000,164,19,114,0,289,0,11.585366,0.411920,2.957751,1.000000,-1.000000,1,0.811161,5.157510,12.232000
s4_radius,hhvbf,16,50,5,500.000000,500.000000,3.000000,100.000000,250.000000,6.000000,512,10000.000000,200.000000,165,18,77,0,332,0,10.909091,0.390240,3.293145,1.000000,-1.000000,1,0.853882,3.747230,11.812000
s4_radius,hhvbf,17,50,5,500.000000,500.000000,3.000000,100.000000,250.000000,6.000000,512,10000.000000,200.000000,163,16,75,0,306,0,9.815951,0.346880,2.900651,1.000000,-1.000000,1,0.734347,6.491158,10.346000
s4_radius,hhvbf,18,50,5,500.000000,500.000000,3.000000,100.000000,250.000000,6.000000,512,10000.000000,200.000000,165,16,81,0,356,0,9.696970,0.346880,3.657218,1.000000,-1.000000,1,0.804561,5.094527,11.622000
s4_radius,hhvbf,19,50,5,500.000000,500.000000,3.000000,100.000000,250.000000,6.000000,512,10000.000000,200.000000,165,14,75,0,280,0,8.484848,0.303520,3.064164,1.000000,-1.000000,1,0.668417,8.072937,9.754000
s4_radius,hhvbf,20,50,5,500.000000,500.000000,3.000000,100.000000,250.000000,6.000000,512,10000.000000,200.000000,164,17,74,0,307,0,10.365854,0.368560,2.827102,1.000000,-1.000000,1,0.829572,4.272871,11.368000
s4_radius,dbr,1,50,5,500.000000,500.000000,3.000000,100.000000,250.000000,6.000000,512,10000.000000,200.000000,164,8,87,0,213,0,4.878049,0.015040,25.443554,0.500000,-1.000000,1,0.827947,4.233911,11.146000
s4_radius,dbr,2,50,5,500.000000,500.000000,3.000000,100.000000,250.000000,6.000000,512,10000.000000,200.000000,164,12,98,0,213,0,7.317073,0.022560,28.350260,0.750000,-1.000000,1,0.844632,3.649003,10.754000
s4_radius,dbr,3,50,5,500.000000,500.000000,3.000000,100.000000,250.000000,6.000000,512,10000.000000,200.000000,165,10,85,0,214,0,6.060606,0.018800,28.822184,1.400000,-1.000000,1,0.740136,6.129222,10.032000
s4_radius,dbr,4,50,5,500.000000,500.000000,3.000000,100.000000,250.000000,6.000000,512,10000.000000,200.000000,163,9,89,0,210,0,5.521472,0.016920,7.134072,0.888889,-1.000000,1,0.819088,4.205046,10.466000
s4_radius,dbr,5,50,5,500.000000,500.000000,3.000000,100.000000,250.000000,6.000000,512,10000.000000,200.000000,165,6,22,0,212,0,3.636364,0.011280,21.883672,1.500000,-1.000000,1,0.767297,5.193646,9.690000
s4_radius,dbr,6,50,5,500.000000,500.000000,3.000000,100.000000,250.000000,6.000000,512,10000.000000,200.000000,165,8,71,0,211,0,4.848485,0.015040,21.195921,0.750000,-1.000000,1,0.789024,4.282325,8.952000
s4_radius,dbr,8,50,5,500.000000,500.000000,3.000000,100.000000,250.000000,6.000000,512,10000.000000,200.000000,164,12,24,0,213,0,7.317073,0.022560,11.687887,1.083333,-1.000000,1,0.748258,5.135975,8.732000
s4_radius,dbr,7,50,5,500.000000,500.000000,3.000000,100.000000,250.000000,6.000000,512,10000.000000,200.000000,165,7,42,0,210,0,4.242424,0.013160,43.428733,1.000000,-1.000000,1,0.767889,6.224478,11.648000
s4_radius,dbr,9,50,5,500.000000,500.000000,3.000000,100.000000,250.000000,6.000000,512,10000.000000,200.000000,163,6,65,0,210,0,3.680982,0.011280,6.723122,1.500000,-1.000000,1,0.769234,4.832043,9.104000
s4_radius,dbr,10,50,5,500.000000,500.000000,3.000000,100.000000,250.000000,6.000000,512,10000.000000,200.000000,165,10,53,0,213,0,6.060606,0.018800,31.628340,2.300000,-1.000000,1,0.742194,5.287904,8.738000
s4_radius,dbr,11,50,5,500.000000,500.000000,3.000000,100.000000,250.000000,6.000000,512,10000.000000,200.000000,165,13,94,0,213,0,7.878788,0.024440,22.661457,1.153846,-1.000000,1,0.830967,4.008316,10.762000
s4_radius,dbr,12,50,5,500.000000,500.000000,3.000000,100.000000,250.000000,6.000000,512,10000.000000,200.000000,165,13,101,0,214,0,7.878788,0.024440,17.366593,1.384615,-1.000000,1,0.807779,4.689846,10.902000
s4_radius,dbr,13,50,5,500.000000,500.000000,3.000000,100.000000,250.000000,6.000000,512,10000.000000,200.000000,165,9,70,0,213,0,5.454545,0.016920,15.750812,1.111111,-1.000000,1,0.797989,4.287613,9.420000
s4_radius,dbr,14,50,5,500.000000,500.000000,3.000000,100.000000,250.000000,6.000000,512,10000.000000,200.000000,165,7,10,0,213,0,4.242424,0.013160,18.922895,1.000000,-1.000000,1,0.744043,4.924527,8.208000
s4_radius,dbr,15,50,5,500.000000,500.000000,3.000000,100.000000,250.000000,6.000000,512,10000.000000,200.000000,164,9,110,0,212,0,5.487805,0.016920,20.268908,0.444444,-1.000000,1,0.756035,5.873934,10.366000
s4_radius,dbr,16,50,5,500.000000,500.000000,3.000000,100.000000,250.000000,6.000000,512,10000.000000,200.000000,165,12,24,0,212,0,7.272727,0.022560,20.730813,2.166667,-1.000000,1,0.702724,6.520253,9.052000
s4_radius,dbr,17,50,5,500.000000,500.000000,3.000000,100.000000,250.000000,6.000000,512,10000.000000,200.000000,163,13,101,0,210,0,7.975460,0.024440,32.140408,0.923077,-1.000000,1,0.722470,5.617585,8.490000
s4_radius,dbr,18,50,5,500.000000,500.000000,3.000000,100.000000,250.000000,6.000000,512,10000.000000,200.000000,165,6,48,0,211,0,3.636364,0.011280,17.643446,1.333333,-1.000000,1,0.731921,5.455389,8.600000
s4_radius,dbr,19,50,5,500.000000,500.000000,3.000000,100.000000,250.000000,6.000000,512,10000.000000,200.000000,165,6,32,0,211,0,3.636364,0.011280,6.472296,1.333333,-1.000000,1,0.610613,9.260194,9.016000
s4_radius,dbr,20,50,5,500.000000,500.000000,3.000000,100.000000,250.000000,6.000000,512,10000.000000,200.000000,164,6,62,0,211,0,3.658537,0.011280,11.603822,1.000000,-1.000000,1,0.790405,5.083818,10.708000
s4_radius,adaptive,1,50,5,500.000000,500.000000,3.000000,125.000000,250.000000,6.000000,512,10000.000000,200.000000,164,97,198,12,1051,78,59.146341,1.372160,0.985860,0.216495,-1.000000,1,0.962932,3.131638,41.444000
s4_radius,adaptive,3,50,5,500.000000,500.000000,3.000000,125.000000,250.000000,6.000000,512,10000.000000,200.000000,165,91,229,14,1039,32,55.151515,1.249280,1.060732,0.296703,-1.000000,1,0.961868,2.888092,37.134000
s4_radius,adaptive,2,50,5,500.000000,500.000000,3.000000,125.000000,250.000000,6.000000,512,10000.000000,200.000000,164,71,254,23,1033,49,43.292683,0.628480,0.835881,0.253521,-1.000000,1,0.981600,1.533669,41.288000
s4_radius,adaptive,5,50,5,500.000000,500.000000,3.000000,125.000000,250.000000,6.000000,512,10000.000000,200.000000,165,64,206,11,1029,42,38.787879,0.792320,1.128538,0.390625,-1.000000,1,0.963007,2.919008,38.710000
s4_radius,adaptive,4,50,5,500.000000,500.000000,3.000000,125.000000,250.000000,6.000000,512,10000.000000,200.000000,163,76,211,13,1022,51,46.625767,0.903680,0.874313,0.236842,-1.000000,1,0.974199,2.139900,40.928000
s4_radius,adaptive,6,50,5,500.000000,500.000000,3.000000,125.000000,250.000000,6.000000,512,10000.000000,200.000000,165,62,216,7,1089,41,37.575758,0.770560,1.112825,0.370968,-1.000000,1,0.966260,2.695348,39.258000
s4_radius,adaptive,9,50,5,500.000000,500.000000,3.000000,125.000000,250.000000,6.000000,512,10000.000000,200.000000,163,76,176,34,1095,59,46.625767,1.076480,1.419793,0.565789,-1.000000,1,0.978124,1.658755,37.494000
s4_radius,adaptive,8,50,5,500.000000,500.000000,3.000000,125.000000,250.000000,6.000000,512,10000.000000,200.000000,164,64,245,18,1077,66,39.024390,0.600320,0.984065,0.359375,-1.000000,1,0.976070,1.929017,39.818000
s4_radius,adaptive,7,50,5,500.000000,500.000000,3.000000,125.000000,250.000000,6.000000,512,10000.000000,200.000000,165,62,169,8,1014,47,37.575758,0.770560,1.237294,0.467742,-1.000000,1,0.968898,2.573831,40.724000
s4_radius,adaptive,10,50,5,500.000000,500.000000,3.000000,125.000000,250.000000,6.000000,512,10000.000000,200.000000,165,91,201,28,1085,59,55.151515,1.287680,1.553180,0.648352,-1.000000,1,0.979632,1.625035,39.482000
s4_radius,adaptive,11,50,5,500.000000,500.000000,3.000000,125.000000,250.000000,6.000000,512,10000.000000,200.000000,165,89,151,31,1024,141,53.939394,1.150720,0.938998,0.224719,-1.000000,1,0.966788,2.670134,39.520000
s4_radius,adaptive,12,50,5,500.000000,500.000000,3.000000,125.000000,250.000000,6.000000,512,10000.000000,200.000000,165,94,277,20,1029,107,56.969697,1.099520,1.077018,0.361702,-1.000000,1,0.974106,2.176259,41.472000
s4_radius,adaptive,13,50,5,500.000000,500.000000,3.000000,125.000000,250.000000,6.000000,512,10000.000000,200.000000,165,90,181,21,1051,41,54.545455,1.382400,1.230450,0.400000,-1.000000,1,0.969862,2.508361,40.978000
s4_radius,adaptive,14,50,5,500.000000,500.000000,3.000000,125.000000,250.000000,6.000000,512,10000.000000,200.000000,165,55,209,12,1092,70,33.333333,0.627200,1.455202,0.636364,-1.000000,1,0.975431,1.992934,40.054000
s4_radius,adaptive,15,50,5,500.000000,500.000000,3.000000,125.000000,250.000000,6.000000,512,10000.000000,200.000000,164,90,223,24,1054,81,54.878049,1.132800,1.024875,0.300000,-1.000000,1,0.970889,2.209824,37.394000
s4_radius,adaptive,17,50,5,500.000000,500.000000,3.000000,125.000000,250.000000,6.000000,512,10000.000000,200.000000,163,73,237,39,1071,51,44.785276,0.727040,0.841570,0.246575,-1.000000,1,0.966063,2.731191,39.544000
s4_radius,adaptive,16,50,5,500.000000,500.000000,3.000000,125.000000,250.000000,6.000000,512,10000.000000,200.000000,165,68,259,1,1073,39,41.212121,0.778240,1.278986,0.500000,-1.000000,1,0.975840,1.971172,40.296000
s4_radius,adaptive,18,50,5,500.000000,500.000000,3.000000,125.000000,250.000000,6.000000,512,10000.000000,200.000000,165,73,257,0,1068,8,44.242424,0.919040,1.001983,0.287671,-1.000000,1,0.964344,2.889051,39.778000
s4_radius,vbf,1,50,5,500.000000,500.000000,3.000000,125.000000,250.000000,6.000000,512,10000.000000,200.000000,164,18,93,0,333,0,10.975610,0.390240,2.913440,1.000000,-1.000000,1,0.835209,4.350946,12.016000
s4_radius,adaptive,19,50,5,500.000000,500.000000,3.000000,125.000000,250.000000,6.000000,512,10000.000000,200.000000,165,61,278,1,1065,33,36.969697,0.750080,1.269069,0.475410,-1.000000,1,0.965885,2.886153,41.566000
s4_radius,adaptive,20,50,5,500.000000,500.000000,3.000000,125.000000,250.000000,6.000000,512,10000.000000,200.000000,164,69,178,22,1043,65,42.073171,0.952320,1.047183,0.289855,-1.000000,1,0.965204,2.874376,40.572000
s4_radius,vbf,4,50,5,500.000000,500.000000,3.000000,125.000000,250.000000,6.000000,512,10000.000000,200.000000,163,16,90,0,322,0,9.815951,0.346880,2.644115,1.000000,-1.000000,1,0.829995,4.554189,12.150000
s4_radius,vbf,3,50,5,500.000000,500.000000,3.000000,125.000000,250.000000,6.000000,512,10000.000000,200.000000,165,19,74,0,337,0,11.515152,0.411920,3.111935,1.000000,-1.000000,1,0.804293,4.988304,11.362000
s4_radius,vbf,2,50,5,500.000000,500.000000,3.000000,125.000000,250.000000,6.000000,512,10000.000000,200.000000,164,22,54,0,366,0,13.414634,0.476960,2.944938,1.000000,-1.000000,1,0.842654,4.093765,11.898000
s4_radius,vbf,6,50,5,500.000000,500.000000,3.000000,125.000000,250.000000,6.000000,512,10000.000000,200.000000,165,17,69,0,371,0,10.303030,0.368560,3.545523,1.000000,-1.000000,1,0.850006,3.790154,11.610000
s4_radius,vbf,5,50,5,500.000000,500.000000,3.000000,125.000000,250.000000,6.000000,512,10000.000000,200.000000,165,19,61,0,358,0,11.515152,0.411920,3.147685,1.000000,-1.000000,1,0.840229,3.987720,11.396000
s4_radius,vbf,7,50,5,500.000000,500.000000,3.000000,125.000000,250.000000,6.000000,512,10000.000000,200.000000,165,16,58,0,308,0,9.696970,0.346880,3.589854,1.000000,-1.000000,1,0.841936,3.712541,10.736000
s4_radius,vbf,8,50,5,500.000000,500.000000,3.000000,125.000000,250.000000,6.000000,512,10000.000000,200.000000,164,19,43,0,395,0,11.585366,0.411920,3.584537,1.000000,-1.000000,1,0.832392,4.530165,12.278000
s4_radius,vbf,9,50,5,500.000000,500.000000,3.000000,125.000000,250.000000,6.000000,512,10000.000000,200.000000,163,12,95,0,386,0,7.361963,0.260160,3.308797,1.000000,-1.000000,1,0.794987,5.792671,12.514000
s4_radius,vbf,10,50,5,500.000000,500.000000,3.000000,125.000000,250.000000,6.000000,512,10000.000000,200.000000,165,20,62,0,437,0,12.121212,0.433600,2.954872,1.000000,-1.000000,1,0.893719,2.826259,12.550000
s4_radius,vbf,11,50,5,500.000000,500.000000,3.000000,125.000000,250.000000,6.000000,512,10000.000000,200.000000,165,15,87,0,316,0,9.090909,0.325200,2.634862,1.000000,-1.000000,1,0.812271,4.861959,11.608000
s4_radius,vbf,12,50,5,500.000000,500.000000,3.000000,125.000000,250.000000,6.000000,512,10000.000000,200.000000,165,22,83,0,329,0,13.333333,0.476960,3.557472,1.000000,-1.000000,1,0.857313,3.715039,12.018000
s4_radius,vbf,13,50,5,500.000000,500.000000,3.000000,125.000000,250.000000,6.000000,512,10000.000000,200.000000,165,15,87,0,381,0,9.090909,0.325200,3.151140,1.000000,-1.000000,1,0.835136,4.358151,12.030000
s4_radius,vbf,14,50,5,500.000000,500.000000,3.000000,125.000000,250.000000,6.000000,512,10000.000000,200.000000,165,14,61,0,419,0,8.484848,0.303520,3.415779,1.000000,-1.000000,1,0.801385,5.461912,12.234000
s4_radius,vbf,15,50,5,500.000000,500.000000,3.000000,125.000000,250.000000,6.000000,512,10000.000000,200.000000,164,18,104,0,335,0,10.975610,0.390240,3.211643,1.000000,-1.000000,1,0.791999,5.879101,12.492000
s4_radius,vbf,16,50,5,500.000000,500.000000,3.000000,125.000000,250.000000,6.000000,512,10000.000000,200.000000,165,15,81,0,391,0,9.090909,0.325200,3.413792,1.000000,-1.000000,1,0.856487,3.951239,12.702000
s4_radius,vbf,17,50,5,500.000000,500.000000,3.000000,125.000000,250.000000,6.000000,512,10000.000000,200.000000,163,19,68,0,334,0,11.656442,0.411920,3.085786,1.000000,-1.000000,1,0.719459,7.086919,10.570000
s4_radius,vbf,18,50,5,500.000000,500.000000,3.000000,125.000000,250.000000,6.000000,512,10000.000000,200.000000,165,18,81,0,421,0,10.909091,0.390240,3.528505,1.000000,-1.000000,1,0.840306,4.426281,12.656000
s4_radius,vbf,19,50,5,500.000000,500.000000,3.000000,125.000000,250.000000,6.000000,512,10000.000000,200.000000,165,10,65,0,319,0,6.060606,0.216800,3.398343,1.000000,-1.000000,1,0.700820,7.080742,9.752000
s4_radius,hhvbf,1,50,5,500.000000,500.000000,3.000000,125.000000,250.000000,6.000000,512,10000.000000,200.000000,164,19,98,0,331,0,11.585366,0.411920,3.082608,1.000000,-1.000000,1,0.831901,4.521949,12.216000
s4_radius,vbf,20,50,5,500.000000,500.000000,3.000000,125.000000,250.000000,6.000000,512,10000.000000,200.000000,164,16,99,0,361,0,9.756098,0.346880,3.462828,1.000000,-1.000000,1,0.847099,4.214191,12.640000
s4_radius,hhvbf,2,50,5,500.000000,500.000000,3.000000,125.000000,250.000000,6.000000,512,10000.000000,200.000000,164,21,66,0,372,0,12.804878,0.455280,2.841738,1.000000,-1.000000,1,0.836239,4.476200,12.448000
s4_radius,hhvbf,3,50,5,500.000000,500.000000,3.000000,125.000000,250.000000,6.000000,512,10000.000000,200.000000,165,19,74,0,341,0,11.515152,0.411920,3.153949,1.000000,-1.000000,1,0.817827,4.674458,11.544000
s4_radius,hhvbf,4,50,5,500.000000,500.000000,3.000000,125.000000,250.000000,6.000000,512,10000.000000,200.000000,163,19,85,0,310,0,11.656442,0.411920,2.623989,1.000000,-1.000000,1,0.844341,4.006060,11.782000
s4_radius,hhvbf,5,50,5,500.000000,500.000000,3.000000,125.000000,250.000000,6.000000,512,10000.000000,200.000000,165,19,69,0,376,0,11.515152,0.411920,3.667213,1.000000,-1.000000,1,0.851759,3.712051,11.518000
s4_radius,hhvbf,6,50,5,500.000000,500.000000,3.000000,125.000000,250.000000,6.000000,512,10000.000000,200.000000,165,17,61,0,384,0,10.303030,0.368560,3.537773,1.000000,-1.000000,1,0.860236,3.674576,12.158000
s4_radius,hhvbf,7,50,5,500.000000,500.000000,3.000000,125.000000,250.000000,6.000000,512,10000.000000,200.000000,165,18,50,0,312,0,10.909091,0.390240,3.255487,1.000000,-1.000000,1,0.837864,3.699438,10.402000
s4_radius,hhvbf,8,50,5,500.000000,500.000000,3.000000,125.000000,250.000000,6.000000,512,10000.000000,200.000000,164,19,48,0,377,0,11.585366,0.411920,3.819522,1.000000,-1.000000,1,0.850640,4.014376,12.354000
s4_radius,hhvbf,9,50,5,500.000000,500.000000,3.000000,125.000000,250.000000,6.000000,512,10000.000000,200.000000,163,12,114,0,398,0,7.361963,0.260160,3.344775,1.000000,-1.000000,1,0.786507,6.149020,12.680000
s4_radius,hhvbf,10,50,5,500.000000,500.000000,3.000000,125.000000,250.000000,6.000000,512,10000.000000,200.000000,165,17,69,0,441,0,10.303030,0.368560,3.634239,1.000000,-1.000000,1,0.896180,2.736606,12.458000
s4_radius,hhvbf,11,50,5,500.000000,500.000000,3.000000,125.000000,250.000000,6.000000,512,10000.000000,200.000000,165,14,84,0,308,0,8.484848,0.303520,2.753101,1.000000,-1.000000,1,0.796738,4.991748,10.890000
s4_radius,hhvbf,13,50,5,500.000000,500.000000,3.000000,125.000000,250.000000,6.000000,512,10000.000000,200.000000,165,17,86,0,391,0,10.303030,0.368560,3.485464,1.000000,-1.000000,1,0.838588,4.241048,11.984000
s4_radius,hhvbf,12,50,5,500.000000,500.000000,3.000000,125.000000,250.000000,6.000000,512,10000.000000,200.000000,165,19,65,0,335,0,11.515152,0.411920,3.401684,1.000000,-1.000000,1,0.849255,3.808979,11.604000
s4_radius,hhvbf,14,50,5,500.000000,500.000000,3.000000,125.000000,250.000000,6.000000,512,10000.000000,200.000000,165,14,66,0,442,0,8.484848,0.303520,4.483917,1.000000,-1.000000,1,0.820644,5.253223,13.202000
s4_radius,hhvbf,15,50,5,500.000000,500.000000,3.000000,125.000000,250.000000,6.000000,512,10000.000000,200.000000,164,17,94,0,335,0,10.365854,0.368560,2.924618,1.000000,-1.000000,1,0.813873,5.068257,12.218000
s4_radius,hhvbf,16,50,5,500.000000,500.000000,3.000000,125.000000,250.000000,6.000000,512,10000.000000,200.000000,165,20,73,0,401,0,12.121212,0.433600,3.764588,1.000000,-1.000000,1,0.867030,3.634138,12.692000
s4_radius,hhvbf,17,50,5,500.000000,500.000000,3.000000,125.000000,250.000000,6.000000,512,10000.000000,200.000000,163,19,72,0,342,0,11.656442,0.411920,3.254297,1.000000,-1.000000,1,0.731577,6.842528,10.770000
s4_radius,hhvbf,18,50,5,500.000000,500.000000,3.000000,125.000000,250.000000,6.000000,512,10000.000000,200.000000,165,16,86,0,424,0,9.696970,0.346880,3.424524,1.000000,-1.000000,1,0.826055,4.798779,12.480000
s4_radius,hhvbf,19,50,5,500.000000,500.000000,3.000000,125.000000,250.000000,6.000000,512,10000.000000,200.000000,165,14,67,0,325,0,8.484848,0.303520,4.018192,1.000000,-1.000000,1,0.712710,6.949430,10.066000
s4_radius,hhvbf,20,50,5,500.000000,500.000000,3.000000,125.000000,250.000000,6.000000,512,10000.000000,200.000000,164,17,79,0,348,0,10.365854,0.368560,3.175065,1.000000,-1.000000,1,0.822752,4.426290,11.272000
s4_radius,dbr,1,50,5,500.000000,500.000000,3.000000,125.000000,250.000000,6.000000,512,10000.000000,200.000000,164,8,87,0,213,0,4.878049,0.015040,25.443554,0.500000,-1.000000,1,0.827947,4.233911,11.146000
s4_radius,dbr,2,50,5,500.000000,500.000000,3.000000,125.000000,250.000000,6.000000,512,10000.000000,200.000000,164,12,98,0,213,0,7.317073,0.022560,28.350260,0.750000,-1.000000,1,0.844632,3.649003,10.754000
s4_radius,dbr,3,50,5,500.000000,500.000000,3.000000,125.000000,250.000000,6.000000,512,10000.000000,200.000000,165,10,85,0,214,0,6.060606,0.018800,28.822184,1.400000,-1.000000,1,0.740136,6.129222,10.032000
s4_radius,dbr,4,50,5,500.000000,500.000000,3.000000,125.000000,250.000000,6.000000,512,10000.000000,200.000000,163,9,89,0,210,0,5.521472,0.016920,7.134072,0.888889,-1.000000,1,0.819088,4.205046,10.466000
s4_radius,dbr,5,50,5,500.000000,500.000000,3.000000,125.000000,250.000000,6.000000,512,10000.000000,200.000000,165,6,22,0,212,0,3.636364,0.011280,21.883672,1.500000,-1.000000,1,0.767297,5.193646,9.690000
s4_radius,dbr,6,50,5,500.000000,500.000000,3.000000,125.000000,250.000000,6.000000,512,10000.000000,200.000000,165,8,71,0,211,0,4.848485,0.015040,21.195921,0.750000,-1.000000,1,0.789024,4.282325,8.952000
s4_radius,dbr,7,50,5,500.000000,500.000000,3.000000,125.000000,250.000000,6.000000,512,10000.000000,200.000000,165,7,42,0,210,0,4.242424,0.013160,43.428733,1.000000,-1.000000,1,0.767889,6.224478,11.648000
s4_radius,dbr,9,50,5,500.000000,500.000000,3.000000,125.000000,250.000000,6.000000,512,10000.000000,200.000000,163,6,65,0,210,0,3.680982,0.011280,6.723122,1.500000,-1.000000,1,0.769234,4.832043,9.104000
s4_radius,dbr,8,50,5,500.000000,500.000000,3.000000,125.000000,250.000000,6.000000,512,10000.000000,200.000000,164,12,24,0,213,0,7.317073,0.022560,11.687887,1.083333,-1.000000,1,0.748258,5.135975,8.732000
s4_radius,dbr,10,50,5,500.000000,500.000000,3.000000,125.000000,250.000000,6.000000,512,10000.000000,200.000000,165,10,53,0,213,0,6.060606,0.018800,31.628340,2.300000,-1.000000,1,0.742194,5.287904,8.738000
s4_radius,dbr,11,50,5,500.000000,500.000000,3.000000,125.000000,250.000000,6.000000,512,10000.000000,200.000000,165,13,94,0,213,0,7.878788,0.024440,22.661457,1.153846,-1.000000,1,0.830967,4.008316,10.762000
s4_radius,dbr,12,50,5,500.000000,500.000000,3.000000,125.000000,250.000000,6.000000,512,10000.000000,200.000000,165,13,101,0,214,0,7.878788,0.024440,17.366593,1.384615,-1.000000,1,0.807779,4.689846,10.902000
s4_radius,dbr,13,50,5,500.000000,500.000000,3.000000,125.000000,250.000000,6.000000,512,10000.000000,200.000000,165,9,70,0,213,0,5.454545,0.016920,15.750812,1.111111,-1.000000,1,0.797989,4.287613,9.420000
s4_radius,dbr,14,50,5,500.000000,500.000000,3.000000,125.000000,250.000000,6.000000,512,10000.000000,200.000000,165,7,10,0,213,0,4.242424,0.013160,18.922895,1.000000,-1.000000,1,0.744043,4.924527,8.208000
s4_radius,dbr,15,50,5,500.000000,500.000000,3.000000,125.000000,250.000000,6.000000,512,10000.000000,200.000000,164,9,110,0,212,0,5.487805,0.016920,20.268908,0.444444,-1.000000,1,0.756035,5.873934,10.366000
s4_radius,dbr,16,50,5,500.000000,500.000000,3.000000,125.000000,250.000000,6.000000,512,10000.000000,200.000000,165,12,24,0,212,0,7.272727,0.022560,20.730813,2.166667,-1.000000,1,0.702724,6.520253,9.052000
s4_radius,dbr,17,50,5,500.000000,500.000000,3.000000,125.000000,250.000000,6.000000,512,10000.000000,200.000000,163,13,101,0,210,0,7.975460,0.024440,32.140408,0.923077,-1.000000,1,0.722470,5.617585,8.490000
s4_radius,dbr,18,50,5,500.000000,500.000000,3.000000,125.000000,250.000000,6.000000,512,10000.000000,200.000000,165,6,48,0,211,0,3.636364,0.011280,17.643446,1.333333,-1.000000,1,0.731921,5.455389,8.600000
s4_radius,dbr,19,50,5,500.000000,500.000000,3.000000,125.000000,250.000000,6.000000,512,10000.000000,200.000000,165,6,32,0,211,0,3.636364,0.011280,6.472296,1.333333,-1.000000,1,0.610613,9.260194,9.016000
s4_radius,dbr,20,50,5,500.000000,500.000000,3.000000,125.000000,250.000000,6.000000,512,10000.000000,200.000000,164,6,62,0,211,0,3.658537,0.011280,11.603822,1.000000,-1.000000,1,0.790405,5.083818,10.708000
s4_radius,adaptive,1,50,5,500.000000,500.000000,3.000000,150.000000,250.000000,6.000000,512,10000.000000,200.000000,164,96,187,9,1052,66,58.536585,1.390080,1.058349,0.260417,-1.000000,1,0.964606,2.933230,40.690000
s4_radius,adaptive,2,50,5,500.000000,500.000000,3.000000,150.000000,250.000000,6.000000,512,10000.000000,200.000000,164,76,255,23,1037,19,46.341463,0.730880,0.874030,0.250000,-1.000000,1,0.983736,1.370019,41.772000
s4_radius,adaptive,3,50,5,500.000000,500.000000,3.000000,150.000000,250.000000,6.000000,512,10000.000000,200.000000,165,87,210,12,1048,41,52.727273,1.186560,1.135258,0.356322,-1.000000,1,0.964027,2.673828,36.484000
s4_radius,adaptive,4,50,5,500.000000,500.000000,3.000000,150.000000,250.000000,6.000000,512,10000.000000,200.000000,163,68,219,16,1034,45,41.717791,0.739840,0.842252,0.235294,-1.000000,1,0.973185,2.227954,40.978000
s4_radius,adaptive,6,50,5,500.000000,500.000000,3.000000,150.000000,250.000000,6.000000,512,10000.000000,200.000000,165,78,224,2,1077,25,47.272727,1.098240,1.332189,0.487179,-1.000000,1,0.967565,2.552321,38.696000
s4_radius,adaptive,5,50,5,500.000000,500.000000,3.000000,150.000000,250.000000,6.000000,512,10000.000000,200.000000,165,70,189,14,1064,58,42.424242,0.915200,1.387078,0.571429,-1.000000,1,0.960863,3.034318,37.992000
s4_radius,adaptive,7,50,5,500.000000,500.000000,3.000000,150.000000,250.000000,6.000000,512,10000.000000,200.000000,165,67,168,10,1009,33,40.606061,0.853760,1.403938,0.582090,-1.000000,1,0.969652,2.505887,40.650000
s4_radius,adaptive,9,50,5,500.000000,500.000000,3.000000,150.000000,250.000000,6.000000,512,10000.000000,200.000000,163,78,185,32,1094,26,47.852761,1.117440,1.535489,0.653846,-1.000000,1,0.977536,1.736960,38.222000
s4_radius,adaptive,8,50,5,500.000000,500.000000,3.000000,150.000000,250.000000,6.000000,512,10000.000000,200.000000,164,71,245,17,1085,64,43.292683,0.743680,1.217965,0.521127,-1.000000,1,0.976112,1.927666,39.860000
s4_radius,adaptive,10,50,5,500.000000,500.000000,3.000000,150.000000,250.000000,6.000000,512,10000.000000,200.000000,165,87,200,28,1104,28,52.727273,1.167360,1.441035,0.586207,-1.000000,1,0.979593,1.611448,39.076000
s4_radius,adaptive,12,50,5,500.000000,500.000000,3.000000,150.000000,250.000000,6.000000,512,10000.000000,200.000000,165,94,271,22,1048,69,56.969697,1.099520,1.073892,0.351064,-1.000000,1,0.974161,2.191525,41.852000
s4_radius,adaptive,11,50,5,500.000000,500.000000,3.000000,150.000000,250.000000,6.000000,512,10000.000000,200.000000,165,104,155,41,1023,101,63.030303,1.419520,1.108187,0.346154,-1.000000,1,0.966304,2.765590,40.334000
s4_radius,adaptive,13,50,5,500.000000,500.000000,3.000000,150.000000,250.000000,6.000000,512,10000.000000,200.000000,165,89,187,26,1067,21,53.939394,1.361920,1.349852,0.494382,-1.000000,1,0.969511,2.498554,40.340000
s4_radius,adaptive,14,50,5,500.000000,500.000000,3.000000,150.000000,250.000000,6.000000,512,10000.000000,200.000000,165,54,209,16,1098,44,32.727273,0.606720,1.550932,0.703704,-1.000000,1,0.975416,1.924851,38.662000
s4_radius,adaptive,15,50,5,500.000000,500.000000,3.000000,150.000000,250.000000,6.000000,512,10000.000000,200.000000,164,85,189,25,1047,55,51.829268,1.049600,0.919942,0.223529,-1.000000,1,0.972732,2.020436,36.536000
s4_radius,adaptive,17,50,5,500.000000,500.000000,3.000000,150.000000,250.000000,6.000000,512,10000.000000,200.000000,163,75,224,42,1076,32,46.012270,0.787200,1.048592,0.386667,-1.000000,1,0.966651,2.634860,38.834000
s4_radius,adaptive,16,50,5,500.000000,500.000000,3.000000,150.000000,250.000000,6.000000,512,10000.000000,200.000000,165,68,253,2,1078,19,41.212121,0.778240,1.332825,0.544118,-1.000000,1,0.977361,1.802531,39.354000
s4_radius,adaptive,18,50,5,500.000000,500.000000,3.000000,150.000000,250.000000,6.000000,512,10000.000000,200.000000,165,79,236,0,1091,3,47.878788,1.061120,1.414603,0.569620,-1.000000,1,0.966401,2.678324,39.176000
s4_radius,adaptive,19,50,5,500.000000,500.000000,3.000000,150.000000,250.000000,6.000000,512,10000.000000,200.000000,165,66,292,1,1084,16,40.000000,0.814080,1.313306,0.515152,-1.000000,1,0.967366,2.767297,41.696000
s4_radius,vbf,1,50,5,500.000000,500.000000,3.000000,150.000000,250.000000,6.000000,512,10000.000000,200.000000,164,17,94,0,404,0,10.365854,0.368560,3.087907,1.000000,-1.000000,1,0.836261,4.595606,12.782000
s4_radius,adaptive,20,50,5,500.000000,500.000000,3.000000,150.000000,250.000000,6.000000,512,10000.000000,200.000000,164,66,161,29,1037,38,40.243902,0.910080,1.122282,0.348485,-1.000000,1,0.962816,3.048727,40.218000
s4_radius,vbf,2,50,5,500.000000,500.000000,3.000000,150.000000,250.000000,6.000000,512,10000.000000,200.000000,164,20,55,0,396,0,12.195122,0.433600,3.022361,1.000000,-1.000000,1,0.846429,3.995954,11.928000
s4_radius,vbf,3,50,5,500.000000,500.000000,3.000000,150.000000,250.000000,6.000000,512,10000.000000,200.000000,165,22,57,0,393,0,13.333333,0.476960,3.997583,1.000000,-1.000000,1,0.812070,4.956732,11.820000
s4_radius,vbf,4,50,5,500.000000,500.000000,3.000000,150.000000,250.000000,6.000000,512,10000.000000,200.000000,163,21,87,0,386,0,12.883436,0.455280,3.332326,1.000000,-1.000000,1,0.829574,4.688532,12.474000
s4_radius,vbf,6,50,5,500.000000,500.000000,3.000000,150.000000,250.000000,6.000000,512,10000.000000,200.000000,165,18,59,0,424,0,10.909091,0.390240,3.921455,1.000000,-1.000000,1,0.867975,3.472660,12.222000
s4_radius,vbf,5,50,5,500.000000,500.000000,3.000000,150.000000,250.000000,6.000000,512,10000.000000,200.000000,165,20,54,0,450,0,12.121212,0.433600,4.374599,1.000000,-1.000000,1,0.869015,3.497742,12.416000
s4_radius,vbf,7,50,5,500.000000,500.000000,3.000000,150.000000,250.000000,6.000000,512,10000.000000,200.000000,165,18,59,0,381,0,10.909091,0.390240,3.665612,1.000000,-1.000000,1,0.866431,3.513735,12.212000
s4_radius,vbf,8,50,5,500.000000,500.000000,3.000000,150.000000,250.000000,6.000000,512,10000.000000,200.000000,164,20,50,0,445,0,12.195122,0.433600,4.015685,1.000000,-1.000000,1,0.843711,4.355876,12.754000
s4_radius,vbf,9,50,5,500.000000,500.000000,3.000000,150.000000,250.000000,6.000000,512,10000.000000,200.000000,163,16,94,0,445,0,9.815951,0.346880,3.889611,1.000000,-1.000000,1,0.790837,6.091075,12.860000
s4_radius,vbf,10,50,5,500.000000,500.000000,3.000000,150.000000,250.000000,6.000000,512,10000.000000,200.000000,165,21,81,0,499,0,12.727273,0.455280,3.833563,1.000000,-1.000000,1,0.903291,2.687332,13.188000
s4_radius,vbf,11,50,5,500.000000,500.000000,3.000000,150.000000,250.000000,6.000000,512,10000.000000,200.000000,165,16,72,0,339,0,9.696970,0.346880,2.801754,1.000000,-1.000000,1,0.815092,4.714690,11.450000
s4_radius,vbf,13,50,5,500.000000,500.000000,3.000000,150.000000,250.000000,6.000000,512,10000.000000,200.000000,165,17,98,0,480,0,10.303030,0.368560,3.244359,1.000000,-1.000000,1,0.856224,4.192292,13.450000
s4_radius,vbf,12,50,5,500.000000,500.000000,3.000000,150.000000,250.000000,6.000000,512,10000.000000,200.000000,165,24,86,0,388,0,14.545455,0.520320,3.717986,1.000000,-1.000000,1,0.849172,4.192292,12.764000
s4_radius,vbf,15,50,5,500.000000,500.000000,3.000000,150.000000,250.000000,6.000000,512,10000.000000,200.000000,164,21,81,0,367,0,12.804878,0.455280,2.994383,1.000000,-1.000000,1,0.816157,4.966455,12.140000
s4_radius,vbf,14,50,5,500.000000,500.000000,3.000000,150.000000,250.000000,6.000000,512,10000.000000,200.000000,165,18,65,0,487,0,10.909091,0.390240,4.598328,1.000000,-1.000000,1,0.827467,5.066325,13.296000
s4_radius,vbf,16,50,5,500.000000,500.000000,3.000000,150.000000,250.000000,6.000000,512,10000.000000,200.000000,165,24,75,0,469,0,14.545455,0.520320,4.009975,1.000000,-1.000000,1,0.866935,3.932673,13.724000
s4_radius,vbf,17,50,5,500.000000,500.000000,3.000000,150.000000,250.000000,6.000000,512,10000.000000,200.000000,163,15,68,0,390,0,9.202454,0.325200,3.373824,1.000000,-1.000000,1,0.757148,6.533211,11.592000
s4_radius,vbf,18,50,5,500.000000,500.000000,3.000000,150.000000,250.000000,6.000000,512,10000.000000,200.000000,165,20,77,0,482,0,12.121212,0.433600,4.119651,1.000000,-1.000000,1,0.851808,4.262879,13.232000
s4_radius,vbf,19,50,5,500.000000,500.000000,3.000000,150.000000,250.000000,6.000000,512,10000.000000,200.000000,165,14,63,0,386,0,8.484848,0.303520,4.169751,1.000000,-1.000000,1,0.730295,6.774848,10.602000
s4_radius,vbf,20,50,5,500.000000,500.000000,3.000000,150.000000,250.000000,6.000000,512,10000.000000,200.000000,164,16,86,0,390,0,9.756098,0.346880,3.249040,1.000000,-1.000000,1,0.845447,4.209554,12.478000
s4_radius,hhvbf,1,50,5,500.000000,500.000000,3.000000,150.000000,250.000000,6.000000,512,10000.000000,200.000000,164,18,84,0,399,0,10.975610,0.390240,3.258056,1.000000,-1.000000,1,0.840327,4.309540,12.324000
s4_radius,hhvbf,2,50,5,500.000000,500.000000,3.000000,150.000000,250.000000,6.000000,512,10000.000000,200.000000,164,21,53,0,379,0,12.804878,0.455280,3.311981,1.000000,-1.000000,1,0.854104,3.763179,11.882000
s4_radius,hhvbf,3,50,5,500.000000,500.000000,3.000000,150.000000,250.000000,6.000000,512,10000.000000,200.000000,165,20,64,0,410,0,12.121212,0.433600,3.680788,1.000000,-1.000000,1,0.829240,4.517946,11.994000
s4_radius,hhvbf,4,50,5,500.000000,500.000000,3.000000,150.000000,250.000000,6.000000,512,10000.000000,200.000000,163,21,81,0,388,0,12.883436,0.455280,2.930137,1.000000,-1.000000,1,0.843534,4.267603,12.480000
s4_radius,hhvbf,5,50,5,500.000000,500.000000,3.000000,150.000000,250.000000,6.000000,512,10000.000000,200.000000,165,18,78,0,493,0,10.909091,0.390240,4.124185,1.000000,-1.000000,1,0.878004,3.499236,13.410000
s4_radius,hhvbf,6,50,5,500.000000,500.000000,3.000000,150.000000,250.000000,6.000000,512,10000.000000,200.000000,165,20,76,0,446,0,12.121212,0.433600,4.550314,1.000000,-1.000000,1,0.867048,3.793349,13.250000
s4_radius,hhvbf,7,50,5,500.000000,500.000000,3.000000,150.000000,250.000000,6.000000,512,10000.000000,200.000000,165,20,64,0,368,0,12.121212,0.433600,3.926093,1.000000,-1.000000,1,0.863218,3.411782,11.556000
s4_radius,hhvbf,8,50,5,500.000000,500.000000,3.000000,150.000000,250.000000,6.000000,512,10000.000000,200.000000,164,23,46,0,462,0,14.024390,0.498640,4.077828,1.000000,-1.000000,1,0.847189,4.377400,13.138000
s4_radius,hhvbf,9,50,5,500.000000,500.000000,3.000000,150.000000,250.000000,6.000000,512,10000.000000,200.000000,163,15,90,0,401,0,9.202454,0.325200,3.680755,1.000000,-1.000000,1,0.811329,5.064705,12.024000
s4_radius,hhvbf,10,50,5,500.000000,500.000000,3.000000,150.000000,250.000000,6.000000,512,10000.000000,200.000000,165,23,75,0,530,0,13.939394,0.498640,3.781815,1.000000,-1.000000,1,0.920155,2.331651,13.994000
s4_radius,hhvbf,11,50,5,500.000000,500.000000,3.000000,150.000000,250.000000,6.000000,512,10000.000000,200.000000,165,21,68,0,349,0,12.727273,0.455280,2.933288,1.000000,-1.000000,1,0.811006,4.866014,11.530000
s4_radius,hhvbf,12,50,5,500.000000,500.000000,3.000000,150.000000,250.000000,6.000000,512,10000.000000,200.000000,165,21,72,0,377,0,12.727273,0.455280,3.492868,1.000000,-1.000000,1,0.861152,3.617201,12.054000
s4_radius,hhvbf,13,50,5,500.000000,500.000000,3.000000,150.000000,250.000000,6.000000,512,10000.000000,200.000000,165,18,85,0,454,0,10.909091,0.390240,3.634615,1.000000,-1.000000,1,0.872983,3.572655,13.110000
s4_radius,hhvbf,14,50,5,500.000000,500.000000,3.000000,150.000000,250.000000,6.000000,512,10000.000000,200.000000,165,16,77,0,500,0,9.696970,0.346880,4.135404,1.000000,-1.000000,1,0.846128,4.745158,14.134000
s4_radius,hhvbf,15,50,5,500.000000,500.000000,3.000000,150.000000,250.000000,6.000000,512,10000.000000,200.000000,164,23,73,0,383,0,14.024390,0.498640,3.343523,1.000000,-1.000000,1,0.819594,4.952874,12.366000
s4_radius,hhvbf,16,50,5,500.000000,500.000000,3.000000,150.000000,250.000000,6.000000,512,10000.000000,200.000000,165,19,68,0,437,0,11.515152,0.411920,3.910330,1.000000,-1.000000,1,0.868956,3.608816,12.804000
s4_radius,hhvbf,17,50,5,500.000000,500.000000,3.000000,150.000000,250.000000,6.000000,512,10000.000000,200.000000,163,17,71,0,416,0,10.429448,0.368560,2.845924,1.000000,-1.000000,1,0.747453,7.276379,12.324000
s4_radius,hhvbf,18,50,5,500.000000,500.000000,3.000000,150.000000,250.000000,6.000000,512,10000.000000,200.000000,165,21,84,0,494,0,12.727273,0.455280,4.524435,1.000000,-1.000000,1,0.856474,4.202374,13.508000
s4_radius,hhvbf,19,50,5,500.000000,500.000000,3.000000,150.000000,250.000000,6.000000,512,10000.000000,200.000000,165,17,64,0,396,0,10.303030,0.368560,4.490719,1.000000,-1.000000,1,0.760492,6.139931,11.074000
s4_radius,hhvbf,20,50,5,500.000000,500.000000,3.000000,150.000000,250.000000,6.000000,512,10000.000000,200.000000,164,19,87,0,424,0,11.585366,0.411920,3.463247,1.000000,-1.000000,1,0.843168,4.457540,13.002000
s4_radius,dbr,1,50,5,500.000000,500.000000,3.000000,150.000000,250.000000,6.000000,512,10000.000000,200.000000,164,8,87,0,213,0,4.878049,0.015040,25.443554,0.500000,-1.000000,1,0.827947,4.233911,11.146000
s4_radius,dbr,2,50,5,500.000000,500.000000,3.000000,150.000000,250.000000,6.000000,512,10000.000000,200.000000,164,12,98,0,213,0,7.317073,0.022560,28.350260,0.750000,-1.000000,1,0.844632,3.649003,10.754000
s4_radius,dbr,3,50,5,500.000000,500.000000,3.000000,150.000000,250.000000,6.000000,512,10000.000000,200.000000,165,10,85,0,214,0,6.060606,0.018800,28.822184,1.400000,-1.000000,1,0.740136,6.129222,10.032000
s4_radius,dbr,4,50,5,500.000000,500.000000,3.000000,150.000000,250.000000,6.000000,512,10000.000000,200.000000,163,9,89,0,210,0,5.521472,0.016920,7.134072,0.888889,-1.000000,1,0.819088,4.205046,10.466000
s4_radius,dbr,5,50,5,500.000000,500.000000,3.000000,150.000000,250.000000,6.000000,512,10000.000000,200.000000,165,6,22,0,212,0,3.636364,0.011280,21.883672,1.500000,-1.000000,1,0.767297,5.193646,9.690000
s4_radius,dbr,6,50,5,500.000000,500.000000,3.000000,150.000000,250.000000,6.000000,512,10000.000000,200.000000,165,8,71,0,211,0,4.848485,0.015040,21.195921,0.750000,-1.000000,1,0.789024,4.282325,8.952000
s4_radius,dbr,7,50,5,500.000000,500.000000,3.000000,150.000000,250.000000,6.000000,512,10000.000000,200.000000,165,7,42,0,210,0,4.242424,0.013160,43.428733,1.000000,-1.000000,1,0.767889,6.224478,11.648000
s4_radius,dbr,8,50,5,500.000000,500.000000,3.000000,150.000000,250.000000,6.000000,512,10000.000000,200.000000,164,12,24,0,213,0,7.317073,0.022560,11.687887,1.083333,-1.000000,1,0.748258,5.135975,8.732000
s4_radius,dbr,9,50,5,500.000000,500.000000,3.000000,150.000000,250.000000,6.000000,512,10000.000000,200.000000,163,6,65,0,210,0,3.680982,0.011280,6.723122,1.500000,-1.000000,1,0.769234,4.832043,9.104000
s4_radius,dbr,10,50,5,500.000000,500.000000,3.000000,150.000000,250.000000,6.000000,512,10000.000000,200.000000,165,10,53,0,213,0,6.060606,0.018800,31.628340,2.300000,-1.000000,1,0.742194,5.287904,8.738000
s4_radius,dbr,11,50,5,500.000000,500.000000,3.000000,150.000000,250.000000,6.000000,512,10000.000000,200.000000,165,13,94,0,213,0,7.878788,0.024440,22.661457,1.153846,-1.000000,1,0.830967,4.008316,10.762000
s4_radius,dbr,12,50,5,500.000000,500.000000,3.000000,150.000000,250.000000,6.000000,512,10000.000000,200.000000,165,13,101,0,214,0,7.878788,0.024440,17.366593,1.384615,-1.000000,1,0.807779,4.689846,10.902000
s4_radius,dbr,13,50,5,500.000000,500.000000,3.000000,150.000000,250.000000,6.000000,512,10000.000000,200.000000,165,9,70,0,213,0,5.454545,0.016920,15.750812,1.111111,-1.000000,1,0.797989,4.287613,9.420000
s4_radius,dbr,14,50,5,500.000000,500.000000,3.000000,150.000000,250.000000,6.000000,512,10000.000000,200.000000,165,7,10,0,213,0,4.242424,0.013160,18.922895,1.000000,-1.000000,1,0.744043,4.924527,8.208000
s4_radius,dbr,15,50,5,500.000000,500.000000,3.000000,150.000000,250.000000,6.000000,512,10000.000000,200.000000,164,9,110,0,212,0,5.487805,0.016920,20.268908,0.444444,-1.000000,1,0.756035,5.873934,10.366000
s4_radius,dbr,17,50,5,500.000000,500.000000,3.000000,150.000000,250.000000,6.000000,512,10000.000000,200.000000,163,13,101,0,210,0,7.975460,0.024440,32.140408,0.923077,-1.000000,1,0.722470,5.617585,8.490000
s4_radius,dbr,16,50,5,500.000000,500.000000,3.000000,150.000000,250.000000,6.000000,512,10000.000000,200.000000,165,12,24,0,212,0,7.272727,0.022560,20.730813,2.166667,-1.000000,1,0.702724,6.520253,9.052000
s4_radius,dbr,18,50,5,500.000000,500.000000,3.000000,150.000000,250.000000,6.000000,512,10000.000000,200.000000,165,6,48,0,211,0,3.636364,0.011280,17.643446,1.333333,-1.000000,1,0.731921,5.455389,8.600000
s4_radius,dbr,19,50,5,500.000000,500.000000,3.000000,150.000000,250.000000,6.000000,512,10000.000000,200.000000,165,6,32,0,211,0,3.636364,0.011280,6.472296,1.333333,-1.000000,1,0.610613,9.260194,9.016000
s4_radius,dbr,20,50,5,500.000000,500.000000,3.000000,150.000000,250.000000,6.000000,512,10000.000000,200.000000,164,6,62,0,211,0,3.658537,0.011280,11.603822,1.000000,-1.000000,1,0.790405,5.083818,10.708000
s4_radius,adaptive,3,50,5,500.000000,500.000000,3.000000,200.000000,250.000000,6.000000,512,10000.000000,200.000000,165,84,190,15,1108,15,50.909091,1.125120,1.295499,0.476190,-1.000000,1,0.970295,2.177866,36.106000
s4_radius,adaptive,1,50,5,500.000000,500.000000,3.000000,200.000000,250.000000,6.000000,512,10000.000000,200.000000,164,92,172,15,1065,33,56.097561,1.346560,1.137736,0.315217,-1.000000,1,0.967326,2.654709,39.950000
s4_radius,adaptive,2,50,5,500.000000,500.000000,3.000000,200.000000,250.000000,6.000000,512,10000.000000,200.000000,164,69,253,24,1064,9,42.073171,0.568320,0.818425,0.289855,-1.000000,1,0.981249,1.556348,41.108000
s4_radius,adaptive,5,50,5,500.000000,500.000000,3.000000,200.000000,250.000000,6.000000,512,10000.000000,200.000000,165,79,177,16,1074,10,47.878788,1.099520,1.613644,0.721519,-1.000000,1,0.964667,2.638167,36.662000
s4_radius,adaptive,4,50,5,500.000000,500.000000,3.000000,200.000000,250.000000,6.000000,512,10000.000000,200.000000,163,76,217,19,1065,18,46.625767,0.903680,1.002568,0.328947,-1.000000,1,0.974266,2.108114,40.426000
s4_radius,adaptive,6,50,5,500.000000,500.000000,3.000000,200.000000,250.000000,6.000000,512,10000.000000,200.000000,165,69,204,11,1121,3,41.818182,0.913920,1.467943,0.608696,-1.000000,1,0.968203,2.490254,38.526000
s4_radius,adaptive,7,50,5,500.000000,500.000000,3.000000,200.000000,250.000000,6.000000,512,10000.000000,200.000000,165,69,164,9,1026,2,41.818182,0.933120,1.566106,0.666667,-1.000000,1,0.970297,2.394295,39.696000
s4_radius,adaptive,8,50,5,500.000000,500.000000,3.000000,200.000000,250.000000,6.000000,512,10000.000000,200.000000,164,66,214,27,1101,35,40.243902,0.622080,1.241973,0.545455,-1.000000,1,0.977709,1.686042,37.392000
s4_radius,adaptive,9,50,5,500.000000,500.000000,3.000000,200.000000,250.000000,6.000000,512,10000.000000,200.000000,163,82,172,42,1104,12,50.306748,1.199360,1.641447,0.768293,-1.000000,1,0.974586,1.881560,36.542000
s4_radius,adaptive,10,50,5,500.000000,500.000000,3.000000,200.000000,250.000000,6.000000,512,10000.000000,200.000000,165,83,191,27,1134,17,50.303030,1.085440,1.496635,0.626506,-1.000000,1,0.981623,1.381538,37.240000
s4_radius,adaptive,11,50,5,500.000000,500.000000,3.000000,200.000000,250.000000,6.000000,512,10000.000000,200.000000,165,106,156,38,1028,55,64.242424,1.479680,1.164770,0.358491,-1.000000,1,0.966662,2.712507,39.992000
s4_radius,adaptive,12,50,5,500.000000,500.000000,3.000000,200.000000,250.000000,6.000000,512,10000.000000,200.000000,165,88,236,19,1050,35,53.333333,0.957440,1.040018,0.352273,-1.000000,1,0.975799,1.960359,40.006000
s4_radius,adaptive,13,50,5,500.000000,500.000000,3.000000,200.000000,250.000000,6.000000,512,10000.000000,200.000000,165,92,164,30,1087,4,55.757576,1.423360,1.554344,0.630435,-1.000000,1,0.970170,2.342485,38.670000
s4_radius,adaptive,14,50,5,500.000000,500.000000,3.000000,200.000000,250.000000,6.000000,512,10000.000000,200.000000,165,56,203,21,1146,26,33.939394,0.686080,1.576564,0.714286,-1.000000,1,0.977427,1.788329,39.160000
s4_radius,adaptive,15,50,5,500.000000,500.000000,3.000000,200.000000,250.000000,6.000000,512,10000.000000,200.000000,164,82,161,31,1064,31,50.000000,0.988160,1.054420,0.341463,-1.000000,1,0.971361,2.051519,35.296000
s4_radius,adaptive,16,50,5,500.000000,500.000000,3.000000,200.000000,250.000000,6.000000,512,10000.000000,200.000000,165,75,216,1,1102,6,45.454545,0.940800,1.587355,0.733333,-1.000000,1,0.977370,1.746946,38.156000
s4_radius,adaptive,17,50,5,500.000000,500.000000,3.000000,200.000000,250.000000,6.000000,512,10000.000000,200.000000,163,79,220,48,1099,8,48.466258,0.830720,0.982559,0.341772,-1.000000,1,0.968012,2.517148,38.706000
s4_radius,adaptive,18,50,5,500.000000,500.000000,3.000000,200.000000,250.000000,6.000000,512,10000.000000,200.000000,165,85,211,0,1116,0,51.515152,1.164800,1.397820,0.552941,-1.000000,1,0.967071,2.512381,37.510000
s4_radius,adaptive,19,50,5,500.000000,500.000000,3.000000,200.000000,250.000000,6.000000,512,10000.000000,200.000000,165,74,250,1,1075,1,44.848485,0.977920,1.735184,0.824324,-1.000000,1,0.968665,2.458687,38.608000
s4_radius,adaptive,20,50,5,500.000000,500.000000,3.000000,200.000000,250.000000,6.000000,512,10000.000000,200.000000,164,76,172,41,1078,26,46.341463,1.134080,1.305291,0.434211,-1.000000,1,0.968280,2.609337,40.468000
s4_radius,vbf,1,50,5,500.000000,500.000000,3.000000,200.000000,250.000000,6.000000,512,10000.000000,200.000000,164,17,59,0,474,0,10.365854,0.368560,3.290172,1.000000,-1.000000,1,0.830495,4.730599,12.662000
s4_radius,vbf,2,50,5,500.000000,500.000000,3.000000,200.000000,250.000000,6.000000,512,10000.000000,200.000000,164,20,55,0,459,0,12.195122,0.433600,3.715099,1.000000,-1.000000,1,0.825349,4.849096,12.554000
s4_radius,vbf,3,50,5,500.000000,500.000000,3.000000,200.000000,250.000000,6.000000,512,10000.000000,200.000000,165,21,63,0,518,0,12.727273,0.455280,4.677448,1.000000,-1.000000,1,0.836186,4.897954,13.616000
s4_radius,vbf,4,50,5,500.000000,500.000000,3.000000,200.000000,250.000000,6.000000,512,10000.000000,200.000000,163,19,80,0,453,0,11.656442,0.411920,3.911363,1.000000,-1.000000,1,0.856951,3.958389,12.770000
s4_radius,vbf,5,50,5,500.000000,500.000000,3.000000,200.000000,250.000000,6.000000,512,10000.000000,200.000000,165,23,74,0,587,0,13.939394,0.498640,4.855060,1.000000,-1.000000,1,0.880062,3.661929,14.292000
s4_radius,vbf,6,50,5,500.000000,500.000000,3.000000,200.000000,250.000000,6.000000,512,10000.000000,200.000000,165,18,59,0,529,0,10.909091,0.390240,4.529911,1.000000,-1.000000,1,0.858989,4.099662,13.434000
s4_radius,vbf,7,50,5,500.000000,500.000000,3.000000,200.000000,250.000000,6.000000,512,10000.000000,200.000000,165,18,63,0,443,0,10.909091,0.390240,3.882044,1.000000,-1.000000,1,0.872314,3.345217,12.206000
s4_radius,vbf,8,50,5,500.000000,500.000000,3.000000,200.000000,250.000000,6.000000,512,10000.000000,200.000000,164,23,37,0,528,0,14.024390,0.498640,4.570742,1.000000,-1.000000,1,0.880088,3.539146,13.816000
s4_radius,vbf,9,50,5,500.000000,500.000000,3.000000,200.000000,250.000000,6.000000,512,10000.000000,200.000000,163,16,89,0,514,0,9.815951,0.346880,4.799655,1.000000,-1.000000,1,0.822326,5.300470,13.462000
s4_radius,vbf,10,50,5,500.000000,500.000000,3.000000,200.000000,250.000000,6.000000,512,10000.000000,200.000000,165,23,59,0,563,0,13.939394,0.498640,4.279726,1.000000,-1.000000,1,0.913315,2.357122,12.980000
s4_radius,vbf,11,50,5,500.000000,500.000000,3.000000,200.000000,250.000000,6.000000,512,10000.000000,200.000000,165,21,69,0,439,0,12.727273,0.455280,2.910082,1.000000,-1.000000,1,0.842857,4.336730,12.622000
s4_radius,vbf,12,50,5,500.000000,500.000000,3.000000,200.000000,250.000000,6.000000,512,10000.000000,200.000000,165,20,55,0,489,0,12.121212,0.433600,3.793198,1.000000,-1.000000,1,0.854749,3.951800,12.538000
s4_radius,vbf,13,50,5,500.000000,500.000000,3.000000,200.000000,250.000000,6.000000,512,10000.000000,200.000000,165,16,77,0,556,0,9.696970,0.346880,3.595177,1.000000,-1.000000,1,0.890760,3.294966,14.210000
s4_radius,vbf,14,50,5,500.000000,500.000000,3.000000,200.000000,250.000000,6.000000,512,10000.000000,200.000000,165,14,76,0,548,0,8.484848,0.303520,5.465213,1.000000,-1.000000,1,0.872677,3.786330,13.858000
s4_radius,vbf,15,50,5,500.000000,500.000000,3.000000,200.000000,250.000000,6.000000,512,10000.000000,200.000000,164,21,70,0,448,0,12.804878,0.455280,3.042792,1.000000,-1.000000,1,0.817030,5.320832,13.076000
s4_radius,vbf,16,50,5,500.000000,500.000000,3.000000,200.000000,250.000000,6.000000,512,10000.000000,200.000000,165,22,64,0,570,0,13.333333,0.476960,4.118956,1.000000,-1.000000,1,0.892007,3.222408,14.068000
s4_radius,vbf,17,50,5,500.000000,500.000000,3.000000,200.000000,250.000000,6.000000,512,10000.000000,200.000000,163,18,80,0,480,0,11.042945,0.390240,3.653346,1.000000,-1.000000,1,0.794916,5.975576,12.904000
s4_radius,vbf,18,50,5,500.000000,500.000000,3.000000,200.000000,250.000000,6.000000,512,10000.000000,200.000000,165,24,65,0,571,0,14.545455,0.520320,5.018972,1.000000,-1.000000,1,0.878240,3.629479,13.938000
s4_radius,vbf,19,50,5,500.000000,500.000000,3.000000,200.000000,250.000000,6.000000,512,10000.000000,200.000000,165,15,68,0,459,0,9.090909,0.325200,5.318544,1.000000,-1.000000,1,0.785400,5.747690,11.782000
s4_radius,vbf,20,50,5,500.000000,500.000000,3.000000,200.000000,250.000000,6.000000,512,10000.000000,200.000000,164,22,85,0,508,0,13.414634,0.476960,3.727689,1.000000,-1.000000,1,0.871366,3.754894,13.592000
s4_radius,hhvbf,1,50,5,500.000000,500.000000,3.000000,200.000000,250.000000,6.000000,512,10000.000000,200.000000,164,20,82,0,497,0,12.195122,0.433600,3.403119,1.000000,-1.000000,1,0.839603,4.799197,13.656000
s4_radius,hhvbf,2,50,5,500.000000,500.000000,3.000000,200.000000,250.000000,6.000000,512,10000.000000,200.000000,164,23,47,0,491,0,14.024390,0.498640,3.679083,1.000000,-1.000000,1,0.850054,4.237886,12.986000
s4_radius,hhvbf,3,50,5,500.000000,500.000000,3.000000,200.000000,250.000000,6.000000,512,10000.000000,200.000000,165,20,63,0,512,0,12.121212,0.433600,3.931129,1.000000,-1.000000,1,0.835122,4.726655,13.046000
s4_radius,hhvbf,4,50,5,500.000000,500.000000,3.000000,200.000000,250.000000,6.000000,512,10000.000000,200.000000,163,20,78,0,481,0,12.269939,0.433600,4.106239,1.000000,-1.000000,1,0.865975,4.043089,14.000000
s4_radius,hhvbf,5,50,5,500.000000,500.000000,3.000000,200.000000,250.000000,6.000000,512,10000.000000,200.000000,165,24,67,0,614,0,14.545455,0.520320,5.083450,1.000000,-1.000000,1,0.885177,3.598160,14.714000
s4_radius,hhvbf,6,50,5,500.000000,500.000000,3.000000,200.000000,250.000000,6.000000,512,10000.000000,200.000000,165,21,54,0,539,0,12.727273,0.455280,4.120491,1.000000,-1.000000,1,0.881165,3.552772,14.004000
s4_radius,hhvbf,7,50,5,500.000000,500.000000,3.000000,200.000000,250.000000,6.000000,512,10000.000000,200.000000,165,22,59,0,456,0,13.333333,0.476960,4.282334,1.000000,-1.000000,1,0.886612,3.080152,12.766000
s4_radius,hhvbf,8,50,5,500.000000,500.000000,3.000000,200.000000,250.000000,6.000000,512,10000.000000,200.000000,164,27,45,0,539,0,16.463415,0.585360,4.402531,1.000000,-1.000000,1,0.869549,4.030953,14.372000
s4_radius,hhvbf,9,50,5,500.000000,500.000000,3.000000,200.000000,250.000000,6.000000,512,10000.000000,200.000000,163,14,88,0,542,0,8.588957,0.303520,5.160243,1.000000,-1.000000,1,0.858420,4.298513,14.024000
s4_radius,hhvbf,10,50,5,500.000000,500.000000,3.000000,200.000000,250.000000,6.000000,512,10000.000000,200.000000,165,23,64,0,630,0,13.939394,0.498640,4.592828,1.000000,-1.000000,1,0.920785,2.326968,14.082000
s4_radius,hhvbf,11,50,5,500.000000,500.000000,3.000000,200.000000,250.000000,6.000000,512,10000.000000,200.000000,165,17,81,0,486,0,10.303030,0.368560,2.605606,1.000000,-1.000000,1,0.802859,6.001098,13.556000
s4_radius,hhvbf,12,50,5,500.000000,500.000000,3.000000,200.000000,250.000000,6.000000,512,10000.000000,200.000000,165,23,71,0,521,0,13.939394,0.498640,4.657543,1.000000,-1.000000,1,0.882576,3.362826,13.426000
s4_radius,hhvbf,14,50,5,500.000000,500.000000,3.000000,200.000000,250.000000,6.000000,512,10000.000000,200.000000,165,20,81,0,603,0,12.121212,0.433600,5.350033,1.000000,-1.000000,1,0.885243,3.622348,14.822000
s4_radius,hhvbf,13,50,5,500.000000,500.000000,3.000000,200.000000,250.000000,6.000000,512,10000.000000,200.000000,165,19,67,0,598,0,11.515152,0.411920,4.839212,1.000000,-1.000000,1,0.884820,3.561545,14.516000
s4_radius,hhvbf,15,50,5,500.000000,500.000000,3.000000,200.000000,250.000000,6.000000,512,10000.000000,200.000000,164,25,71,0,475,0,15.243902,0.542000,3.435438,1.000000,-1.000000,1,0.839695,4.756149,13.542000
s4_radius,hhvbf,16,50,5,500.000000,500.000000,3.000000,200.000000,250.000000,6.000000,512,10000.000000,200.000000,165,27,64,0,621,0,16.363636,0.585360,4.912525,1.000000,-1.000000,1,0.924030,2.332282,14.744000
s4_radius,hhvbf,17,50,5,500.000000,500.000000,3.000000,200.000000,250.000000,6.000000,512,10000.000000,200.000000,163,21,57,0,519,0,12.883436,0.455280,3.932115,1.000000,-1.000000,1,0.789994,6.257287,13.150000
s4_radius,hhvbf,18,50,5,500.000000,500.000000,3.000000,200.000000,250.000000,6.000000,512,10000.000000,200.000000,165,20,54,0,578,0,12.121212,0.433600,4.882925,1.000000,-1.000000,1,0.856986,4.098039,13.224000
s4_radius,hhvbf,19,50,5,500.000000,500.000000,3.000000,200.000000,250.000000,6.000000,512,10000.000000,200.000000,165,19,59,0,469,0,11.515152,0.411920,4.640186,1.000000,-1.000000,1,0.803871,5.275143,11.986000
s4_radius,dbr,1,50,5,500.000000,500.000000,3.000000,200.000000,250.000000,6.000000,512,10000.000000,200.000000,164,8,87,0,213,0,4.878049,0.015040,25.443554,0.500000,-1.000000,1,0.827947,4.233911,11.146000
s4_radius,hhvbf,20,50,5,500.000000,500.000000,3.000000,200.000000,250.000000,6.000000,512,10000.000000,200.000000,164,19,71,0,514,0,11.585366,0.411920,3.524898,1.000000,-1.000000,1,0.859637,4.193340,13.810000
s4_radius,dbr,4,50,5,500.000000,500.000000,3.000000,200.000000,250.000000,6.000000,512,10000.000000,200.000000,163,9,89,0,210,0,5.521472,0.016920,7.134072,0.888889,-1.000000,1,0.819088,4.205046,10.466000
s4_radius,dbr,3,50,5,500.000000,500.000000,3.000000,200.000000,250.000000,6.000000,512,10000.000000,200.000000,165,10,85,0,214,0,6.060606,0.018800,28.822184,1.400000,-1.000000,1,0.740136,6.129222,10.032000
s4_radius,dbr,2,50,5,500.000000,500.000000,3.000000,200.000000,250.000000,6.000000,512,10000.000000,200.000000,164,12,98,0,213,0,7.317073,0.022560,28.350260,0.750000,-1.000000,1,0.844632,3.649003,10.754000
s4_radius,dbr,6,50,5,500.000000,500.000000,3.000000,200.000000,250.000000,6.000000,512,10000.000000,200.000000,165,8,71,0,211,0,4.848485,0.015040,21.195921,0.750000,-1.000000,1,0.789024,4.282325,8.952000
s4_radius,dbr,5,50,5,500.000000,500.000000,3.000000,200.000000,250.000000,6.000000,512,10000.000000,200.000000,165,6,22,0,212,0,3.636364,0.011280,21.883672,1.500000,-1.000000,1,0.767297,5.193646,9.690000
s4_radius,dbr,7,50,5,500.000000,500.000000,3.000000,200.000000,250.000000,6.000000,512,10000.000000,200.000000,165,7,42,0,210,0,4.242424,0.013160,43.428733,1.000000,-1.000000,1,0.767889,6.224478,11.648000
s4_radius,dbr,9,50,5,500.000000,500.000000,3.000000,200.000000,250.000000,6.000000,512,10000.000000,200.000000,163,6,65,0,210,0,3.680982,0.011280,6.723122,1.500000,-1.000000,1,0.769234,4.832043,9.104000
s4_radius,dbr,10,50,5,500.000000,500.000000,3.000000,200.000000,250.000000,6.000000,512,10000.000000,200.000000,165,10,53,0,213,0,6.060606,0.018800,31.628340,2.300000,-1.000000,1,0.742194,5.287904,8.738000
s4_radius,dbr,8,50,5,500.000000,500.000000,3.000000,200.000000,250.000000,6.000000,512,10000.000000,200.000000,164,12,24,0,213,0,7.317073,0.022560,11.687887,1.083333,-1.000000,1,0.748258,5.135975,8.732000
s4_radius,dbr,13,50,5,500.000000,500.000000,3.000000,200.000000,250.000000,6.000000,512,10000.000000,200.000000,165,9,70,0,213,0,5.454545,0.016920,15.750812,1.111111,-1.000000,1,0.797989,4.287613,9.420000
s4_radius,dbr,11,50,5,500.000000,500.000000,3.000000,200.000000,250.000000,6.000000,512,10000.000000,200.000000,165,13,94,0,213,0,7.878788,0.024440,22.661457,1.153846,-1.000000,1,0.830967,4.008316,10.762000
s4_radius,dbr,12,50,5,500.000000,500.000000,3.000000,200.000000,250.000000,6.000000,512,10000.000000,200.000000,165,13,101,0,214,0,7.878788,0.024440,17.366593,1.384615,-1.000000,1,0.807779,4.689846,10.902000
s4_radius,dbr,14,50,5,500.000000,500.000000,3.000000,200.000000,250.000000,6.000000,512,10000.000000,200.000000,165,7,10,0,213,0,4.242424,0.013160,18.922895,1.000000,-1.000000,1,0.744043,4.924527,8.208000
s4_radius,dbr,16,50,5,500.000000,500.000000,3.000000,200.000000,250.000000,6.000000,512,10000.000000,200.000000,165,12,24,0,212,0,7.272727,0.022560,20.730813,2.166667,-1.000000,1,0.702724,6.520253,9.052000
s4_radius,dbr,15,50,5,500.000000,500.000000,3.000000,200.000000,250.000000,6.000000,512,10000.000000,200.000000,164,9,110,0,212,0,5.487805,0.016920,20.268908,0.444444,-1.000000,1,0.756035,5.873934,10.366000
s4_radius,dbr,17,50,5,500.000000,500.000000,3.000000,200.000000,250.000000,6.000000,512,10000.000000,200.000000,163,13,101,0,210,0,7.975460,0.024440,32.140408,0.923077,-1.000000,1,0.722470,5.617585,8.490000
s4_radius,dbr,19,50,5,500.000000,500.000000,3.000000,200.000000,250.000000,6.000000,512,10000.000000,200.000000,165,6,32,0,211,0,3.636364,0.011280,6.472296,1.333333,-1.000000,1,0.610613,9.260194,9.016000
s4_radius,dbr,18,50,5,500.000000,500.000000,3.000000,200.000000,250.000000,6.000000,512,10000.000000,200.000000,165,6,48,0,211,0,3.636364,0.011280,17.643446,1.333333,-1.000000,1,0.731921,5.455389,8.600000
s4_radius,dbr,20,50,5,500.000000,500.000000,3.000000,200.000000,250.000000,6.000000,512,10000.000000,200.000000,164,6,62,0,211,0,3.658537,0.011280,11.603822,1.000000,-1.000000,1,0.790405,5.083818,10.708000
s4_radius,adaptive,1,50,5,500.000000,500.000000,3.000000,250.000000,250.000000,6.000000,512,10000.000000,200.000000,164,90,146,25,1078,17,54.878049,1.286400,1.432104,0.555556,-1.000000,1,0.973166,2.051151,37.700000
s4_radius,adaptive,2,50,5,500.000000,500.000000,3.000000,250.000000,250.000000,6.000000,512,10000.000000,200.000000,164,75,224,30,1075,3,45.731707,0.710400,0.993742,0.360000,-1.000000,1,0.985507,1.160942,39.760000
s4_radius,adaptive,3,50,5,500.000000,500.000000,3.000000,250.000000,250.000000,6.000000,512,10000.000000,200.000000,165,80,173,21,1126,10,48.484848,1.043200,1.665645,0.775000,-1.000000,1,0.973587,1.866634,34.862000
s4_radius,adaptive,4,50,5,500.000000,500.000000,3.000000,250.000000,250.000000,6.000000,512,10000.000000,200.000000,163,81,220,19,1075,14,49.693252,0.986880,1.086416,0.395062,-1.000000,1,0.972883,2.179807,39.640000
s4_radius,adaptive,5,50,5,500.000000,500.000000,3.000000,250.000000,250.000000,6.000000,512,10000.000000,200.000000,165,79,161,19,1109,11,47.878788,1.118720,2.020333,0.974684,-1.000000,1,0.968257,2.355598,36.506000
s4_radius,adaptive,6,50,5,500.000000,500.000000,3.000000,250.000000,250.000000,6.000000,512,10000.000000,200.000000,165,65,168,6,1160,3,39.393939,0.832000,1.324751,0.523077,-1.000000,1,0.968581,2.317655,36.294000
s4_radius,adaptive,7,50,5,500.000000,500.000000,3.000000,250.000000,250.000000,6.000000,512,10000.000000,200.000000,165,63,144,21,1046,1,38.181818,0.829440,1.672886,0.746032,-1.000000,1,0.975605,1.880894,38.074000
s4_radius,adaptive,9,50,5,500.000000,500.000000,3.000000,250.000000,250.000000,6.000000,512,10000.000000,200.000000,163,81,154,35,1102,12,49.693252,1.178880,1.605396,0.716049,-1.000000,1,0.973261,1.940807,35.800000
s4_radius,adaptive,8,50,5,500.000000,500.000000,3.000000,250.000000,250.000000,6.000000,512,10000.000000,200.000000,164,76,204,35,1116,22,46.341463,0.826880,1.785470,0.907895,-1.000000,1,0.978790,1.561006,36.404000
s4_radius,adaptive,10,50,5,500.000000,500.000000,3.000000,250.000000,250.000000,6.000000,512,10000.000000,200.000000,165,85,174,35,1166,4,51.515152,1.164800,1.532552,0.694118,-1.000000,1,0.984048,1.197242,37.224000
s4_radius,adaptive,12,50,5,500.000000,500.000000,3.000000,250.000000,250.000000,6.000000,512,10000.000000,200.000000,165,103,209,20,1100,28,62.424242,1.264640,1.327241,0.533981,-1.000000,1,0.979247,1.631871,38.904000
s4_radius,adaptive,11,50,5,500.000000,500.000000,3.000000,250.000000,250.000000,6.000000,512,10000.000000,200.000000,165,101,142,45,1034,14,61.212121,1.377280,1.277036,0.465347,-1.000000,1,0.969554,2.412048,39.000000
s4_radius,adaptive,13,50,5,500.000000,500.000000,3.000000,250.000000,250.000000,6.000000,512,10000.000000,200.000000,165,98,135,29,1134,0,59.393939,1.546240,1.995657,1.000000,-1.000000,1,0.975826,1.843498,37.664000
s4_radius,adaptive,14,50,5,500.000000,500.000000,3.000000,250.000000,250.000000,6.000000,512,10000.000000,200.000000,165,66,182,25,1155,12,40.000000,0.871680,2.119254,1.121212,-1.000000,1,0.977721,1.663902,36.922000
s4_radius,adaptive,15,50,5,500.000000,500.000000,3.000000,250.000000,250.000000,6.000000,512,10000.000000,200.000000,164,88,154,34,1088,13,53.658537,1.091840,1.282650,0.534091,-1.000000,1,0.974748,1.813933,35.458000
s4_radius,adaptive,16,50,5,500.000000,500.000000,3.000000,250.000000,250.000000,6.000000,512,10000.000000,200.000000,165,81,173,3,1148,5,49.090909,1.063680,2.028387,1.037037,-1.000000,1,0.982262,1.276776,35.668000
s4_radius,adaptive,17,50,5,500.000000,500.000000,3.000000,250.000000,250.000000,6.000000,512,10000.000000,200.000000,163,83,181,57,1126,2,50.920245,0.912640,1.199394,0.481928,-1.000000,1,0.971035,2.221855,37.790000
s4_radius,adaptive,18,50,5,500.000000,500.000000,3.000000,250.000000,250.000000,6.000000,512,10000.000000,200.000000,165,89,176,4,1143,0,53.939394,1.246720,1.707138,0.797753,-1.000000,1,0.972741,1.974450,35.716000
s4_radius,adaptive,19,50,5,500.000000,500.000000,3.000000,250.000000,250.000000,6.000000,512,10000.000000,200.000000,165,67,250,2,1094,1,40.606061,0.834560,1.697639,0.835821,-1.000000,1,0.970149,2.393150,39.478000
s4_radius,vbf,1,50,5,500.000000,500.000000,3.000000,250.000000,250.000000,6.000000,512,10000.000000,200.000000,164,21,75,0,494,0,12.804878,0.455280,4.457788,1.000000,-1.000000,1,0.863013,3.814164,12.898000
s4_radius,adaptive,20,50,5,500.000000,500.000000,3.000000,250.000000,250.000000,6.000000,512,10000.000000,200.000000,164,84,154,44,1101,10,51.219512,1.259520,1.597105,0.666667,-1.000000,1,0.970990,2.263271,38.434000
s4_radius,vbf,2,50,5,500.000000,500.000000,3.000000,250.000000,250.000000,6.000000,512,10000.000000,200.000000,164,21,48,0,490,0,12.804878,0.455280,3.584941,1.000000,-1.000000,1,0.855943,3.974469,12.724000
s4_radius,vbf,3,50,5,500.000000,500.000000,3.000000,250.000000,250.000000,6.000000,512,10000.000000,200.000000,165,20,56,0,575,0,12.121212,0.433600,4.118352,1.000000,-1.000000,1,0.843298,4.878874,14.244000
s4_radius,vbf,4,50,5,500.000000,500.000000,3.000000,250.000000,250.000000,6.000000,512,10000.000000,200.000000,163,22,80,0,535,0,13.496933,0.476960,4.600004,1.000000,-1.000000,1,0.863777,4.147941,14.112000
s4_radius,vbf,5,50,5,500.000000,500.000000,3.000000,250.000000,250.000000,6.000000,512,10000.000000,200.000000,165,26,63,0,624,0,15.757576,0.563680,5.198905,1.000000,-1.000000,1,0.906255,2.958582,15.004000
s4_radius,vbf,6,50,5,500.000000,500.000000,3.000000,250.000000,250.000000,6.000000,512,10000.000000,200.000000,165,21,58,0,594,0,12.727273,0.455280,4.654771,1.000000,-1.000000,1,0.886955,3.415070,14.200000
s4_radius,vbf,7,50,5,500.000000,500.000000,3.000000,250.000000,250.000000,6.000000,512,10000.000000,200.000000,165,19,68,0,520,0,11.515152,0.411920,4.561912,1.000000,-1.000000,1,0.898170,2.937114,13.648000
s4_radius,vbf,9,50,5,500.000000,500.000000,3.000000,250.000000,250.000000,6.000000,512,10000.000000,200.000000,163,20,78,0,567,0,12.269939,0.433600,5.510938,1.000000,-1.000000,1,0.831304,5.220585,14.048000
s4_radius,vbf,8,50,5,500.000000,500.000000,3.000000,250.000000,250.000000,6.000000,512,10000.000000,200.000000,164,27,45,0,597,0,16.463415,0.585360,5.099168,1.000000,-1.000000,1,0.891374,3.267885,14.178000
s4_radius,vbf,10,50,5,500.000000,500.000000,3.000000,250.000000,250.000000,6.000000,512,10000.000000,200.000000,165,23,60,0,697,0,13.939394,0.498640,5.342558,1.000000,-1.000000,1,0.941324,1.820721,15.046000
s4_radius,vbf,11,50,5,500.000000,500.000000,3.000000,250.000000,250.000000,6.000000,512,10000.000000,200.000000,165,24,66,0,471,0,14.545455,0.520320,3.475012,1.000000,-1.000000,1,0.830649,4.711634,12.624000
s4_radius,vbf,12,50,5,500.000000,500.000000,3.000000,250.000000,250.000000,6.000000,512,10000.000000,200.000000,165,21,52,0,581,0,12.727273,0.455280,4.307172,1.000000,-1.000000,1,0.889014,3.268567,13.860000
s4_radius,vbf,13,50,5,500.000000,500.000000,3.000000,250.000000,250.000000,6.000000,512,10000.000000,200.000000,165,18,71,0,594,0,10.909091,0.390240,6.050520,1.000000,-1.000000,1,0.901654,2.822566,13.608000
s4_radius,vbf,14,50,5,500.000000,500.000000,3.000000,250.000000,250.000000,6.000000,512,10000.000000,200.000000,165,21,70,0,656,0,12.727273,0.455280,4.482761,1.000000,-1.000000,1,0.889574,3.513700,14.980000
s4_radius,vbf,15,50,5,500.000000,500.000000,3.000000,250.000000,250.000000,6.000000,512,10000.000000,200.000000,164,20,54,0,535,0,12.195122,0.433600,3.004348,1.000000,-1.000000,1,0.829808,5.153493,13.732000
s4_radius,vbf,16,50,5,500.000000,500.000000,3.000000,250.000000,250.000000,6.000000,512,10000.000000,200.000000,165,26,69,0,623,0,15.757576,0.563680,5.066264,1.000000,-1.000000,1,0.929895,2.096301,14.408000
s4_radius,vbf,17,50,5,500.000000,500.000000,3.000000,250.000000,250.000000,6.000000,512,10000.000000,200.000000,163,21,68,0,571,0,12.883436,0.455280,4.487950,1.000000,-1.000000,1,0.826774,5.447230,14.232000
s4_radius,vbf,18,50,5,500.000000,500.000000,3.000000,250.000000,250.000000,6.000000,512,10000.000000,200.000000,165,22,52,0,613,0,13.333333,0.476960,4.984212,1.000000,-1.000000,1,0.880978,3.548576,13.964000
s4_radius,vbf,19,50,5,500.000000,500.000000,3.000000,250.000000,250.000000,6.000000,512,10000.000000,200.000000,165,19,60,0,523,0,11.515152,0.411920,4.621667,1.000000,-1.000000,1,0.815631,5.213071,12.702000
s4_radius,vbf,20,50,5,500.000000,500.000000,3.000000,250.000000,250.000000,6.000000,512,10000.000000,200.000000,164,22,76,0,562,0,13.414634,0.476960,3.736320,1.000000,-1.000000,1,0.879486,3.708592,14.400000
s4_radius,hhvbf,1,50,5,500.000000,500.000000,3.000000,250.000000,250.000000,6.000000,512,10000.000000,200.000000,164,21,67,0,566,0,12.804878,0.455280,3.874779,1.000000,-1.000000,1,0.874390,3.827322,14.214000
s4_radius,hhvbf,3,50,5,500.000000,500.000000,3.000000,250.000000,250.000000,6.000000,512,10000.000000,200.000000,165,21,31,0,580,0,12.727273,0.455280,3.852294,1.000000,-1.000000,1,0.860228,4.099784,13.564000
s4_radius,hhvbf,2,50,5,500.000000,500.000000,3.000000,250.000000,250.000000,6.000000,512,10000.000000,200.000000,164,23,45,0,540,0,14.024390,0.498640,3.965605,1.000000,-1.000000,1,0.863386,3.924961,13.312000
s4_radius,hhvbf,4,50,5,500.000000,500.000000,3.000000,250.000000,250.000000,6.000000,512,10000.000000,200.000000,163,24,80,0,583,0,14.723926,0.520320,4.929841,1.000000,-1.000000,1,0.874419,3.909826,14.524000
s4_radius,hhvbf,5,50,5,500.000000,500.000000,3.000000,250.000000,250.000000,6.000000,512,10000.000000,200.000000,165,22,60,0,682,0,13.333333,0.476960,5.520091,1.000000,-1.000000,1,0.904769,3.025713,15.092000
s4_radius,hhvbf,6,50,5,500.000000,500.000000,3.000000,250.000000,250.000000,6.000000,512,10000.000000,200.000000,165,23,57,0,675,0,13.939394,0.498640,5.889855,1.000000,-1.000000,1,0.914070,2.826451,15.708000
s4_radius,hhvbf,7,50,5,500.000000,500.000000,3.000000,250.000000,250.000000,6.000000,512,10000.000000,200.000000,165,21,61,0,584,0,12.727273,0.455280,5.018405,1.000000,-1.000000,1,0.910061,2.607606,13.814000
s4_radius,hhvbf,8,50,5,500.000000,500.000000,3.000000,250.000000,250.000000,6.000000,512,10000.000000,200.000000,164,24,49,0,619,0,14.634146,0.520320,4.611681,1.000000,-1.000000,1,0.883650,3.559576,14.352000
s4_radius,hhvbf,9,50,5,500.000000,500.000000,3.000000,250.000000,250.000000,6.000000,512,10000.000000,200.000000,163,20,86,0,620,0,12.269939,0.433600,4.898899,1.000000,-1.000000,1,0.874104,4.032661,14.940000
s4_radius,hhvbf,10,50,5,500.000000,500.000000,3.000000,250.000000,250.000000,6.000000,512,10000.000000,200.000000,165,23,59,0,704,0,13.939394,0.498640,4.856439,1.000000,-1.000000,1,0.944956,1.716401,15.150000
s4_radius,hhvbf,11,50,5,500.000000,500.000000,3.000000,250.000000,250.000000,6.000000,512,10000.000000,200.000000,165,23,67,0,517,0,13.939394,0.498640,3.291864,1.000000,-1.000000,1,0.849507,4.351797,13.282000
s4_radius,hhvbf,12,50,5,500.000000,500.000000,3.000000,250.000000,250.000000,6.000000,512,10000.000000,200.000000,165,29,57,0,600,0,17.575758,0.628720,4.957329,1.000000,-1.000000,1,0.906022,2.990078,15.124000
s4_radius,hhvbf,13,50,5,500.000000,500.000000,3.000000,250.000000,250.000000,6.000000,512,10000.000000,200.000000,165,20,71,0,679,0,12.121212,0.433600,5.050010,1.000000,-1.000000,1,0.896514,3.315717,15.146000
s4_radius,hhvbf,14,50,5,500.000000,500.000000,3.000000,250.000000,250.000000,6.000000,512,10000.000000,200.000000,165,19,79,0,713,0,11.515152,0.411920,5.321409,1.000000,-1.000000,1,0.906200,3.156561,15.998000
s4_radius,hhvbf,16,50,5,500.000000,500.000000,3.000000,250.000000,250.000000,6.000000,512,10000.000000,200.000000,165,25,50,0,682,0,15.151515,0.542000,5.346575,1.000000,-1.000000,1,0.912220,2.783643,15.128000
s4_radius,hhvbf,15,50,5,500.000000,500.000000,3.000000,250.000000,250.000000,6.000000,512,10000.000000,200.000000,164,23,50,0,563,0,14.024390,0.498640,3.583063,1.000000,-1.000000,1,0.826275,5.387950,14.032000
s4_radius,hhvbf,17,50,5,500.000000,500.000000,3.000000,250.000000,250.000000,6.000000,512,10000.000000,200.000000,163,22,57,0,579,0,13.496933,0.476960,3.998584,1.000000,-1.000000,1,0.820411,5.720734,14.356000
s4_radius,hhvbf,18,50,5,500.000000,500.000000,3.000000,250.000000,250.000000,6.000000,512,10000.000000,200.000000,165,24,52,0,666,0,14.545455,0.520320,5.365198,1.000000,-1.000000,1,0.886388,3.519451,14.556000
s4_radius,hhvbf,19,50,5,500.000000,500.000000,3.000000,250.000000,250.000000,6.000000,512,10000.000000,200.000000,165,16,49,0,573,0,9.696970,0.346880,5.382742,1.000000,-1.000000,1,0.818939,5.190187,12.906000
s4_radius,hhvbf,20,50,5,500.000000,500.000000,3.000000,250.000000,250.000000,6.000000,512,10000.000000,200.000000,164,21,68,0,610,0,12.804878,0.455280,4.391666,1.000000,-1.000000,1,0.906351,2.876599,14.604000
s4_radius,dbr,1,50,5,500.000000,500.000000,3.000000,250.000000,250.000000,6.000000,512,10000.000000,200.000000,164,8,87,0,213,0,4.878049,0.015040,25.443554,0.500000,-1.000000,1,0.827947,4.233911,11.146000
s4_radius,dbr,2,50,5,500.000000,500.000000,3.000000,250.000000,250.000000,6.000000,512,10000.000000,200.000000,164,12,98,0,213,0,7.317073,0.022560,28.350260,0.750000,-1.000000,1,0.844632,3.649003,10.754000
s4_radius,dbr,3,50,5,500.000000,500.000000,3.000000,250.000000,250.000000,6.000000,512,10000.000000,200.000000,165,10,85,0,214,0,6.060606,0.018800,28.822184,1.400000,-1.000000,1,0.740136,6.129222,10.032000
s4_radius,dbr,4,50,5,500.000000,500.000000,3.000000,250.000000,250.000000,6.000000,512,10000.000000,200.000000,163,9,89,0,210,0,5.521472,0.016920,7.134072,0.888889,-1.000000,1,0.819088,4.205046,10.466000
s4_radius,dbr,5,50,5,500.000000,500.000000,3.000000,250.000000,250.000000,6.000000,512,10000.000000,200.000000,165,6,22,0,212,0,3.636364,0.011280,21.883672,1.500000,-1.000000,1,0.767297,5.193646,9.690000
s4_radius,dbr,6,50,5,500.000000,500.000000,3.000000,250.000000,250.000000,6.000000,512,10000.000000,200.000000,165,8,71,0,211,0,4.848485,0.015040,21.195921,0.750000,-1.000000,1,0.789024,4.282325,8.952000
s4_radius,dbr,8,50,5,500.000000,500.000000,3.000000,250.000000,250.000000,6.000000,512,10000.000000,200.000000,164,12,24,0,213,0,7.317073,0.022560,11.687887,1.083333,-1.000000,1,0.748258,5.135975,8.732000
s4_radius,dbr,7,50,5,500.000000,500.000000,3.000000,250.000000,250.000000,6.000000,512,10000.000000,200.000000,165,7,42,0,210,0,4.242424,0.013160,43.428733,1.000000,-1.000000,1,0.767889,6.224478,11.648000
s4_radius,dbr,9,50,5,500.000000,500.000000,3.000000,250.000000,250.000000,6.000000,512,10000.000000,200.000000,163,6,65,0,210,0,3.680982,0.011280,6.723122,1.500000,-1.000000,1,0.769234,4.832043,9.104000
s4_radius,dbr,10,50,5,500.000000,500.000000,3.000000,250.000000,250.000000,6.000000,512,10000.000000,200.000000,165,10,53,0,213,0,6.060606,0.018800,31.628340,2.300000,-1.000000,1,0.742194,5.287904,8.738000
s4_radius,dbr,11,50,5,500.000000,500.000000,3.000000,250.000000,250.000000,6.000000,512,10000.000000,200.000000,165,13,94,0,213,0,7.878788,0.024440,22.661457,1.153846,-1.000000,1,0.830967,4.008316,10.762000
s4_radius,dbr,12,50,5,500.000000,500.000000,3.000000,250.000000,250.000000,6.000000,512,10000.000000,200.000000,165,13,101,0,214,0,7.878788,0.024440,17.366593,1.384615,-1.000000,1,0.807779,4.689846,10.902000
s4_radius,dbr,13,50,5,500.000000,500.000000,3.000000,250.000000,250.000000,6.000000,512,10000.000000,200.000000,165,9,70,0,213,0,5.454545,0.016920,15.750812,1.111111,-1.000000,1,0.797989,4.287613,9.420000
s4_radius,dbr,14,50,5,500.000000,500.000000,3.000000,250.000000,250.000000,6.000000,512,10000.000000,200.000000,165,7,10,0,213,0,4.242424,0.013160,18.922895,1.000000,-1.000000,1,0.744043,4.924527,8.208000
s4_radius,dbr,15,50,5,500.000000,500.000000,3.000000,250.000000,250.000000,6.000000,512,10000.000000,200.000000,164,9,110,0,212,0,5.487805,0.016920,20.268908,0.444444,-1.000000,1,0.756035,5.873934,10.366000
s4_radius,dbr,16,50,5,500.000000,500.000000,3.000000,250.000000,250.000000,6.000000,512,10000.000000,200.000000,165,12,24,0,212,0,7.272727,0.022560,20.730813,2.166667,-1.000000,1,0.702724,6.520253,9.052000
s4_radius,dbr,17,50,5,500.000000,500.000000,3.000000,250.000000,250.000000,6.000000,512,10000.000000,200.000000,163,13,101,0,210,0,7.975460,0.024440,32.140408,0.923077,-1.000000,1,0.722470,5.617585,8.490000
s4_radius,dbr,18,50,5,500.000000,500.000000,3.000000,250.000000,250.000000,6.000000,512,10000.000000,200.000000,165,6,48,0,211,0,3.636364,0.011280,17.643446,1.333333,-1.000000,1,0.731921,5.455389,8.600000
s4_radius,dbr,19,50,5,500.000000,500.000000,3.000000,250.000000,250.000000,6.000000,512,10000.000000,200.000000,165,6,32,0,211,0,3.636364,0.011280,6.472296,1.333333,-1.000000,1,0.610613,9.260194,9.016000
s4_radius,dbr,20,50,5,500.000000,500.000000,3.000000,250.000000,250.000000,6.000000,512,10000.000000,200.000000,164,6,62,0,211,0,3.658537,0.011280,11.603822,1.000000,-1.000000,1,0.790405,5.083818,10.708000
