label,protocol,seed,nNodes,nSources,fieldSize,waterDepth,maxSpeed,basePipeR,commRange,packetInterval,payloadBytes,bitRate,simTime,generated,delivered,duplicates,dropped,transmissions,fallbacks,pdr_pct,throughput_kbps,mean_delay_s,mean_hops,lifetime_s,lifetime_censored,jain_fairness,energy_gap_J,mean_consumed_J
s5_traffic,adaptive,1,50,5,500.000000,500.000000,3.000000,150.000000,250.000000,2.000000,512,10000.000000,200.000000,487,118,103,29,1074,131,24.229979,1.821440,1.067732,0.211864,-1.000000,1,0.907450,6.337674,32.578000
s5_traffic,adaptive,2,50,5,500.000000,500.000000,3.000000,150.000000,250.000000,2.000000,512,10000.000000,200.000000,487,79,98,46,1137,54,16.221766,0.830720,0.912498,0.253165,-1.000000,1,0.896210,7.380341,33.608000
s5_traffic,adaptive,3,50,5,500.000000,500.000000,3.000000,150.000000,250.000000,2.000000,512,10000.000000,200.000000,487,102,128,30,1203,70,20.944559,1.589760,1.113692,0.274510,-1.000000,1,0.892696,7.456252,32.774000
s5_traffic,adaptive,4,50,5,500.000000,500.000000,3.000000,150.000000,250.000000,2.000000,512,10000.000000,200.000000,487,125,122,60,1098,81,25.667351,1.945600,0.983380,0.200000,-1.000000,1,0.898415,7.248506,33.768000
s5_traffic,adaptive,5,50,5,500.000000,500.000000,3.000000,150.000000,250.000000,2.000000,512,10000.000000,200.000000,488,99,135,39,1202,152,20.286885,1.509120,1.525116,0.565657,-1.000000,1,0.877151,8.716811,33.156000
s5_traffic,adaptive,6,50,5,500.000000,500.000000,3.000000,150.000000,250.000000,2.000000,512,10000.000000,200.000000,490,88,91,17,1220,120,17.959184,1.322240,1.159982,0.306818,-1.000000,1,0.896790,7.380241,33.808000
s5_traffic,adaptive,7,50,5,500.000000,500.000000,3.000000,150.000000,250.000000,2.000000,512,10000.000000,200.000000,487,93,89,38,1090,115,19.096509,1.424640,1.464017,0.505376,-1.000000,1,0.907260,6.372463,32.686000
s5_traffic,adaptive,8,50,5,500.000000,500.000000,3.000000,150.000000,250.000000,2.000000,512,10000.000000,200.000000,487,77,140,51,1252,161,15.811088,0.885760,1.158175,0.415584,-1.000000,1,0.896135,7.571027,34.450000
s5_traffic,adaptive,9,50,5,500.000000,500.000000,3.000000,150.000000,250.000000,2.000000,512,10000.000000,200.000000,488,109,101,98,1248,117,22.336066,1.790720,1.478768,0.541284,-1.000000,1,0.910674,6.136288,32.742000
s5_traffic,adaptive,10,50,5,500.000000,500.000000,3.000000,150.000000,250.000000,2.000000,512,10000.000000,200.000000,488,111,110,59,1299,84,22.745902,1.697280,1.145086,0.306306,-1.000000,1,0.909353,6.532527,34.322000
s5_traffic,adaptive,11,50,5,500.000000,500.000000,3.000000,150.000000,250.000000,2.000000,512,10000.000000,200.000000,489,88,81,114,1130,231,17.995910,1.168640,0.867317,0.159091,-1.000000,1,0.900117,6.987997,33.142000
s5_traffic,adaptive,12,50,5,500.000000,500.000000,3.000000,150.000000,250.000000,2.000000,512,10000.000000,200.000000,488,109,140,64,1150,202,22.336066,1.406720,0.911530,0.201835,-1.000000,1,0.928549,5.263180,35.466000
s5_traffic,adaptive,13,50,5,500.000000,500.000000,3.000000,150.000000,250.000000,2.000000,512,10000.000000,200.000000,487,122,120,40,1243,36,25.051335,2.037760,1.280792,0.393443,-1.000000,1,0.919078,5.999106,35.504000
s5_traffic,adaptive,14,50,5,500.000000,500.000000,3.000000,150.000000,250.000000,2.000000,512,10000.000000,200.000000,487,73,154,39,1253,120,14.989733,0.995840,1.525156,0.602740,-1.000000,1,0.888374,8.169948,34.432000
s5_traffic,adaptive,15,50,5,500.000000,500.000000,3.000000,150.000000,250.000000,2.000000,512,10000.000000,200.000000,488,100,101,83,1181,147,20.491803,1.395200,0.899591,0.140000,-1.000000,1,0.909530,6.414240,33.770000
s5_traffic,adaptive,16,50,5,500.000000,500.000000,3.000000,150.000000,250.000000,2.000000,512,10000.000000,200.000000,489,83,174,3,1265,96,16.973415,1.123840,1.466600,0.578313,-1.000000,1,0.894661,7.512449,33.676000
s5_traffic,adaptive,17,50,5,500.000000,500.000000,3.000000,150.000000,250.000000,2.000000,512,10000.000000,200.000000,488,84,114,112,1261,120,17.213115,1.009920,0.961446,0.261905,-1.000000,1,0.906578,6.966829,35.460000
s5_traffic,adaptive,18,50,5,500.000000,500.000000,3.000000,150.000000,250.000000,2.000000,512,10000.000000,200.000000,488,103,145,9,1235,40,21.106557,1.571840,1.275298,0.388350,-1.000000,1,0.892876,7.695039,33.884000
s5_traffic,adaptive,19,50,5,500.000000,500.000000,3.000000,150.000000,250.000000,2.000000,512,10000.000000,200.000000,487,91,179,12,1150,40,18.685832,1.345280,1.281492,0.417582,-1.000000,1,0.933523,4.803401,34.886000
s5_traffic,adaptive,20,50,5,500.000000,500.000000,3.000000,150.000000,250.000000,2.000000,512,10000.000000,200.000000,487,115,103,62,1139,128,23.613963,1.913600,1.133268,0.260870,-1.000000,1,0.904509,6.509627,32.376000
s5_traffic,vbf,1,50,5,500.000000,500.000000,3.000000,150.000000,250.000000,2.000000,512,10000.000000,200.000000,487,18,70,0,636,0,3.696099,0.390240,2.901758,1.000000,-1.000000,1,0.744565,9.754383,16.298000
s5_traffic,vbf,2,50,5,500.000000,500.000000,3.000000,150.000000,250.000000,2.000000,512,10000.000000,200.000000,487,20,37,0,626,0,4.106776,0.433600,2.996789,1.000000,-1.000000,1,0.741452,9.469521,15.594000
s5_traffic,vbf,3,50,5,500.000000,500.000000,3.000000,150.000000,250.000000,2.000000,512,10000.000000,200.000000,487,14,56,0,640,0,2.874743,0.303520,3.285732,1.000000,-1.000000,1,0.713953,10.415855,15.168000
s5_traffic,vbf,4,50,5,500.000000,500.000000,3.000000,150.000000,250.000000,2.000000,512,10000.000000,200.000000,487,14,109,0,613,0,2.874743,0.303520,2.740097,1.000000,-1.000000,1,0.720610,10.799056,16.188000
s5_traffic,vbf,5,50,5,500.000000,500.000000,3.000000,150.000000,250.000000,2.000000,512,10000.000000,200.000000,488,19,76,0,684,0,3.893443,0.411920,4.012516,1.000000,-1.000000,1,0.723409,10.345283,15.700000
s5_traffic,vbf,6,50,5,500.000000,500.000000,3.000000,150.000000,250.000000,2.000000,512,10000.000000,200.000000,490,16,73,0,674,0,3.265306,0.346880,3.493798,1.000000,-1.000000,1,0.743972,9.597817,15.992000
s5_traffic,vbf,7,50,5,500.000000,500.000000,3.000000,150.000000,250.000000,2.000000,512,10000.000000,200.000000,487,19,81,0,596,0,3.901437,0.411920,3.520140,1.000000,-1.000000,1,0.760786,8.353398,15.088000
s5_traffic,vbf,8,50,5,500.000000,500.000000,3.000000,150.000000,250.000000,2.000000,512,10000.000000,200.000000,487,20,65,0,703,0,4.106776,0.433600,3.882125,1.000000,-1.000000,1,0.710780,11.245196,16.154000
s5_traffic,vbf,9,50,5,500.000000,500.000000,3.000000,150.000000,250.000000,2.000000,512,10000.000000,200.000000,488,17,106,0,689,0,3.483607,0.368560,3.705822,1.000000,-1.000000,1,0.704543,12.171890,17.028000
s5_traffic,vbf,10,50,5,500.000000,500.000000,3.000000,150.000000,250.000000,2.000000,512,10000.000000,200.000000,488,24,88,0,801,0,4.918033,0.520320,4.004785,1.000000,-1.000000,1,0.811151,7.326847,17.376000
s5_traffic,vbf,11,50,5,500.000000,500.000000,3.000000,150.000000,250.000000,2.000000,512,10000.000000,200.000000,489,14,60,0,590,0,2.862986,0.303520,2.222494,1.000000,-1.000000,1,0.638147,14.682063,15.806000
s5_traffic,vbf,12,50,5,500.000000,500.000000,3.000000,150.000000,250.000000,2.000000,512,10000.000000,200.000000,488,18,64,0,586,0,3.688525,0.390240,3.871008,1.000000,-1.000000,1,0.764875,8.648977,15.942000
s5_traffic,vbf,13,50,5,500.000000,500.000000,3.000000,150.000000,250.000000,2.000000,512,10000.000000,200.000000,487,17,85,0,689,0,3.490760,0.368560,4.177358,1.000000,-1.000000,1,0.756520,8.920804,15.780000
s5_traffic,vbf,14,50,5,500.000000,500.000000,3.000000,150.000000,250.000000,2.000000,512,10000.000000,200.000000,487,15,81,0,750,0,3.080082,0.325200,3.719505,1.000000,-1.000000,1,0.695052,12.605554,16.950000
s5_traffic,vbf,15,50,5,500.000000,500.000000,3.000000,150.000000,250.000000,2.000000,512,10000.000000,200.000000,488,16,76,0,577,0,3.278689,0.346880,2.368696,1.000000,-1.000000,1,0.688467,11.934240,15.620000
s5_traffic,vbf,16,50,5,500.000000,500.000000,3.000000,150.000000,250.000000,2.000000,512,10000.000000,200.000000,489,19,77,0,738,0,3.885481,0.411920,3.242154,1.000000,-1.000000,1,0.747811,9.858710,16.726000
s5_traffic,vbf,17,50,5,500.000000,500.000000,3.000000,150.000000,250.000000,2.000000,512,10000.000000,200.000000,488,16,50,0,630,0,3.278689,0.346880,3.638375,1.000000,-1.000000,1,0.671410,12.826150,15.680000
s5_traffic,vbf,18,50,5,500.000000,500.000000,3.000000,150.000000,250.000000,2.000000,512,10000.000000,200.000000,488,16,80,0,672,0,3.278689,0.346880,3.747621,1.000000,-1.000000,1,0.703417,11.044728,15.378000
s5_traffic,vbf,19,50,5,500.000000,500.000000,3.000000,150.000000,250.000000,2.000000,512,10000.000000,200.000000,487,14,87,0,567,0,2.874743,0.303520,3.465103,1.000000,-1.000000,1,0.642678,12.800953,14.016000
s5_traffic,vbf,20,50,5,500.000000,500.000000,3.000000,150.000000,250.000000,2.000000,512,10000.000000,200.000000,487,17,84,0,621,0,3.490760,0.368560,3.857337,1.000000,-1.000000,1,0.735090,9.331796,14.924000
s5_traffic,hhvbf,1,50,5,500.000000,500.000000,3.000000,150.000000,250.000000,2.000000,512,10000.000000,200.000000,487,18,66,0,663,0,3.696099,0.390240,3.191442,1.000000,-1.000000,1,0.763815,9.075506,16.640000
s5_traffic,hhvbf,2,50,5,500.000000,500.000000,3.000000,150.000000,250.000000,2.000000,512,10000.000000,200.000000,487,19,44,0,618,0,3.901437,0.411920,2.859975,1.000000,-1.000000,1,0.756248,8.777455,15.506000
s5_traffic,hhvbf,3,50,5,500.000000,500.000000,3.000000,150.000000,250.000000,2.000000,512,10000.000000,200.000000,487,20,65,0,668,0,4.106776,0.433600,3.659659,1.000000,-1.000000,1,0.738044,10.002233,16.214000
s5_traffic,hhvbf,4,50,5,500.000000,500.000000,3.000000,150.000000,250.000000,2.000000,512,10000.000000,200.000000,487,15,94,0,587,0,3.080082,0.325200,2.534723,1.000000,-1.000000,1,0.724701,10.430453,15.920000
s5_traffic,hhvbf,5,50,5,500.000000,500.000000,3.000000,150.000000,250.000000,2.000000,512,10000.000000,200.000000,488,19,78,0,704,0,3.893443,0.411920,4.224902,1.000000,-1.000000,1,0.690191,11.990255,15.804000
s5_traffic,hhvbf,6,50,5,500.000000,500.000000,3.000000,150.000000,250.000000,2.000000,512,10000.000000,200.000000,490,17,70,0,678,0,3.469388,0.368560,3.693292,1.000000,-1.000000,1,0.719314,10.605577,15.808000
s5_traffic,hhvbf,7,50,5,500.000000,500.000000,3.000000,150.000000,250.000000,2.000000,512,10000.000000,200.000000,487,15,69,0,603,0,3.080082,0.325200,3.025403,1.000000,-1.000000,1,0.769737,8.148647,15.392000
s5_traffic,hhvbf,8,50,5,500.000000,500.000000,3.000000,150.000000,250.000000,2.000000,512,10000.000000,200.000000,487,24,57,0,718,0,4.928131,0.520320,3.624971,1.000000,-1.000000,1,0.735656,10.560086,16.932000
s5_traffic,hhvbf,9,50,5,500.000000,500.000000,3.000000,150.000000,250.000000,2.000000,512,10000.000000,200.000000,488,16,116,0,669,0,3.278689,0.346880,3.225156,1.000000,-1.000000,1,0.697413,12.506511,16.982000
s5_traffic,hhvbf,10,50,5,500.000000,500.000000,3.000000,150.000000,250.000000,2.000000,512,10000.000000,200.000000,488,23,80,0,813,0,4.713115,0.498640,4.035860,1.000000,-1.000000,1,0.808702,7.440256,17.390000
s5_traffic,hhvbf,11,50,5,500.000000,500.000000,3.000000,150.000000,250.000000,2.000000,512,10000.000000,200.000000,489,14,60,0,609,0,2.862986,0.303520,2.206399,1.000000,-1.000000,1,0.619526,15.702942,15.788000
s5_traffic,hhvbf,12,50,5,500.000000,500.000000,3.000000,150.000000,250.000000,2.000000,512,10000.000000,200.000000,488,19,65,0,611,0,3.893443,0.411920,3.486563,1.000000,-1.000000,1,0.761862,8.866436,16.100000
s5_traffic,hhvbf,13,50,5,500.000000,500.000000,3.000000,150.000000,250.000000,2.000000,512,10000.000000,200.000000,487,16,96,0,695,0,3.285421,0.346880,3.819005,1.000000,-1.000000,1,0.776174,8.236143,16.080000
s5_traffic,hhvbf,14,50,5,500.000000,500.000000,3.000000,150.000000,250.000000,2.000000,512,10000.000000,200.000000,487,17,96,0,763,0,3.490760,0.368560,3.553427,1.000000,-1.000000,1,0.692011,12.969059,17.222000
s5_traffic,hhvbf,15,50,5,500.000000,500.000000,3.000000,150.000000,250.000000,2.000000,512,10000.000000,200.000000,488,17,75,0,567,0,3.483607,0.368560,2.783324,1.000000,-1.000000,1,0.702004,11.046853,15.290000
s5_traffic,hhvbf,16,50,5,500.000000,500.000000,3.000000,150.000000,250.000000,2.000000,512,10000.000000,200.000000,489,25,63,0,725,0,5.112474,0.542000,3.400504,1.000000,-1.000000,1,0.736236,9.912573,15.936000
s5_traffic,hhvbf,18,50,5,500.000000,500.000000,3.000000,150.000000,250.000000,2.000000,512,10000.000000,200.000000,488,22,82,0,697,0,4.508197,0.476960,4.099460,1.000000,-1.000000,1,0.706631,11.112660,15.684000
s5_traffic,hhvbf,17,50,5,500.000000,500.000000,3.000000,150.000000,250.000000,2.000000,512,10000.000000,200.000000,488,19,50,0,648,0,3.893443,0.411920,4.323821,1.000000,-1.000000,1,0.676338,12.636442,15.752000
s5_traffic,hhvbf,19,50,5,500.000000,500.000000,3.000000,150.000000,250.000000,2.000000,512,10000.000000,200.000000,487,10,95,0,584,0,2.053388,0.216800,3.620900,1.000000,-1.000000,1,0.656827,12.527593,14.472000
s5_traffic,dbr,1,50,5,500.000000,500.000000,3.000000,150.000000,250.000000,2.000000,512,10000.000000,200.000000,487,8,255,0,536,0,1.642710,0.015040,24.313310,0.500000,-1.000000,1,0.807579,13.108471,30.436000
s5_traffic,hhvbf,20,50,5,500.000000,500.000000,3.000000,150.000000,250.000000,2.000000,512,10000.000000,200.000000,487,16,87,0,632,0,3.285421,0.346880,3.681287,1.000000,-1.000000,1,0.754924,8.839650,15.516000
s5_traffic,dbr,2,50,5,500.000000,500.000000,3.000000,150.000000,250.000000,2.000000,512,10000.000000,200.000000,487,12,286,0,536,0,2.464066,0.022560,27.111769,0.750000,-1.000000,1,0.814784,11.792708,28.586000
s5_traffic,dbr,3,50,5,500.000000,500.000000,3.000000,150.000000,250.000000,2.000000,512,10000.000000,200.000000,487,10,263,0,536,0,2.053388,0.018800,27.433299,1.400000,-1.000000,1,0.706381,18.790433,26.492000
s5_traffic,dbr,4,50,5,500.000000,500.000000,3.000000,150.000000,250.000000,2.000000,512,10000.000000,200.000000,487,9,255,0,534,0,1.848049,0.016920,6.679423,0.888889,-1.000000,1,0.786073,13.612943,28.006000
s5_traffic,dbr,5,50,5,500.000000,500.000000,3.000000,150.000000,250.000000,2.000000,512,10000.000000,200.000000,488,6,69,0,536,0,1.229508,0.011280,21.106640,1.500000,-1.000000,1,0.728595,16.287072,25.294000
s5_traffic,dbr,6,50,5,500.000000,500.000000,3.000000,150.000000,250.000000,2.000000,512,10000.000000,200.000000,490,8,212,0,536,0,1.632653,0.015040,20.540203,0.750000,-1.000000,1,0.747778,13.826544,23.454000
s5_traffic,dbr,7,50,5,500.000000,500.000000,3.000000,150.000000,250.000000,2.000000,512,10000.000000,200.000000,487,7,131,0,532,0,1.437372,0.013160,42.907974,1.000000,-1.000000,1,0.745130,18.901959,31.666000
s5_traffic,dbr,8,50,5,500.000000,500.000000,3.000000,150.000000,250.000000,2.000000,512,10000.000000,200.000000,487,12,79,0,536,0,2.464066,0.022560,11.174092,1.083333,-1.000000,1,0.707150,16.448506,23.266000
s5_traffic,dbr,9,50,5,500.000000,500.000000,3.000000,150.000000,250.000000,2.000000,512,10000.000000,200.000000,488,6,188,0,535,0,1.229508,0.011280,6.723122,1.500000,-1.000000,1,0.735419,15.295358,24.498000
s5_traffic,dbr,10,50,5,500.000000,500.000000,3.000000,150.000000,250.000000,2.000000,512,10000.000000,200.000000,488,10,167,0,536,0,2.049180,0.018800,30.699624,2.300000,-1.000000,1,0.699065,16.728985,22.872000
s5_traffic,dbr,11,50,5,500.000000,500.000000,3.000000,150.000000,250.000000,2.000000,512,10000.000000,200.000000,489,13,276,0,537,0,2.658487,0.024440,22.263402,1.153846,-1.000000,1,0.794923,13.134267,28.364000
s5_traffic,dbr,12,50,5,500.000000,500.000000,3.000000,150.000000,250.000000,2.000000,512,10000.000000,200.000000,488,13,281,0,537,0,2.663934,0.024440,16.949431,1.384615,-1.000000,1,0.774759,15.046539,29.162000
s5_traffic,dbr,13,50,5,500.000000,500.000000,3.000000,150.000000,250.000000,2.000000,512,10000.000000,200.000000,487,9,197,0,534,0,1.848049,0.016920,14.927818,1.111111,-1.000000,1,0.753217,13.909022,24.214000
s5_traffic,dbr,14,50,5,500.000000,500.000000,3.000000,150.000000,250.000000,2.000000,512,10000.000000,200.000000,487,7,34,0,535,0,1.437372,0.013160,18.624078,1.000000,-1.000000,1,0.700026,15.771880,21.650000
s5_traffic,dbr,15,50,5,500.000000,500.000000,3.000000,150.000000,250.000000,2.000000,512,10000.000000,200.000000,488,9,318,0,536,0,1.844262,0.016920,19.568442,0.444444,-1.000000,1,0.715159,18.484144,27.058000
s5_traffic,dbr,16,50,5,500.000000,500.000000,3.000000,150.000000,250.000000,2.000000,512,10000.000000,200.000000,489,12,76,0,536,0,2.453988,0.022560,20.127322,2.166667,-1.000000,1,0.646645,21.229829,23.594000
s5_traffic,dbr,17,50,5,500.000000,500.000000,3.000000,150.000000,250.000000,2.000000,512,10000.000000,200.000000,488,13,261,0,535,0,2.663934,0.024440,31.819748,0.923077,-1.000000,1,0.671475,17.951979,21.952000
s5_traffic,dbr,18,50,5,500.000000,500.000000,3.000000,150.000000,250.000000,2.000000,512,10000.000000,200.000000,488,6,146,0,534,0,1.229508,0.011280,17.381273,1.333333,-1.000000,1,0.677538,17.912772,22.436000
s5_traffic,dbr,19,50,5,500.000000,500.000000,3.000000,150.000000,250.000000,2.000000,512,10000.000000,200.000000,487,6,97,0,533,0,1.232033,0.011280,6.472296,1.333333,-1.000000,1,0.564394,28.833187,23.880000
s5_traffic,dbr,20,50,5,500.000000,500.000000,3.000000,150.000000,250.000000,2.000000,512,10000.000000,200.000000,487,6,187,0,534,0,1.232033,0.011280,11.438974,1.000000,-1.000000,1,0.752523,16.181349,28.076000
s5_traffic,adaptive,1,50,5,500.000000,500.000000,3.000000,150.000000,250.000000,4.000000,512,10000.000000,200.000000,243,105,142,23,1047,81,43.209877,1.555200,1.208491,0.361905,-1.000000,1,0.957726,3.185775,36.866000
s5_traffic,adaptive,2,50,5,500.000000,500.000000,3.000000,150.000000,250.000000,4.000000,512,10000.000000,200.000000,245,92,202,26,1041,37,37.551020,1.058560,0.965693,0.282609,-1.000000,1,0.968024,2.436873,37.486000
s5_traffic,adaptive,3,50,5,500.000000,500.000000,3.000000,150.000000,250.000000,4.000000,512,10000.000000,200.000000,245,94,172,13,1099,32,38.367347,1.349120,1.013592,0.234043,-1.000000,1,0.956024,3.182402,35.370000
s5_traffic,adaptive,5,50,5,500.000000,500.000000,3.000000,150.000000,250.000000,4.000000,512,10000.000000,200.000000,246,83,170,16,1104,48,33.739837,1.162240,1.469338,0.578313,-1.000000,1,0.948790,3.842181,36.528000
s5_traffic,adaptive,4,50,5,500.000000,500.000000,3.000000,150.000000,250.000000,4.000000,512,10000.000000,200.000000,244,95,204,23,1040,45,38.934426,1.292800,0.993893,0.273684,-1.000000,1,0.965577,2.680742,38.256000
s5_traffic,adaptive,6,50,5,500.000000,500.000000,3.000000,150.000000,250.000000,4.000000,512,10000.000000,200.000000,245,82,162,3,1107,36,33.469388,1.180160,1.323619,0.451220,-1.000000,1,0.958855,2.959596,35.210000
s5_traffic,adaptive,7,50,5,500.000000,500.000000,3.000000,150.000000,250.000000,4.000000,512,10000.000000,200.000000,245,91,144,11,1049,37,37.142857,1.345280,1.529897,0.593407,-1.000000,1,0.960880,3.021374,37.846000
s5_traffic,adaptive,8,50,5,500.000000,500.000000,3.000000,150.000000,250.000000,4.000000,512,10000.000000,200.000000,244,78,180,23,1109,76,31.967213,0.887040,1.277903,0.525641,-1.000000,1,0.971182,2.141946,36.620000
s5_traffic,adaptive,9,50,5,500.000000,500.000000,3.000000,150.000000,250.000000,4.000000,512,10000.000000,200.000000,245,91,151,63,1127,39,37.142857,1.383680,1.547380,0.626374,-1.000000,1,0.964222,2.645083,36.292000
s5_traffic,adaptive,10,50,5,500.000000,500.000000,3.000000,150.000000,250.000000,4.000000,512,10000.000000,200.000000,246,89,162,37,1159,53,36.178862,1.227520,1.254167,0.438202,-1.000000,1,0.972395,2.069199,36.954000
s5_traffic,adaptive,11,50,5,500.000000,500.000000,3.000000,150.000000,250.000000,4.000000,512,10000.000000,200.000000,246,113,120,70,1038,141,45.934959,1.584640,1.071385,0.292035,-1.000000,1,0.963042,2.843154,37.740000
s5_traffic,adaptive,12,50,5,500.000000,500.000000,3.000000,150.000000,250.000000,4.000000,512,10000.000000,200.000000,245,117,194,34,1062,142,47.755102,1.570560,1.169208,0.367521,-1.000000,1,0.964095,2.782819,38.044000
s5_traffic,adaptive,13,50,5,500.000000,500.000000,3.000000,150.000000,250.000000,4.000000,512,10000.000000,200.000000,245,96,156,26,1115,50,39.183673,1.505280,1.353858,0.489583,-1.000000,1,0.960016,3.111342,38.114000
s5_traffic,adaptive,14,50,5,500.000000,500.000000,3.000000,150.000000,250.000000,4.000000,512,10000.000000,200.000000,245,58,180,23,1150,75,23.673469,0.688640,1.555399,0.672414,-1.000000,1,0.960197,2.915152,35.876000
s5_traffic,adaptive,15,50,5,500.000000,500.000000,3.000000,150.000000,250.000000,4.000000,512,10000.000000,200.000000,245,97,174,34,1080,78,39.591837,1.276160,0.969022,0.226804,-1.000000,1,0.955839,3.238956,35.844000
s5_traffic,adaptive,16,50,5,500.000000,500.000000,3.000000,150.000000,250.000000,4.000000,512,10000.000000,200.000000,248,75,250,1,1125,35,30.241935,0.921600,1.490724,0.653333,-1.000000,1,0.965222,2.744256,38.756000
s5_traffic,adaptive,18,50,5,500.000000,500.000000,3.000000,150.000000,250.000000,4.000000,512,10000.000000,200.000000,245,86,234,4,1110,10,35.102041,1.185280,1.185369,0.395349,-1.000000,1,0.961083,2.997684,37.750000
s5_traffic,adaptive,17,50,5,500.000000,500.000000,3.000000,150.000000,250.000000,4.000000,512,10000.000000,200.000000,244,78,217,57,1151,53,31.967213,0.848640,0.966198,0.307692,-1.000000,1,0.958516,3.298124,38.910000
s5_traffic,adaptive,19,50,5,500.000000,500.000000,3.000000,150.000000,250.000000,4.000000,512,10000.000000,200.000000,245,75,222,1,1093,29,30.612245,0.998400,1.477888,0.613333,-1.000000,1,0.963967,2.709694,36.910000
s5_traffic,vbf,1,50,5,500.000000,500.000000,3.000000,150.000000,250.000000,4.000000,512,10000.000000,200.000000,243,17,83,0,460,0,6.995885,0.368560,3.033918,1.000000,-1.000000,1,0.818871,5.960799,14.816000
s5_traffic,adaptive,20,50,5,500.000000,500.000000,3.000000,150.000000,250.000000,4.000000,512,10000.000000,200.000000,244,100,153,50,1043,44,40.983607,1.606400,1.295159,0.410000,-1.000000,1,0.955710,3.405600,37.576000
s5_traffic,vbf,2,50,5,500.000000,500.000000,3.000000,150.000000,250.000000,4.000000,512,10000.000000,200.000000,245,24,69,0,496,0,9.795918,0.520320,3.033539,1.000000,-1.000000,1,0.823334,5.710546,14.596000
s5_traffic,vbf,3,50,5,500.000000,500.000000,3.000000,150.000000,250.000000,4.000000,512,10000.000000,200.000000,245,21,80,0,501,0,8.571429,0.455280,3.412605,1.000000,-1.000000,1,0.812512,5.894659,14.094000
s5_traffic,vbf,4,50,5,500.000000,500.000000,3.000000,150.000000,250.000000,4.000000,512,10000.000000,200.000000,244,18,95,0,482,0,7.377049,0.390240,3.737909,1.000000,-1.000000,1,0.818557,5.861156,14.540000
s5_traffic,vbf,6,50,5,500.000000,500.000000,3.000000,150.000000,250.000000,4.000000,512,10000.000000,200.000000,245,17,59,0,543,0,6.938776,0.368560,4.405540,1.000000,-1.000000,1,0.839763,5.182189,14.762000
s5_traffic,vbf,5,50,5,500.000000,500.000000,3.000000,150.000000,250.000000,4.000000,512,10000.000000,200.000000,246,19,70,0,592,0,7.723577,0.411920,3.727866,1.000000,-1.000000,1,0.819391,6.025848,15.026000
s5_traffic,vbf,7,50,5,500.000000,500.000000,3.000000,150.000000,250.000000,4.000000,512,10000.000000,200.000000,245,17,78,0,466,0,6.938776,0.368560,3.375979,1.000000,-1.000000,1,0.848272,4.771156,14.432000
s5_traffic,vbf,8,50,5,500.000000,500.000000,3.000000,150.000000,250.000000,4.000000,512,10000.000000,200.000000,244,25,46,0,549,0,10.245902,0.542000,4.015831,1.000000,-1.000000,1,0.812647,6.128080,14.664000
s5_traffic,vbf,9,50,5,500.000000,500.000000,3.000000,150.000000,250.000000,4.000000,512,10000.000000,200.000000,245,14,110,0,548,0,5.714286,0.303520,3.238089,1.000000,-1.000000,1,0.761558,8.231189,14.924000
s5_traffic,vbf,10,50,5,500.000000,500.000000,3.000000,150.000000,250.000000,4.000000,512,10000.000000,200.000000,246,24,95,0,645,0,9.756098,0.520320,4.052041,1.000000,-1.000000,1,0.855121,5.007496,15.932000
s5_traffic,vbf,12,50,5,500.000000,500.000000,3.000000,150.000000,250.000000,4.000000,512,10000.000000,200.000000,245,20,75,0,493,0,8.163265,0.433600,3.377018,1.000000,-1.000000,1,0.817369,5.814919,14.320000
s5_traffic,vbf,11,50,5,500.000000,500.000000,3.000000,150.000000,250.000000,4.000000,512,10000.000000,200.000000,246,17,66,0,458,0,6.910569,0.368560,2.394425,1.000000,-1.000000,1,0.790087,6.788675,14.274000
s5_traffic,vbf,13,50,5,500.000000,500.000000,3.000000,150.000000,250.000000,4.000000,512,10000.000000,200.000000,245,15,85,0,595,0,6.122449,0.325200,3.332768,1.000000,-1.000000,1,0.864532,4.484121,15.348000
s5_traffic,vbf,15,50,5,500.000000,500.000000,3.000000,150.000000,250.000000,4.000000,512,10000.000000,200.000000,245,17,73,0,450,0,6.938776,0.368560,3.265385,1.000000,-1.000000,1,0.796519,6.326991,13.786000
s5_traffic,vbf,14,50,5,500.000000,500.000000,3.000000,150.000000,250.000000,4.000000,512,10000.000000,200.000000,245,15,77,0,546,0,6.122449,0.325200,3.840437,1.000000,-1.000000,1,0.809988,6.077687,14.314000
s5_traffic,vbf,16,50,5,500.000000,500.000000,3.000000,150.000000,250.000000,4.000000,512,10000.000000,200.000000,248,20,84,0,580,0,8.064516,0.433600,4.810895,1.000000,-1.000000,1,0.838619,5.375894,15.194000
s5_traffic,vbf,17,50,5,500.000000,500.000000,3.000000,150.000000,250.000000,4.000000,512,10000.000000,200.000000,244,19,74,0,496,0,7.786885,0.411920,3.859964,1.000000,-1.000000,1,0.739916,8.324941,13.612000
s5_traffic,vbf,18,50,5,500.000000,500.000000,3.000000,150.000000,250.000000,4.000000,512,10000.000000,200.000000,245,18,88,0,577,0,7.346939,0.390240,4.544902,1.000000,-1.000000,1,0.793813,6.810975,14.618000
s5_traffic,vbf,19,50,5,500.000000,500.000000,3.000000,150.000000,250.000000,4.000000,512,10000.000000,200.000000,245,16,86,0,476,0,6.530612,0.346880,3.656988,1.000000,-1.000000,1,0.716024,9.002669,13.228000
s5_traffic,vbf,20,50,5,500.000000,500.000000,3.000000,150.000000,250.000000,4.000000,512,10000.000000,200.000000,244,18,88,0,510,0,7.377049,0.390240,3.219099,1.000000,-1.000000,1,0.861465,4.527359,15.124000
s5_traffic,hhvbf,1,50,5,500.000000,500.000000,3.000000,150.000000,250.000000,4.000000,512,10000.000000,200.000000,243,20,87,0,496,0,8.230453,0.433600,2.949372,1.000000,-1.000000,1,0.824754,5.847716,15.082000
s5_traffic,hhvbf,2,50,5,500.000000,500.000000,3.000000,150.000000,250.000000,4.000000,512,10000.000000,200.000000,245,18,61,0,507,0,7.346939,0.390240,3.368535,1.000000,-1.000000,1,0.830348,5.315556,14.214000
s5_traffic,hhvbf,3,50,5,500.000000,500.000000,3.000000,150.000000,250.000000,4.000000,512,10000.000000,200.000000,245,22,90,0,516,0,8.979592,0.476960,3.242081,1.000000,-1.000000,1,0.801002,6.647978,14.858000
s5_traffic,hhvbf,4,50,5,500.000000,500.000000,3.000000,150.000000,250.000000,4.000000,512,10000.000000,200.000000,244,15,86,0,478,0,6.147541,0.325200,2.655390,1.000000,-1.000000,1,0.801694,6.460345,14.496000
s5_traffic,hhvbf,7,50,5,500.000000,500.000000,3.000000,150.000000,250.000000,4.000000,512,10000.000000,200.000000,245,20,71,0,452,0,8.163265,0.433600,3.681098,1.000000,-1.000000,1,0.843545,4.674830,13.672000
s5_traffic,hhvbf,5,50,5,500.000000,500.000000,3.000000,150.000000,250.000000,4.000000,512,10000.000000,200.000000,246,22,79,0,587,0,8.943089,0.476960,3.803699,1.000000,-1.000000,1,0.858568,4.616938,15.080000
s5_traffic,hhvbf,6,50,5,500.000000,500.000000,3.000000,150.000000,250.000000,4.000000,512,10000.000000,200.000000,245,18,50,0,545,0,7.346939,0.390240,4.677575,1.000000,-1.000000,1,0.845437,5.001380,14.824000
s5_traffic,hhvbf,9,50,5,500.000000,500.000000,3.000000,150.000000,250.000000,4.000000,512,10000.000000,200.000000,245,18,113,0,561,0,7.346939,0.390240,4.053206,1.000000,-1.000000,1,0.786452,7.470247,15.400000
s5_traffic,hhvbf,8,50,5,500.000000,500.000000,3.000000,150.000000,250.000000,4.000000,512,10000.000000,200.000000,244,24,53,0,541,0,9.836066,0.520320,3.893633,1.000000,-1.000000,1,0.830309,5.515911,14.746000
s5_traffic,hhvbf,10,50,5,500.000000,500.000000,3.000000,150.000000,250.000000,4.000000,512,10000.000000,200.000000,246,21,78,0,642,0,8.536585,0.455280,4.098471,1.000000,-1.000000,1,0.862851,4.549253,15.364000
s5_traffic,hhvbf,11,50,5,500.000000,500.000000,3.000000,150.000000,250.000000,4.000000,512,10000.000000,200.000000,246,13,69,0,477,0,5.284553,0.281840,2.711507,1.000000,-1.000000,1,0.775485,7.344484,14.288000
s5_traffic,hhvbf,12,50,5,500.000000,500.000000,3.000000,150.000000,250.000000,4.000000,512,10000.000000,200.000000,245,20,92,0,504,0,8.163265,0.433600,3.366147,1.000000,-1.000000,1,0.844533,5.186325,15.274000
s5_traffic,hhvbf,13,50,5,500.000000,500.000000,3.000000,150.000000,250.000000,4.000000,512,10000.000000,200.000000,245,15,83,0,601,0,6.122449,0.325200,2.872802,1.000000,-1.000000,1,0.855211,4.705698,14.982000
s5_traffic,hhvbf,14,50,5,500.000000,500.000000,3.000000,150.000000,250.000000,4.000000,512,10000.000000,200.000000,245,15,70,0,563,0,6.122449,0.325200,4.412891,1.000000,-1.000000,1,0.829337,5.501380,14.614000
s5_traffic,hhvbf,15,50,5,500.000000,500.000000,3.000000,150.000000,250.000000,4.000000,512,10000.000000,200.000000,245,15,76,0,468,0,6.122449,0.325200,2.740304,1.000000,-1.000000,1,0.776432,7.216377,14.108000
s5_traffic,hhvbf,16,50,5,500.000000,500.000000,3.000000,150.000000,250.000000,4.000000,512,10000.000000,200.000000,248,22,84,0,559,0,8.870968,0.476960,3.865772,1.000000,-1.000000,1,0.848616,4.931418,14.954000
s5_traffic,hhvbf,17,50,5,500.000000,500.000000,3.000000,150.000000,250.000000,4.000000,512,10000.000000,200.000000,244,21,59,0,495,0,8.606557,0.455280,3.623667,1.000000,-1.000000,1,0.723179,8.829482,13.386000
s5_traffic,hhvbf,18,50,5,500.000000,500.000000,3.000000,150.000000,250.000000,4.000000,512,10000.000000,200.000000,245,20,86,0,582,0,8.163265,0.433600,5.320150,1.000000,-1.000000,1,0.812785,6.258276,14.988000
s5_traffic,hhvbf,19,50,5,500.000000,500.000000,3.000000,150.000000,250.000000,4.000000,512,10000.000000,200.000000,245,17,75,0,517,0,6.938776,0.368560,3.708047,1.000000,-1.000000,1,0.726871,9.327115,14.374000
s5_traffic,hhvbf,20,50,5,500.000000,500.000000,3.000000,150.000000,250.000000,4.000000,512,10000.000000,200.000000,244,22,94,0,536,0,9.016393,0.476960,3.550350,1.000000,-1.000000,1,0.870903,4.386825,15.818000
s5_traffic,dbr,1,50,5,500.000000,500.000000,3.000000,150.000000,250.000000,4.000000,512,10000.000000,200.000000,243,8,126,0,292,0,3.292181,0.015040,24.457620,0.500000,-1.000000,1,0.824402,6.318623,16.260000
s5_traffic,dbr,2,50,5,500.000000,500.000000,3.000000,150.000000,250.000000,4.000000,512,10000.000000,200.000000,245,12,150,0,294,0,4.897959,0.022560,27.657039,0.750000,-1.000000,1,0.830278,5.783435,15.458000
s5_traffic,dbr,3,50,5,500.000000,500.000000,3.000000,150.000000,250.000000,4.000000,512,10000.000000,200.000000,245,10,137,0,294,0,4.081633,0.018800,28.218887,1.400000,-1.000000,1,0.724855,9.339070,14.264000
s5_traffic,dbr,4,50,5,500.000000,500.000000,3.000000,150.000000,250.000000,4.000000,512,10000.000000,200.000000,244,9,129,0,291,0,3.688525,0.016920,6.906746,0.888889,-1.000000,1,0.806844,6.441587,14.892000
s5_traffic,dbr,5,50,5,500.000000,500.000000,3.000000,150.000000,250.000000,4.000000,512,10000.000000,200.000000,246,6,34,0,294,0,2.439024,0.011280,21.576078,1.500000,-1.000000,1,0.751807,7.961171,13.766000
s5_traffic,dbr,6,50,5,500.000000,500.000000,3.000000,150.000000,250.000000,4.000000,512,10000.000000,200.000000,245,8,101,0,291,0,3.265306,0.015040,21.212185,0.750000,-1.000000,1,0.774656,6.572774,12.732000
s5_traffic,dbr,7,50,5,500.000000,500.000000,3.000000,150.000000,250.000000,4.000000,512,10000.000000,200.000000,245,7,65,0,290,0,2.857143,0.013160,43.426900,1.000000,-1.000000,1,0.756290,9.407271,16.622000
s5_traffic,dbr,9,50,5,500.000000,500.000000,3.000000,150.000000,250.000000,4.000000,512,10000.000000,200.000000,245,6,96,0,292,0,2.448980,0.011280,6.723122,1.500000,-1.000000,1,0.753000,7.513220,13.066000
s5_traffic,dbr,8,50,5,500.000000,500.000000,3.000000,150.000000,250.000000,4.000000,512,10000.000000,200.000000,244,12,38,0,293,0,4.918033,0.022560,11.359780,1.083333,-1.000000,1,0.730752,7.915145,12.412000
s5_traffic,dbr,10,50,5,500.000000,500.000000,3.000000,150.000000,250.000000,4.000000,512,10000.000000,200.000000,246,10,82,0,294,0,4.065041,0.018800,31.025132,2.300000,-1.000000,1,0.716750,8.305418,12.242000
s5_traffic,dbr,13,50,5,500.000000,500.000000,3.000000,150.000000,250.000000,4.000000,512,10000.000000,200.000000,245,9,99,0,293,0,3.673469,0.016920,15.304495,1.111111,-1.000000,1,0.779799,6.626045,13.184000
s5_traffic,dbr,12,50,5,500.000000,500.000000,3.000000,150.000000,250.000000,4.000000,512,10000.000000,200.000000,245,13,147,0,294,0,5.306122,0.024440,17.041317,1.384615,-1.000000,1,0.796458,7.178513,15.636000
s5_traffic,dbr,11,50,5,500.000000,500.000000,3.000000,150.000000,250.000000,4.000000,512,10000.000000,200.000000,246,13,144,0,294,0,5.284553,0.024440,22.582504,1.153846,-1.000000,1,0.817550,6.171852,15.216000
s5_traffic,dbr,14,50,5,500.000000,500.000000,3.000000,150.000000,250.000000,4.000000,512,10000.000000,200.000000,245,7,16,0,293,0,2.857143,0.013160,18.952129,1.000000,-1.000000,1,0.724678,7.617885,11.626000
s5_traffic,dbr,16,50,5,500.000000,500.000000,3.000000,150.000000,250.000000,4.000000,512,10000.000000,200.000000,248,12,37,0,295,0,4.838710,0.022560,20.260343,2.166667,-1.000000,1,0.679530,10.198776,12.876000
s5_traffic,dbr,15,50,5,500.000000,500.000000,3.000000,150.000000,250.000000,4.000000,512,10000.000000,200.000000,245,9,164,0,293,0,3.673469,0.016920,20.114210,0.444444,-1.000000,1,0.740348,9.006602,14.756000
s5_traffic,dbr,18,50,5,500.000000,500.000000,3.000000,150.000000,250.000000,4.000000,512,10000.000000,200.000000,245,6,70,0,291,0,2.448980,0.011280,17.978284,1.333333,-1.000000,1,0.705838,8.536684,12.008000
s5_traffic,dbr,17,50,5,500.000000,500.000000,3.000000,150.000000,250.000000,4.000000,512,10000.000000,200.000000,244,13,140,0,291,0,5.327869,0.024440,31.969960,0.923077,-1.000000,1,0.699728,8.587958,11.774000
s5_traffic,dbr,19,50,5,500.000000,500.000000,3.000000,150.000000,250.000000,4.000000,512,10000.000000,200.000000,245,6,48,0,291,0,2.448980,0.011280,6.472296,1.333333,-1.000000,1,0.584240,14.306513,12.690000
s5_traffic,dbr,20,50,5,500.000000,500.000000,3.000000,150.000000,250.000000,4.000000,512,10000.000000,200.000000,244,6,90,0,291,0,2.459016,0.011280,11.172776,1.000000,-1.000000,1,0.775702,7.820898,15.232000
s5_traffic,adaptive,1,50,5,500.000000,500.000000,3.000000,150.000000,250.000000,6.000000,512,10000.000000,200.000000,164,96,187,9,1052,66,58.536585,1.390080,1.058349,0.260417,-1.000000,1,0.964606,2.933230,40.690000
s5_traffic,adaptive,2,50,5,500.000000,500.000000,3.000000,150.000000,250.000000,6.000000,512,10000.000000,200.000000,164,76,255,23,1037,19,46.341463,0.730880,0.874030,0.250000,-1.000000,1,0.983736,1.370019,41.772000
s5_traffic,adaptive,3,50,5,500.000000,500.000000,3.000000,150.000000,250.000000,6.000000,512,10000.000000,200.000000,165,87,210,12,1048,41,52.727273,1.186560,1.135258,0.356322,-1.000000,1,0.964027,2.673828,36.484000
s5_traffic,adaptive,4,50,5,500.000000,500.000000,3.000000,150.000000,250.000000,6.000000,512,10000.000000,200.000000,163,68,219,16,1034,45,41.717791,0.739840,0.842252,0.235294,-1.000000,1,0.973185,2.227954,40.978000
s5_traffic,adaptive,5,50,5,500.000000,500.000000,3.000000,150.000000,250.000000,6.000000,512,10000.000000,200.000000,165,70,189,14,1064,58,42.424242,0.915200,1.387078,0.571429,-1.000000,1,0.960863,3.034318,37.992000
s5_traffic,adaptive,6,50,5,500.000000,500.000000,3.000000,150.000000,250.000000,6.000000,512,10000.000000,200.000000,165,78,224,2,1077,25,47.272727,1.098240,1.332189,0.487179,-1.000000,1,0.967565,2.552321,38.696000
s5_traffic,adaptive,7,50,5,500.000000,500.000000,3.000000,150.000000,250.000000,6.000000,512,10000.000000,200.000000,165,67,168,10,1009,33,40.606061,0.853760,1.403938,0.582090,-1.000000,1,0.969652,2.505887,40.650000
s5_traffic,adaptive,8,50,5,500.000000,500.000000,3.000000,150.000000,250.000000,6.000000,512,10000.000000,200.000000,164,71,245,17,1085,64,43.292683,0.743680,1.217965,0.521127,-1.000000,1,0.976112,1.927666,39.860000
s5_traffic,adaptive,9,50,5,500.000000,500.000000,3.000000,150.000000,250.000000,6.000000,512,10000.000000,200.000000,163,78,185,32,1094,26,47.852761,1.117440,1.535489,0.653846,-1.000000,1,0.977536,1.736960,38.222000
s5_traffic,adaptive,10,50,5,500.000000,500.000000,3.000000,150.000000,250.000000,6.000000,512,10000.000000,200.000000,165,87,200,28,1104,28,52.727273,1.167360,1.441035,0.586207,-1.000000,1,0.979593,1.611448,39.076000
s5_traffic,adaptive,11,50,5,500.000000,500.000000,3.000000,150.000000,250.000000,6.000000,512,10000.000000,200.000000,165,104,155,41,1023,101,63.030303,1.419520,1.108187,0.346154,-1.000000,1,0.966304,2.765590,40.334000
s5_traffic,adaptive,12,50,5,500.000000,500.000000,3.000000,150.000000,250.000000,6.000000,512,10000.000000,200.000000,165,94,271,22,1048,69,56.969697,1.099520,1.073892,0.351064,-1.000000,1,0.974161,2.191525,41.852000
s5_traffic,adaptive,14,50,5,500.000000,500.000000,3.000000,150.000000,250.000000,6.000000,512,10000.000000,200.000000,165,54,209,16,1098,44,32.727273,0.606720,1.550932,0.703704,-1.000000,1,0.975416,1.924851,38.662000
s5_traffic,adaptive,13,50,5,500.000000,500.000000,3.000000,150.000000,250.000000,6.000000,512,10000.000000,200.000000,165,89,187,26,1067,21,53.939394,1.361920,1.349852,0.494382,-1.000000,1,0.969511,2.498554,40.340000
s5_traffic,adaptive,15,50,5,500.000000,500.000000,3.000000,150.000000,250.000000,6.000000,512,10000.000000,200.000000,164,85,189,25,1047,55,51.829268,1.049600,0.919942,0.223529,-1.000000,1,0.972732,2.020436,36.536000
s5_traffic,adaptive,16,50,5,500.000000,500.000000,3.000000,150.000000,250.000000,6.000000,512,10000.000000,200.000000,165,68,253,2,1078,19,41.212121,0.778240,1.332825,0.544118,-1.000000,1,0.977361,1.802531,39.354000
s5_traffic,adaptive,17,50,5,500.000000,500.000000,3.000000,150.000000,250.000000,6.000000,512,10000.000000,200.000000,163,75,224,42,1076,32,46.012270,0.787200,1.048592,0.386667,-1.000000,1,0.966651,2.634860,38.834000
s5_traffic,adaptive,18,50,5,500.000000,500.000000,3.000000,150.000000,250.000000,6.000000,512,10000.000000,200.000000,165,79,236,0,1091,3,47.878788,1.061120,1.414603,0.569620,-1.000000,1,0.966401,2.678324,39.176000
s5_traffic,vbf,1,50,5,500.000000,500.000000,3.000000,150.000000,250.000000,6.000000,512,10000.000000,200.000000,164,17,94,0,404,0,10.365854,0.368560,3.087907,1.000000,-1.000000,1,0.836261,4.595606,12.782000
s5_traffic,adaptive,19,50,5,500.000000,500.000000,3.000000,150.000000,250.000000,6.000000,512,10000.000000,200.000000,165,66,292,1,1084,16,40.000000,0.814080,1.313306,0.515152,-1.000000,1,0.967366,2.767297,41.696000
s5_traffic,adaptive,20,50,5,500.000000,500.000000,3.000000,150.000000,250.000000,6.000000,512,10000.000000,200.000000,164,66,161,29,1037,38,40.243902,0.910080,1.122282,0.348485,-1.000000,1,0.962816,3.048727,40.218000
s5_traffic,vbf,2,50,5,500.000000,500.000000,3.000000,150.000000,250.000000,6.000000,512,10000.000000,200.000000,164,20,55,0,396,0,12.195122,0.433600,3.022361,1.000000,-1.000000,1,0.846429,3.995954,11.928000
s5_traffic,vbf,3,50,5,500.000000,500.000000,3.000000,150.000000,250.000000,6.000000,512,10000.000000,200.000000,165,22,57,0,393,0,13.333333,0.476960,3.997583,1.000000,-1.000000,1,0.812070,4.956732,11.820000
s5_traffic,vbf,4,50,5,500.000000,500.000000,3.000000,150.000000,250.000000,6.000000,512,10000.000000,200.000000,163,21,87,0,386,0,12.883436,0.455280,3.332326,1.000000,-1.000000,1,0.829574,4.688532,12.474000
s5_traffic,vbf,5,50,5,500.000000,500.000000,3.000000,150.000000,250.000000,6.000000,512,10000.000000,200.000000,165,20,54,0,450,0,12.121212,0.433600,4.374599,1.000000,-1.000000,1,0.869015,3.497742,12.416000
s5_traffic,vbf,6,50,5,500.000000,500.000000,3.000000,150.000000,250.000000,6.000000,512,10000.000000,200.000000,165,18,59,0,424,0,10.909091,0.390240,3.921455,1.000000,-1.000000,1,0.867975,3.472660,12.222000
s5_traffic,vbf,7,50,5,500.000000,500.000000,3.000000,150.000000,250.000000,6.000000,512,10000.000000,200.000000,165,18,59,0,381,0,10.909091,0.390240,3.665612,1.000000,-1.000000,1,0.866431,3.513735,12.212000
s5_traffic,vbf,9,50,5,500.000000,500.000000,3.000000,150.000000,250.000000,6.000000,512,10000.000000,200.000000,163,16,94,0,445,0,9.815951,0.346880,3.889611,1.000000,-1.000000,1,0.790837,6.091075,12.860000
s5_traffic,vbf,8,50,5,500.000000,500.000000,3.000000,150.000000,250.000000,6.000000,512,10000.000000,200.000000,164,20,50,0,445,0,12.195122,0.433600,4.015685,1.000000,-1.000000,1,0.843711,4.355876,12.754000
s5_traffic,vbf,12,50,5,500.000000,500.000000,3.000000,150.000000,250.000000,6.000000,512,10000.000000,200.000000,165,24,86,0,388,0,14.545455,0.520320,3.717986,1.000000,-1.000000,1,0.849172,4.192292,12.764000
s5_traffic,vbf,10,50,5,500.000000,500.000000,3.000000,150.000000,250.000000,6.000000,512,10000.000000,200.000000,165,21,81,0,499,0,12.727273,0.455280,3.833563,1.000000,-1.000000,1,0.903291,2.687332,13.188000
s5_traffic,vbf,11,50,5,500.000000,500.000000,3.000000,150.000000,250.000000,6.000000,512,10000.000000,200.000000,165,16,72,0,339,0,9.696970,0.346880,2.801754,1.000000,-1.000000,1,0.815092,4.714690,11.450000
s5_traffic,vbf,14,50,5,500.000000,500.000000,3.000000,150.000000,250.000000,6.000000,512,10000.000000,200.000000,165,18,65,0,487,0,10.909091,0.390240,4.598328,1.000000,-1.000000,1,0.827467,5.066325,13.296000
s5_traffic,vbf,13,50,5,500.000000,500.000000,3.000000,150.000000,250.000000,6.000000,512,10000.000000,200.000000,165,17,98,0,480,0,10.303030,0.368560,3.244359,1.000000,-1.000000,1,0.856224,4.192292,13.450000
s5_traffic,vbf,15,50,5,500.000000,500.000000,3.000000,150.000000,250.000000,6.000000,512,10000.000000,200.000000,164,21,81,0,367,0,12.804878,0.455280,2.994383,1.000000,-1.000000,1,0.816157,4.966455,12.140000
s5_traffic,vbf,17,50,5,500.000000,500.000000,3.000000,150.000000,250.000000,6.000000,512,10000.000000,200.000000,163,15,68,0,390,0,9.202454,0.325200,3.373824,1.000000,-1.000000,1,0.757148,6.533211,11.592000
s5_traffic,vbf,18,50,5,500.000000,500.000000,3.000000,150.000000,250.000000,6.000000,512,10000.000000,200.000000,165,20,77,0,482,0,12.121212,0.433600,4.119651,1.000000,-1.000000,1,0.851808,4.262879,13.232000
s5_traffic,vbf,16,50,5,500.000000,500.000000,3.000000,150.000000,250.000000,6.000000,512,10000.000000,200.000000,165,24,75,0,469,0,14.545455,0.520320,4.009975,1.000000,-1.000000,1,0.866935,3.932673,13.724000
s5_traffic,hhvbf,1,50,5,500.000000,500.000000,3.000000,150.000000,250.000000,6.000000,512,10000.000000,200.000000,164,18,84,0,399,0,10.975610,0.390240,3.258056,1.000000,-1.000000,1,0.840327,4.309540,12.324000
s5_traffic,vbf,19,50,5,500.000000,500.000000,3.000000,150.000000,250.000000,6.000000,512,10000.000000,200.000000,165,14,63,0,386,0,8.484848,0.303520,4.169751,1.000000,-1.000000,1,0.730295,6.774848,10.602000
s5_traffic,vbf,20,50,5,500.000000,500.000000,3.000000,150.000000,250.000000,6.000000,512,10000.000000,200.000000,164,16,86,0,390,0,9.756098,0.346880,3.249040,1.000000,-1.000000,1,0.845447,4.209554,12.478000
s5_traffic,hhvbf,3,50,5,500.000000,500.000000,3.000000,150.000000,250.000000,6.000000,512,10000.000000,200.000000,165,20,64,0,410,0,12.121212,0.433600,3.680788,1.000000,-1.000000,1,0.829240,4.517946,11.994000
s5_traffic,hhvbf,2,50,5,500.000000,500.000000,3.000000,150.000000,250.000000,6.000000,512,10000.000000,200.000000,164,21,53,0,379,0,12.804878,0.455280,3.311981,1.000000,-1.000000,1,0.854104,3.763179,11.882000
s5_traffic,hhvbf,4,50,5,500.000000,500.000000,3.000000,150.000000,250.000000,6.000000,512,10000.000000,200.000000,163,21,81,0,388,0,12.883436,0.455280,2.930137,1.000000,-1.000000,1,0.843534,4.267603,12.480000
s5_traffic,hhvbf,5,50,5,500.000000,500.000000,3.000000,150.000000,250.000000,6.000000,512,10000.000000,200.000000,165,18,78,0,493,0,10.909091,0.390240,4.124185,1.000000,-1.000000,1,0.878004,3.499236,13.410000
s5_traffic,hhvbf,6,50,5,500.000000,500.000000,3.000000,150.000000,250.000000,6.000000,512,10000.000000,200.000000,165,20,76,0,446,0,12.121212,0.433600,4.550314,1.000000,-1.000000,1,0.867048,3.793349,13.250000
s5_traffic,hhvbf,7,50,5,500.000000,500.000000,3.000000,150.000000,250.000000,6.000000,512,10000.000000,200.000000,165,20,64,0,368,0,12.121212,0.433600,3.926093,1.000000,-1.000000,1,0.863218,3.411782,11.556000
s5_traffic,hhvbf,9,50,5,500.000000,500.000000,3.000000,150.000000,250.000000,6.000000,512,10000.000000,200.000000,163,15,90,0,401,0,9.202454,0.325200,3.680755,1.000000,-1.000000,1,0.811329,5.064705,12.024000
s5_traffic,hhvbf,8,50,5,500.000000,500.000000,3.000000,150.000000,250.000000,6.000000,512,10000.000000,200.000000,164,23,46,0,462,0,14.024390,0.498640,4.077828,1.000000,-1.000000,1,0.847189,4.377400,13.138000
s5_traffic,hhvbf,10,50,5,500.000000,500.000000,3.000000,150.000000,250.000000,6.000000,512,10000.000000,200.000000,165,23,75,0,530,0,13.939394,0.498640,3.781815,1.000000,-1.000000,1,0.920155,2.331651,13.994000
s5_traffic,hhvbf,11,50,5,500.000000,500.000000,3.000000,150.000000,250.000000,6.000000,512,10000.000000,200.000000,165,21,68,0,349,0,12.727273,0.455280,2.933288,1.000000,-1.000000,1,0.811006,4.866014,11.530000
s5_traffic,hhvbf,13,50,5,500.000000,500.000000,3.000000,150.000000,250.000000,6.000000,512,10000.000000,200.000000,165,18,85,0,454,0,10.909091,0.390240,3.634615,1.000000,-1.000000,1,0.872983,3.572655,13.110000
s5_traffic,hhvbf,12,50,5,500.000000,500.000000,3.000000,150.000000,250.000000,6.000000,512,10000.000000,200.000000,165,21,72,0,377,0,12.727273,0.455280,3.492868,1.000000,-1.000000,1,0.861152,3.617201,12.054000
s5_traffic,hhvbf,14,50,5,500.000000,500.000000,3.000000,150.000000,250.000000,6.000000,512,10000.000000,200.000000,165,16,77,0,500,0,9.696970,0.346880,4.135404,1.000000,-1.000000,1,0.846128,4.745158,14.134000
s5_traffic,hhvbf,15,50,5,500.000000,500.000000,3.000000,150.000000,250.000000,6.000000,512,10000.000000,200.000000,164,23,73,0,383,0,14.024390,0.498640,3.343523,1.000000,-1.000000,1,0.819594,4.952874,12.366000
s5_traffic,hhvbf,16,50,5,500.000000,500.000000,3.000000,150.000000,250.000000,6.000000,512,10000.000000,200.000000,165,19,68,0,437,0,11.515152,0.411920,3.910330,1.000000,-1.000000,1,0.868956,3.608816,12.804000
s5_traffic,hhvbf,17,50,5,500.000000,500.000000,3.000000,150.000000,250.000000,6.000000,512,10000.000000,200.000000,163,17,71,0,416,0,10.429448,0.368560,2.845924,1.000000,-1.000000,1,0.747453,7.276379,12.324000
s5_traffic,hhvbf,18,50,5,500.000000,500.000000,3.000000,150.000000,250.000000,6.000000,512,10000.000000,200.000000,165,21,84,0,494,0,12.727273,0.455280,4.524435,1.000000,-1.000000,1,0.856474,4.202374,13.508000
s5_traffic,hhvbf,19,50,5,500.000000,500.000000,3.000000,150.000000,250.000000,6.000000,512,10000.000000,200.000000,165,17,64,0,396,0,10.303030,0.368560,4.490719,1.000000,-1.000000,1,0.760492,6.139931,11.074000
s5_traffic,hhvbf,20,50,5,500.000000,500.000000,3.000000,150.000000,250.000000,6.000000,512,10000.000000,200.000000,164,19,87,0,424,0,11.585366,0.411920,3.463247,1.000000,-1.000000,1,0.843168,4.457540,13.002000
s5_traffic,dbr,2,50,5,500.000000,500.000000,3.000000,150.000000,250.000000,6.000000,512,10000.000000,200.000000,164,12,98,0,213,0,7.317073,0.022560,28.350260,0.750000,-1.000000,1,0.844632,3.649003,10.754000
s5_traffic,dbr,1,50,5,500.000000,500.000000,3.000000,150.000000,250.000000,6.000000,512,10000.000000,200.000000,164,8,87,0,213,0,4.878049,0.015040,25.443554,0.500000,-1.000000,1,0.827947,4.233911,11.146000
s5_traffic,dbr,3,50,5,500.000000,500.000000,3.000000,150.000000,250.000000,6.000000,512,10000.000000,200.000000,165,10,85,0,214,0,6.060606,0.018800,28.822184,1.400000,-1.000000,1,0.740136,6.129222,10.032000
s5_traffic,dbr,5,50,5,500.000000,500.000000,3.000000,150.000000,250.000000,6.000000,512,10000.000000,200.000000,165,6,22,0,212,0,3.636364,0.011280,21.883672,1.500000,-1.000000,1,0.767297,5.193646,9.690000
s5_traffic,dbr,4,50,5,500.000000,500.000000,3.000000,150.000000,250.000000,6.000000,512,10000.000000,200.000000,163,9,89,0,210,0,5.521472,0.016920,7.134072,0.888889,-1.000000,1,0.819088,4.205046,10.466000
s5_traffic,dbr,6,50,5,500.000000,500.000000,3.000000,150.000000,250.000000,6.000000,512,10000.000000,200.000000,165,8,71,0,211,0,4.848485,0.015040,21.195921,0.750000,-1.000000,1,0.789024,4.282325,8.952000
s5_traffic,dbr,7,50,5,500.000000,500.000000,3.000000,150.000000,250.000000,6.000000,512,10000.000000,200.000000,165,7,42,0,210,0,4.242424,0.013160,43.428733,1.000000,-1.000000,1,0.767889,6.224478,11.648000
s5_traffic,dbr,8,50,5,500.000000,500.000000,3.000000,150.000000,250.000000,6.000000,512,10000.000000,200.000000,164,12,24,0,213,0,7.317073,0.022560,11.687887,1.083333,-1.000000,1,0.748258,5.135975,8.732000
s5_traffic,dbr,10,50,5,500.000000,500.000000,3.000000,150.000000,250.000000,6.000000,512,10000.000000,200.000000,165,10,53,0,213,0,6.060606,0.018800,31.628340,2.300000,-1.000000,1,0.742194,5.287904,8.738000
s5_traffic,dbr,11,50,5,500.000000,500.000000,3.000000,150.000000,250.000000,6.000000,512,10000.000000,200.000000,165,13,94,0,213,0,7.878788,0.024440,22.661457,1.153846,-1.000000,1,0.830967,4.008316,10.762000
s5_traffic,dbr,9,50,5,500.000000,500.000000,3.000000,150.000000,250.000000,6.000000,512,10000.000000,200.000000,163,6,65,0,210,0,3.680982,0.011280,6.723122,1.500000,-1.000000,1,0.769234,4.832043,9.104000
s5_traffic,dbr,14,50,5,500.000000,500.000000,3.000000,150.000000,250.000000,6.000000,512,10000.000000,200.000000,165,7,10,0,213,0,4.242424,0.013160,18.922895,1.000000,-1.000000,1,0.744043,4.924527,8.208000
s5_traffic,dbr,12,50,5,500.000000,500.000000,3.000000,150.000000,250.000000,6.000000,512,10000.000000,200.000000,165,13,101,0,214,0,7.878788,0.024440,17.366593,1.384615,-1.000000,1,0.807779,4.689846,10.902000
s5_traffic,dbr,13,50,5,500.000000,500.000000,3.000000,150.000000,250.000000,6.000000,512,10000.000000,200.000000,165,9,70,0,213,0,5.454545,0.016920,15.750812,1.111111,-1.000000,1,0.797989,4.287613,9.420000
s5_traffic,dbr,15,50,5,500.000000,500.000000,3.000000,150.000000,250.000000,6.000000,512,10000.000000,200.000000,164,9,110,0,212,0,5.487805,0.016920,20.268908,0.444444,-1.000000,1,0.756035,5.873934,10.366000
s5_traffic,dbr,16,50,5,500.000000,500.000000,3.000000,150.000000,250.000000,6.000000,512,10000.000000,200.000000,165,12,24,0,212,0,7.272727,0.022560,20.730813,2.166667,-1.000000,1,0.702724,6.520253,9.052000
s5_traffic,dbr,17,50,5,500.000000,500.000000,3.000000,150.000000,250.000000,6.000000,512,10000.000000,200.000000,163,13,101,0,210,0,7.975460,0.024440,32.140408,0.923077,-1.000000,1,0.722470,5.617585,8.490000
s5_traffic,dbr,18,50,5,500.000000,500.000000,3.000000,150.000000,250.000000,6.000000,512,10000.000000,200.000000,165,6,48,0,211,0,3.636364,0.011280,17.643446,1.333333,-1.000000,1,0.731921,5.455389,8.600000
s5_traffic,dbr,19,50,5,500.000000,500.000000,3.000000,150.000000,250.000000,6.000000,512,10000.000000,200.000000,165,6,32,0,211,0,3.636364,0.011280,6.472296,1.333333,-1.000000,1,0.610613,9.260194,9.016000
s5_traffic,dbr,20,50,5,500.000000,500.000000,3.000000,150.000000,250.000000,6.000000,512,10000.000000,200.000000,164,6,62,0,211,0,3.658537,0.011280,11.603822,1.000000,-1.000000,1,0.790405,5.083818,10.708000
s5_traffic,adaptive,3,50,5,500.000000,500.000000,3.000000,150.000000,250.000000,8.000000,512,10000.000000,200.000000,124,78,252,7,1048,22,62.903226,1.002240,1.194111,0.435897,-1.000000,1,0.966809,2.614589,38.722000
s5_traffic,adaptive,1,50,5,500.000000,500.000000,3.000000,150.000000,250.000000,8.000000,512,10000.000000,200.000000,123,83,193,26,1025,50,67.479675,1.066240,1.093365,0.337349,-1.000000,1,0.967212,2.749502,41.230000
s5_traffic,adaptive,2,50,5,500.000000,500.000000,3.000000,150.000000,250.000000,8.000000,512,10000.000000,200.000000,124,68,312,21,1013,19,54.838710,0.547840,0.785796,0.264706,-1.000000,1,0.978292,1.969894,44.874000
s5_traffic,adaptive,5,50,5,500.000000,500.000000,3.000000,150.000000,250.000000,8.000000,512,10000.000000,200.000000,125,64,197,11,1034,36,51.200000,0.792320,1.318612,0.531250,-1.000000,1,0.960916,3.168280,39.724000
s5_traffic,adaptive,6,50,5,500.000000,500.000000,3.000000,150.000000,250.000000,8.000000,512,10000.000000,200.000000,125,59,239,11,1043,28,47.200000,0.709120,1.105628,0.372881,-1.000000,1,0.965829,2.660610,38.254000
s5_traffic,adaptive,4,50,5,500.000000,500.000000,3.000000,150.000000,250.000000,8.000000,512,10000.000000,200.000000,123,68,276,13,1017,21,55.284553,0.739840,0.729523,0.147059,-1.000000,1,0.972202,2.455683,43.548000
s5_traffic,adaptive,7,50,5,500.000000,500.000000,3.000000,150.000000,250.000000,8.000000,512,10000.000000,200.000000,125,61,185,3,997,27,48.800000,0.711680,1.460979,0.622951,-1.000000,1,0.969938,2.539683,41.596000
s5_traffic,adaptive,9,50,5,500.000000,500.000000,3.000000,150.000000,250.000000,8.000000,512,10000.000000,200.000000,124,78,173,28,1069,20,62.903226,1.117440,1.695007,0.769231,-1.000000,1,0.980251,1.505544,37.736000
s5_traffic,adaptive,8,50,5,500.000000,500.000000,3.000000,150.000000,250.000000,8.000000,512,10000.000000,200.000000,122,54,268,18,1093,45,44.262295,0.395520,0.889747,0.351852,-1.000000,1,0.978331,1.863487,42.528000
s5_traffic,adaptive,11,50,5,500.000000,500.000000,3.000000,150.000000,250.000000,8.000000,512,10000.000000,200.000000,125,91,196,46,1023,72,72.800000,1.153280,1.096990,0.340659,-1.000000,1,0.967163,2.815262,42.152000
s5_traffic,adaptive,10,50,5,500.000000,500.000000,3.000000,150.000000,250.000000,8.000000,512,10000.000000,200.000000,125,71,201,23,1069,23,56.800000,0.839680,1.485112,0.676056,-1.000000,1,0.980088,1.603523,39.860000
s5_traffic,adaptive,12,50,5,500.000000,500.000000,3.000000,150.000000,250.000000,8.000000,512,10000.000000,200.000000,125,88,271,15,1034,54,70.400000,0.976640,1.175143,0.443182,-1.000000,1,0.976002,2.051847,42.232000
s5_traffic,adaptive,13,50,5,500.000000,500.000000,3.000000,150.000000,250.000000,8.000000,512,10000.000000,200.000000,126,80,195,20,1055,20,63.492063,1.177600,1.105400,0.350000,-1.000000,1,0.970930,2.535341,42.964000
s5_traffic,adaptive,14,50,5,500.000000,500.000000,3.000000,150.000000,250.000000,8.000000,512,10000.000000,200.000000,124,54,234,11,1070,39,43.548387,0.625920,1.574336,0.703704,-1.000000,1,0.976125,1.952176,40.390000
s5_traffic,adaptive,15,50,5,500.000000,500.000000,3.000000,150.000000,250.000000,8.000000,512,10000.000000,200.000000,124,85,246,19,1056,50,68.548387,1.030400,0.940153,0.247059,-1.000000,1,0.968333,2.545659,39.548000
s5_traffic,adaptive,16,50,5,500.000000,500.000000,3.000000,150.000000,250.000000,8.000000,512,10000.000000,200.000000,125,70,266,2,1057,31,56.000000,0.800000,1.361569,0.585714,-1.000000,1,0.978128,1.778307,40.204000
s5_traffic,adaptive,18,50,5,500.000000,500.000000,3.000000,150.000000,250.000000,8.000000,512,10000.000000,200.000000,124,56,292,0,1064,2,45.161290,0.590080,1.104325,0.410714,-1.000000,1,0.966541,2.831191,41.588000
s5_traffic,adaptive,17,50,5,500.000000,500.000000,3.000000,150.000000,250.000000,8.000000,512,10000.000000,200.000000,123,83,282,31,1054,27,67.479675,0.951040,1.048795,0.337349,-1.000000,1,0.965440,2.836647,40.318000
s5_traffic,vbf,1,50,5,500.000000,500.000000,3.000000,150.000000,250.000000,8.000000,512,10000.000000,200.000000,123,18,65,0,296,0,14.634146,0.390240,2.882645,1.000000,-1.000000,1,0.855393,3.193688,10.182000
s5_traffic,adaptive,19,50,5,500.000000,500.000000,3.000000,150.000000,250.000000,8.000000,512,10000.000000,200.000000,125,65,262,1,1057,18,52.000000,0.793600,1.234056,0.476923,-1.000000,1,0.968583,2.599444,40.710000
s5_traffic,adaptive,20,50,5,500.000000,500.000000,3.000000,150.000000,250.000000,8.000000,512,10000.000000,200.000000,124,67,177,23,997,34,54.032258,0.930560,1.390683,0.552239,-1.000000,1,0.968915,2.545675,40.300000
s5_traffic,vbf,2,50,5,500.000000,500.000000,3.000000,150.000000,250.000000,8.000000,512,10000.000000,200.000000,124,22,54,0,307,0,17.741935,0.476960,3.407227,1.000000,-1.000000,1,0.846178,3.325195,9.908000
s5_traffic,vbf,3,50,5,500.000000,500.000000,3.000000,150.000000,250.000000,8.000000,512,10000.000000,200.000000,124,19,61,0,329,0,15.322581,0.411920,3.396432,1.000000,-1.000000,1,0.809681,4.229905,9.944000
s5_traffic,vbf,4,50,5,500.000000,500.000000,3.000000,150.000000,250.000000,8.000000,512,10000.000000,200.000000,123,17,60,0,310,0,13.821138,0.368560,3.196719,1.000000,-1.000000,1,0.842578,3.496950,10.158000
s5_traffic,vbf,6,50,5,500.000000,500.000000,3.000000,150.000000,250.000000,8.000000,512,10000.000000,200.000000,125,18,54,0,379,0,14.400000,0.390240,3.728921,1.000000,-1.000000,1,0.873544,3.031681,11.178000
s5_traffic,vbf,5,50,5,500.000000,500.000000,3.000000,150.000000,250.000000,8.000000,512,10000.000000,200.000000,125,20,49,0,364,0,16.000000,0.433600,4.295027,1.000000,-1.000000,1,0.879557,2.865155,11.132000
s5_traffic,vbf,7,50,5,500.000000,500.000000,3.000000,150.000000,250.000000,8.000000,512,10000.000000,200.000000,125,16,62,0,294,0,12.800000,0.346880,3.203567,1.000000,-1.000000,1,0.841759,3.397891,9.814000
s5_traffic,vbf,8,50,5,500.000000,500.000000,3.000000,150.000000,250.000000,8.000000,512,10000.000000,200.000000,122,20,43,0,359,0,16.393443,0.433600,3.763718,1.000000,-1.000000,1,0.849424,3.570879,10.892000
s5_traffic,vbf,9,50,5,500.000000,500.000000,3.000000,150.000000,250.000000,8.000000,512,10000.000000,200.000000,124,15,103,0,393,0,12.096774,0.325200,4.109321,1.000000,-1.000000,1,0.788063,5.826248,12.116000
s5_traffic,vbf,10,50,5,500.000000,500.000000,3.000000,150.000000,250.000000,8.000000,512,10000.000000,200.000000,125,23,56,0,443,0,18.400000,0.498640,3.737028,1.000000,-1.000000,1,0.908953,2.313307,12.098000
s5_traffic,vbf,11,50,5,500.000000,500.000000,3.000000,150.000000,250.000000,8.000000,512,10000.000000,200.000000,125,20,81,0,316,0,16.000000,0.433600,3.036366,1.000000,-1.000000,1,0.785368,5.423714,11.116000
s5_traffic,vbf,12,50,5,500.000000,500.000000,3.000000,150.000000,250.000000,8.000000,512,10000.000000,200.000000,125,21,60,0,316,0,16.800000,0.455280,3.601907,1.000000,-1.000000,1,0.849975,3.360645,10.292000
s5_traffic,vbf,14,50,5,500.000000,500.000000,3.000000,150.000000,250.000000,8.000000,512,10000.000000,200.000000,124,15,56,0,411,0,12.096774,0.325200,4.135275,1.000000,-1.000000,1,0.868822,3.273080,11.600000
s5_traffic,vbf,13,50,5,500.000000,500.000000,3.000000,150.000000,250.000000,8.000000,512,10000.000000,200.000000,126,15,75,0,385,0,11.904762,0.325200,3.797602,1.000000,-1.000000,1,0.841851,4.053141,11.714000
s5_traffic,vbf,15,50,5,500.000000,500.000000,3.000000,150.000000,250.000000,8.000000,512,10000.000000,200.000000,124,18,71,0,312,0,14.516129,0.390240,3.056657,1.000000,-1.000000,1,0.811704,4.454878,10.600000
s5_traffic,vbf,17,50,5,500.000000,500.000000,3.000000,150.000000,250.000000,8.000000,512,10000.000000,200.000000,123,15,76,0,313,0,12.195122,0.325200,3.912885,1.000000,-1.000000,1,0.756170,5.602805,9.894000
s5_traffic,vbf,16,50,5,500.000000,500.000000,3.000000,150.000000,250.000000,8.000000,512,10000.000000,200.000000,125,16,67,0,396,0,12.800000,0.346880,4.229809,1.000000,-1.000000,1,0.869680,3.201756,11.428000
s5_traffic,vbf,18,50,5,500.000000,500.000000,3.000000,150.000000,250.000000,8.000000,512,10000.000000,200.000000,124,18,63,0,404,0,14.516129,0.390240,4.229444,1.000000,-1.000000,1,0.835924,4.089331,11.348000
s5_traffic,vbf,19,50,5,500.000000,500.000000,3.000000,150.000000,250.000000,8.000000,512,10000.000000,200.000000,125,14,65,0,309,0,11.200000,0.303520,4.569693,1.000000,-1.000000,1,0.732216,6.158886,9.722000
s5_traffic,vbf,20,50,5,500.000000,500.000000,3.000000,150.000000,250.000000,8.000000,512,10000.000000,200.000000,124,15,81,0,360,0,12.096774,0.325200,3.108122,1.000000,-1.000000,1,0.850579,3.681323,11.324000
s5_traffic,hhvbf,1,50,5,500.000000,500.000000,3.000000,150.000000,250.000000,8.000000,512,10000.000000,200.000000,123,20,74,0,309,0,16.260163,0.433600,2.832177,1.000000,-1.000000,1,0.840486,3.772452,10.800000
s5_traffic,hhvbf,2,50,5,500.000000,500.000000,3.000000,150.000000,250.000000,8.000000,512,10000.000000,200.000000,124,14,60,0,291,0,11.290323,0.303520,2.854818,1.000000,-1.000000,1,0.831934,3.533571,9.548000
s5_traffic,hhvbf,3,50,5,500.000000,500.000000,3.000000,150.000000,250.000000,8.000000,512,10000.000000,200.000000,124,19,69,0,329,0,15.322581,0.411920,3.728845,1.000000,-1.000000,1,0.812810,4.373624,10.476000
s5_traffic,hhvbf,5,50,5,500.000000,500.000000,3.000000,150.000000,250.000000,8.000000,512,10000.000000,200.000000,125,20,65,0,383,0,16.000000,0.433600,4.091536,1.000000,-1.000000,1,0.876949,2.921275,11.092000
s5_traffic,hhvbf,4,50,5,500.000000,500.000000,3.000000,150.000000,250.000000,8.000000,512,10000.000000,200.000000,123,16,61,0,326,0,13.008130,0.346880,2.812869,1.000000,-1.000000,1,0.845092,3.434204,10.154000
s5_traffic,hhvbf,7,50,5,500.000000,500.000000,3.000000,150.000000,250.000000,8.000000,512,10000.000000,200.000000,125,16,55,0,274,0,12.800000,0.346880,3.389596,1.000000,-1.000000,1,0.838758,3.276777,9.270000
s5_traffic,hhvbf,6,50,5,500.000000,500.000000,3.000000,150.000000,250.000000,8.000000,512,10000.000000,200.000000,125,20,59,0,381,0,16.000000,0.433600,4.381424,1.000000,-1.000000,1,0.876366,3.016111,11.394000
s5_traffic,hhvbf,8,50,5,500.000000,500.000000,3.000000,150.000000,250.000000,8.000000,512,10000.000000,200.000000,122,25,46,0,373,0,20.491803,0.542000,3.893025,1.000000,-1.000000,1,0.864485,3.414340,11.682000
s5_traffic,hhvbf,9,50,5,500.000000,500.000000,3.000000,150.000000,250.000000,8.000000,512,10000.000000,200.000000,124,16,96,0,381,0,12.903226,0.346880,3.883267,1.000000,-1.000000,1,0.806392,5.233893,12.068000
s5_traffic,hhvbf,10,50,5,500.000000,500.000000,3.000000,150.000000,250.000000,8.000000,512,10000.000000,200.000000,125,22,70,0,460,0,17.600000,0.476960,3.782308,1.000000,-1.000000,1,0.914525,2.271453,12.694000
s5_traffic,hhvbf,11,50,5,500.000000,500.000000,3.000000,150.000000,250.000000,8.000000,512,10000.000000,200.000000,125,18,74,0,303,0,14.400000,0.390240,2.596808,1.000000,-1.000000,1,0.792575,4.827393,10.290000
s5_traffic,hhvbf,12,50,5,500.000000,500.000000,3.000000,150.000000,250.000000,8.000000,512,10000.000000,200.000000,125,18,67,0,338,0,14.400000,0.390240,3.340881,1.000000,-1.000000,1,0.868818,3.060424,10.846000
s5_traffic,hhvbf,13,50,5,500.000000,500.000000,3.000000,150.000000,250.000000,8.000000,512,10000.000000,200.000000,126,14,69,0,374,0,11.111111,0.303520,4.247336,1.000000,-1.000000,1,0.826719,4.117520,10.754000
s5_traffic,hhvbf,14,50,5,500.000000,500.000000,3.000000,150.000000,250.000000,8.000000,512,10000.000000,200.000000,124,13,64,0,433,0,10.483871,0.281840,3.395604,1.000000,-1.000000,1,0.855221,3.800856,12.102000
s5_traffic,hhvbf,15,50,5,500.000000,500.000000,3.000000,150.000000,250.000000,8.000000,512,10000.000000,200.000000,124,18,69,0,327,0,14.516129,0.390240,3.095713,1.000000,-1.000000,1,0.808663,4.567903,10.674000
s5_traffic,hhvbf,16,50,5,500.000000,500.000000,3.000000,150.000000,250.000000,8.000000,512,10000.000000,200.000000,125,22,66,0,380,0,17.600000,0.476960,3.828495,1.000000,-1.000000,1,0.876640,3.015771,11.420000
s5_traffic,hhvbf,17,50,5,500.000000,500.000000,3.000000,150.000000,250.000000,8.000000,512,10000.000000,200.000000,123,17,67,0,318,0,13.821138,0.368560,3.670251,1.000000,-1.000000,1,0.764138,5.345063,9.816000
s5_traffic,hhvbf,19,50,5,500.000000,500.000000,3.000000,150.000000,250.000000,8.000000,512,10000.000000,200.000000,125,16,51,0,327,0,12.800000,0.346880,4.014856,1.000000,-1.000000,1,0.740743,5.723321,9.394000
s5_traffic,hhvbf,18,50,5,500.000000,500.000000,3.000000,150.000000,250.000000,8.000000,512,10000.000000,200.000000,124,20,73,0,423,0,16.129032,0.433600,5.079967,1.000000,-1.000000,1,0.842852,4.034505,11.742000
s5_traffic,hhvbf,20,50,5,500.000000,500.000000,3.000000,150.000000,250.000000,8.000000,512,10000.000000,200.000000,124,17,81,0,370,0,13.709677,0.368560,3.662272,1.000000,-1.000000,1,0.855585,3.702713,11.822000
s5_traffic,dbr,1,50,5,500.000000,500.000000,3.000000,150.000000,250.000000,8.000000,512,10000.000000,200.000000,123,8,64,0,172,0,6.504065,0.015040,25.744815,0.500000,-1.000000,1,0.842001,3.011970,8.714000
s5_traffic,dbr,3,50,5,500.000000,500.000000,3.000000,150.000000,250.000000,8.000000,512,10000.000000,200.000000,124,10,62,0,173,0,8.064516,0.018800,29.719436,1.400000,-1.000000,1,0.755323,4.407893,7.752000
s5_traffic,dbr,2,50,5,500.000000,500.000000,3.000000,150.000000,250.000000,8.000000,512,10000.000000,200.000000,124,12,67,0,173,0,9.677419,0.022560,29.804514,0.750000,-1.000000,1,0.846009,2.764709,8.228000
s5_traffic,dbr,4,50,5,500.000000,500.000000,3.000000,150.000000,250.000000,8.000000,512,10000.000000,200.000000,123,9,66,0,170,0,7.317073,0.016920,7.361401,0.888889,-1.000000,1,0.831270,3.065845,8.248000
s5_traffic,dbr,6,50,5,500.000000,500.000000,3.000000,150.000000,250.000000,8.000000,512,10000.000000,200.000000,125,8,51,0,171,0,6.400000,0.015040,22.286517,0.750000,-1.000000,1,0.801729,3.171599,7.118000
s5_traffic,dbr,5,50,5,500.000000,500.000000,3.000000,150.000000,250.000000,8.000000,512,10000.000000,200.000000,125,6,15,0,173,0,4.800000,0.011280,23.114729,1.500000,-1.000000,1,0.779320,3.859498,7.660000
s5_traffic,dbr,7,50,5,500.000000,500.000000,3.000000,150.000000,250.000000,8.000000,512,10000.000000,200.000000,125,7,34,0,170,0,5.600000,0.013160,44.180810,1.000000,-1.000000,1,0.777481,4.609050,9.060000
s5_traffic,dbr,9,50,5,500.000000,500.000000,3.000000,150.000000,250.000000,8.000000,512,10000.000000,200.000000,124,6,47,0,171,0,4.838710,0.011280,6.723122,1.500000,-1.000000,1,0.789139,3.509957,7.342000
s5_traffic,dbr,8,50,5,500.000000,500.000000,3.000000,150.000000,250.000000,8.000000,512,10000.000000,200.000000,122,12,17,0,171,0,9.836066,0.022560,11.995982,1.083333,-1.000000,1,0.766174,3.698710,6.862000
s5_traffic,dbr,10,50,5,500.000000,500.000000,3.000000,150.000000,250.000000,8.000000,512,10000.000000,200.000000,125,10,42,0,173,0,8.000000,0.018800,31.013789,2.300000,-1.000000,1,0.760568,3.881892,7.004000
s5_traffic,dbr,12,50,5,500.000000,500.000000,3.000000,150.000000,250.000000,8.000000,512,10000.000000,200.000000,125,13,77,0,174,0,10.400000,0.024440,17.290444,1.384615,-1.000000,1,0.817631,3.472776,8.566000
s5_traffic,dbr,11,50,5,500.000000,500.000000,3.000000,150.000000,250.000000,8.000000,512,10000.000000,200.000000,125,13,74,0,173,0,10.400000,0.024440,22.880338,1.153846,-1.000000,1,0.843080,2.922071,8.518000
s5_traffic,dbr,13,50,5,500.000000,500.000000,3.000000,150.000000,250.000000,8.000000,512,10000.000000,200.000000,126,9,53,0,174,0,7.142857,0.016920,16.308739,1.111111,-1.000000,1,0.802731,3.259722,7.358000
s5_traffic,dbr,15,50,5,500.000000,500.000000,3.000000,150.000000,250.000000,8.000000,512,10000.000000,200.000000,124,9,83,0,172,0,7.258065,0.016920,20.509960,0.444444,-1.000000,1,0.768998,4.338314,8.164000
s5_traffic,dbr,14,50,5,500.000000,500.000000,3.000000,150.000000,250.000000,8.000000,512,10000.000000,200.000000,124,7,7,0,172,0,5.645161,0.013160,19.496871,1.000000,-1.000000,1,0.762239,3.572953,6.500000
s5_traffic,dbr,16,50,5,500.000000,500.000000,3.000000,150.000000,250.000000,8.000000,512,10000.000000,200.000000,125,12,18,0,172,0,9.600000,0.022560,20.829671,2.166667,-1.000000,1,0.720903,4.812960,7.224000
s5_traffic,dbr,18,50,5,500.000000,500.000000,3.000000,150.000000,250.000000,8.000000,512,10000.000000,200.000000,124,6,32,0,170,0,4.838710,0.011280,17.664915,1.333333,-1.000000,1,0.742703,4.054650,6.716000
s5_traffic,dbr,17,50,5,500.000000,500.000000,3.000000,150.000000,250.000000,8.000000,512,10000.000000,200.000000,123,13,76,0,170,0,10.569106,0.024440,32.528938,0.923077,-1.000000,1,0.744464,4.081306,6.816000
s5_traffic,dbr,19,50,5,500.000000,500.000000,3.000000,150.000000,250.000000,8.000000,512,10000.000000,200.000000,125,6,24,0,171,0,4.800000,0.011280,6.472296,1.333333,-1.000000,1,0.630983,6.852431,7.184000
s5_traffic,dbr,20,50,5,500.000000,500.000000,3.000000,150.000000,250.000000,8.000000,512,10000.000000,200.000000,124,6,45,0,171,0,4.838710,0.011280,11.733990,1.000000,-1.000000,1,0.799043,3.807862,8.416000
s5_traffic,adaptive,1,50,5,500.000000,500.000000,3.000000,150.000000,250.000000,10.000000,512,10000.000000,200.000000,99,73,216,8,992,37,73.737374,0.861440,1.134447,0.383562,-1.000000,1,0.967619,2.716303,41.252000
s5_traffic,adaptive,2,50,5,500.000000,500.000000,3.000000,150.000000,250.000000,10.000000,512,10000.000000,200.000000,100,69,351,17,1032,21,69.000000,0.587520,0.721830,0.202899,-1.000000,1,0.976687,2.238323,47.440000
s5_traffic,adaptive,3,50,5,500.000000,500.000000,3.000000,150.000000,250.000000,10.000000,512,10000.000000,200.000000,100,62,256,5,1025,18,62.000000,0.674560,1.197416,0.500000,-1.000000,1,0.961790,3.072594,39.424000
s5_traffic,adaptive,4,50,5,500.000000,500.000000,3.000000,150.000000,250.000000,10.000000,512,10000.000000,200.000000,99,68,280,16,995,21,68.686869,0.739840,0.894272,0.264706,-1.000000,1,0.968879,2.771981,43.832000
s5_traffic,adaptive,5,50,5,500.000000,500.000000,3.000000,150.000000,250.000000,10.000000,512,10000.000000,200.000000,100,51,202,9,1033,26,51.000000,0.506880,1.040182,0.392157,-1.000000,1,0.960889,3.276173,41.048000
s5_traffic,adaptive,6,50,5,500.000000,500.000000,3.000000,150.000000,250.000000,10.000000,512,10000.000000,200.000000,100,61,264,12,1066,24,61.000000,0.750080,1.115744,0.360656,-1.000000,1,0.965463,2.879700,40.958000
s5_traffic,adaptive,7,50,5,500.000000,500.000000,3.000000,150.000000,250.000000,10.000000,512,10000.000000,200.000000,100,65,176,7,1016,22,65.000000,0.812800,1.438813,0.615385,-1.000000,1,0.967134,2.918469,43.658000
s5_traffic,adaptive,8,50,5,500.000000,500.000000,3.000000,150.000000,250.000000,10.000000,512,10000.000000,200.000000,99,49,259,12,1043,32,49.494949,0.312320,0.812484,0.326531,-1.000000,1,0.980679,1.591843,40.792000
s5_traffic,adaptive,9,50,5,500.000000,500.000000,3.000000,150.000000,250.000000,10.000000,512,10000.000000,200.000000,100,54,194,23,1047,10,54.000000,0.645120,1.645249,0.796296,-1.000000,1,0.979418,1.580659,38.000000
s5_traffic,adaptive,10,50,5,500.000000,500.000000,3.000000,150.000000,250.000000,10.000000,512,10000.000000,200.000000,100,71,219,21,1045,17,71.000000,0.839680,1.363653,0.563380,-1.000000,1,0.983439,1.313000,39.310000
s5_traffic,adaptive,12,50,5,500.000000,500.000000,3.000000,150.000000,250.000000,10.000000,512,10000.000000,200.000000,100,70,315,12,1032,43,70.000000,0.608000,0.581625,0.071429,-1.000000,1,0.966582,3.023865,44.474000
s5_traffic,adaptive,11,50,5,500.000000,500.000000,3.000000,150.000000,250.000000,10.000000,512,10000.000000,200.000000,100,79,207,25,1005,55,79.000000,0.888320,0.883077,0.240506,-1.000000,1,0.964665,3.053003,42.424000
s5_traffic,adaptive,13,50,5,500.000000,500.000000,3.000000,150.000000,250.000000,10.000000,512,10000.000000,200.000000,101,62,236,16,1087,20,61.386139,0.828160,1.319691,0.516129,-1.000000,1,0.965307,3.222276,45.620000
s5_traffic,adaptive,14,50,5,500.000000,500.000000,3.000000,150.000000,250.000000,10.000000,512,10000.000000,200.000000,100,42,234,11,1044,41,42.000000,0.380160,1.183173,0.500000,-1.000000,1,0.974171,2.154455,41.160000
s5_traffic,adaptive,15,50,5,500.000000,500.000000,3.000000,150.000000,250.000000,10.000000,512,10000.000000,200.000000,100,75,264,19,1019,28,75.000000,0.825600,0.815436,0.186667,-1.000000,1,0.970536,2.359387,39.440000
s5_traffic,adaptive,16,50,5,500.000000,500.000000,3.000000,150.000000,250.000000,10.000000,512,10000.000000,200.000000,100,58,287,1,1037,16,58.000000,0.573440,1.012300,0.362069,-1.000000,1,0.975441,2.073037,41.680000
s5_traffic,adaptive,17,50,5,500.000000,500.000000,3.000000,150.000000,250.000000,10.000000,512,10000.000000,200.000000,99,60,328,22,1072,19,60.606061,0.499200,0.868486,0.283333,-1.000000,1,0.962643,3.265316,42.872000
s5_traffic,adaptive,18,50,5,500.000000,500.000000,3.000000,150.000000,250.000000,10.000000,512,10000.000000,200.000000,100,63,303,0,1062,2,63.000000,0.733440,1.438222,0.666667,-1.000000,1,0.963241,3.129108,41.766000
s5_traffic,vbf,1,50,5,500.000000,500.000000,3.000000,150.000000,250.000000,10.000000,512,10000.000000,200.000000,99,16,62,0,278,0,16.161616,0.346880,2.743172,1.000000,-1.000000,1,0.843376,3.006385,8.782000
s5_traffic,adaptive,19,50,5,500.000000,500.000000,3.000000,150.000000,250.000000,10.000000,512,10000.000000,200.000000,100,53,270,2,1045,14,53.000000,0.547840,1.606292,0.811321,-1.000000,1,0.961493,3.300596,42.016000
s5_traffic,adaptive,20,50,5,500.000000,500.000000,3.000000,150.000000,250.000000,10.000000,512,10000.000000,200.000000,99,55,205,20,994,18,55.555556,0.684800,1.013437,0.290909,-1.000000,1,0.963222,3.195426,42.628000
s5_traffic,vbf,3,50,5,500.000000,500.000000,3.000000,150.000000,250.000000,10.000000,512,10000.000000,200.000000,100,19,63,0,300,0,19.000000,0.411920,3.621340,1.000000,-1.000000,1,0.820511,3.627178,9.108000
s5_traffic,vbf,2,50,5,500.000000,500.000000,3.000000,150.000000,250.000000,10.000000,512,10000.000000,200.000000,100,17,55,0,285,0,17.000000,0.368560,3.653776,1.000000,-1.000000,1,0.820465,3.415510,8.574000
s5_traffic,vbf,4,50,5,500.000000,500.000000,3.000000,150.000000,250.000000,10.000000,512,10000.000000,200.000000,99,15,48,0,236,0,15.151515,0.325200,3.153207,1.000000,-1.000000,1,0.859108,2.579980,8.462000
s5_traffic,vbf,5,50,5,500.000000,500.000000,3.000000,150.000000,250.000000,10.000000,512,10000.000000,200.000000,100,17,48,0,305,0,17.000000,0.368560,3.958235,1.000000,-1.000000,1,0.875304,2.527827,9.462000
s5_traffic,vbf,6,50,5,500.000000,500.000000,3.000000,150.000000,250.000000,10.000000,512,10000.000000,200.000000,100,17,49,0,302,0,17.000000,0.368560,3.786299,1.000000,-1.000000,1,0.857259,2.881578,9.318000
s5_traffic,vbf,7,50,5,500.000000,500.000000,3.000000,150.000000,250.000000,10.000000,512,10000.000000,200.000000,100,17,48,0,268,0,17.000000,0.368560,3.169584,1.000000,-1.000000,1,0.867014,2.746865,9.592000
s5_traffic,vbf,9,50,5,500.000000,500.000000,3.000000,150.000000,250.000000,10.000000,512,10000.000000,200.000000,100,15,62,0,293,0,15.000000,0.325200,3.290276,1.000000,-1.000000,1,0.817346,3.603958,8.874000
s5_traffic,vbf,8,50,5,500.000000,500.000000,3.000000,150.000000,250.000000,10.000000,512,10000.000000,200.000000,99,20,35,0,305,0,20.202020,0.433600,4.008113,1.000000,-1.000000,1,0.873202,2.618906,9.628000
s5_traffic,vbf,10,50,5,500.000000,500.000000,3.000000,150.000000,250.000000,10.000000,512,10000.000000,200.000000,100,19,56,0,411,0,19.000000,0.411920,3.634006,1.000000,-1.000000,1,0.911014,2.136920,11.448000
s5_traffic,vbf,11,50,5,500.000000,500.000000,3.000000,150.000000,250.000000,10.000000,512,10000.000000,200.000000,100,13,54,0,230,0,13.000000,0.281840,2.177216,1.000000,-1.000000,1,0.790330,3.707575,7.806000
s5_traffic,vbf,12,50,5,500.000000,500.000000,3.000000,150.000000,250.000000,10.000000,512,10000.000000,200.000000,100,19,54,0,261,0,19.000000,0.411920,3.737372,1.000000,-1.000000,1,0.859358,2.727159,8.962000
s5_traffic,vbf,14,50,5,500.000000,500.000000,3.000000,150.000000,250.000000,10.000000,512,10000.000000,200.000000,100,16,62,0,330,0,16.000000,0.346880,4.469999,1.000000,-1.000000,1,0.874665,2.909262,10.830000
s5_traffic,vbf,13,50,5,500.000000,500.000000,3.000000,150.000000,250.000000,10.000000,512,10000.000000,200.000000,101,15,60,0,314,0,14.851485,0.325200,4.252667,1.000000,-1.000000,1,0.851525,3.098594,9.598000
s5_traffic,vbf,15,50,5,500.000000,500.000000,3.000000,150.000000,250.000000,10.000000,512,10000.000000,200.000000,100,16,67,0,253,0,16.000000,0.346880,3.106486,1.000000,-1.000000,1,0.809924,3.896747,9.174000
s5_traffic,vbf,17,50,5,500.000000,500.000000,3.000000,150.000000,250.000000,10.000000,512,10000.000000,200.000000,99,20,49,0,263,0,20.202020,0.433600,3.303668,1.000000,-1.000000,1,0.784492,4.068814,8.300000
s5_traffic,vbf,16,50,5,500.000000,500.000000,3.000000,150.000000,250.000000,10.000000,512,10000.000000,200.000000,100,18,67,0,349,0,18.000000,0.390240,4.247038,1.000000,-1.000000,1,0.870557,3.117317,11.208000
s5_traffic,vbf,18,50,5,500.000000,500.000000,3.000000,150.000000,250.000000,10.000000,512,10000.000000,200.000000,100,17,66,0,325,0,17.000000,0.368560,3.884330,1.000000,-1.000000,1,0.848551,3.305226,10.018000
s5_traffic,vbf,19,50,5,500.000000,500.000000,3.000000,150.000000,250.000000,10.000000,512,10000.000000,200.000000,100,14,43,0,272,0,14.000000,0.303520,3.929328,1.000000,-1.000000,1,0.739691,4.696988,7.672000
s5_traffic,vbf,20,50,5,500.000000,500.000000,3.000000,150.000000,250.000000,10.000000,512,10000.000000,200.000000,99,17,63,0,284,0,17.171717,0.368560,3.623955,1.000000,-1.000000,1,0.877328,2.428086,9.250000
s5_traffic,hhvbf,1,50,5,500.000000,500.000000,3.000000,150.000000,250.000000,10.000000,512,10000.000000,200.000000,99,16,55,0,280,0,16.161616,0.346880,2.753831,1.000000,-1.000000,1,0.847570,2.984473,8.982000
s5_traffic,hhvbf,2,50,5,500.000000,500.000000,3.000000,150.000000,250.000000,10.000000,512,10000.000000,200.000000,100,17,50,0,277,0,17.000000,0.368560,3.613156,1.000000,-1.000000,1,0.820525,3.436531,8.630000
s5_traffic,hhvbf,3,50,5,500.000000,500.000000,3.000000,150.000000,250.000000,10.000000,512,10000.000000,200.000000,100,21,69,0,305,0,21.000000,0.455280,3.911239,1.000000,-1.000000,1,0.824230,3.652162,9.388000
s5_traffic,hhvbf,4,50,5,500.000000,500.000000,3.000000,150.000000,250.000000,10.000000,512,10000.000000,200.000000,99,15,53,0,240,0,15.151515,0.325200,3.079934,1.000000,-1.000000,1,0.840522,3.037474,8.698000
s5_traffic,hhvbf,5,50,5,500.000000,500.000000,3.000000,150.000000,250.000000,10.000000,512,10000.000000,200.000000,100,20,55,0,296,0,20.000000,0.433600,4.004128,1.000000,-1.000000,1,0.874460,2.421382,8.998000
s5_traffic,hhvbf,7,50,5,500.000000,500.000000,3.000000,150.000000,250.000000,10.000000,512,10000.000000,200.000000,100,15,42,0,253,0,15.000000,0.325200,3.537845,1.000000,-1.000000,1,0.864028,2.625406,8.950000
s5_traffic,hhvbf,6,50,5,500.000000,500.000000,3.000000,150.000000,250.000000,10.000000,512,10000.000000,200.000000,100,19,51,0,321,0,19.000000,0.411920,4.483319,1.000000,-1.000000,1,0.873604,2.618624,9.660000
s5_traffic,hhvbf,8,50,5,500.000000,500.000000,3.000000,150.000000,250.000000,10.000000,512,10000.000000,200.000000,99,19,39,0,309,0,19.191919,0.411920,4.048626,1.000000,-1.000000,1,0.861741,2.946979,9.866000
s5_traffic,hhvbf,9,50,5,500.000000,500.000000,3.000000,150.000000,250.000000,10.000000,512,10000.000000,200.000000,100,15,58,0,295,0,15.000000,0.325200,3.289390,1.000000,-1.000000,1,0.832573,3.211314,8.714000
s5_traffic,hhvbf,10,50,5,500.000000,500.000000,3.000000,150.000000,250.000000,10.000000,512,10000.000000,200.000000,100,21,52,0,395,0,21.000000,0.455280,3.408685,1.000000,-1.000000,1,0.922419,1.802483,11.148000
s5_traffic,hhvbf,11,50,5,500.000000,500.000000,3.000000,150.000000,250.000000,10.000000,512,10000.000000,200.000000,100,13,57,0,224,0,13.000000,0.281840,2.720728,1.000000,-1.000000,1,0.794604,3.533867,7.618000
s5_traffic,hhvbf,12,50,5,500.000000,500.000000,3.000000,150.000000,250.000000,10.000000,512,10000.000000,200.000000,100,19,60,0,263,0,19.000000,0.411920,3.884260,1.000000,-1.000000,1,0.867283,2.660849,9.312000
s5_traffic,hhvbf,13,50,5,500.000000,500.000000,3.000000,150.000000,250.000000,10.000000,512,10000.000000,200.000000,101,13,55,0,307,0,12.871287,0.281840,4.009060,1.000000,-1.000000,1,0.853746,2.901881,9.138000
s5_traffic,hhvbf,14,50,5,500.000000,500.000000,3.000000,150.000000,250.000000,10.000000,512,10000.000000,200.000000,100,15,66,0,346,0,15.000000,0.325200,4.698780,1.000000,-1.000000,1,0.874491,2.939976,10.928000
s5_traffic,hhvbf,15,50,5,500.000000,500.000000,3.000000,150.000000,250.000000,10.000000,512,10000.000000,200.000000,100,16,64,0,271,0,16.000000,0.346880,2.948864,1.000000,-1.000000,1,0.809277,3.986776,9.350000
s5_traffic,hhvbf,16,50,5,500.000000,500.000000,3.000000,150.000000,250.000000,10.000000,512,10000.000000,200.000000,100,22,53,0,354,0,22.000000,0.476960,3.901904,1.000000,-1.000000,1,0.878269,2.814738,10.812000
s5_traffic,hhvbf,18,50,5,500.000000,500.000000,3.000000,150.000000,250.000000,10.000000,512,10000.000000,200.000000,100,15,59,0,328,0,15.000000,0.325200,4.545591,1.000000,-1.000000,1,0.859035,2.983504,9.780000
s5_traffic,hhvbf,17,50,5,500.000000,500.000000,3.000000,150.000000,250.000000,10.000000,512,10000.000000,200.000000,99,19,53,0,273,0,19.191919,0.411920,3.463464,1.000000,-1.000000,1,0.775050,4.399713,8.540000
s5_traffic,hhvbf,19,50,5,500.000000,500.000000,3.000000,150.000000,250.000000,10.000000,512,10000.000000,200.000000,100,12,42,0,265,0,12.000000,0.260160,3.591643,1.000000,-1.000000,1,0.761696,4.145845,7.522000
s5_traffic,hhvbf,20,50,5,500.000000,500.000000,3.000000,150.000000,250.000000,10.000000,512,10000.000000,200.000000,99,15,56,0,287,0,15.151515,0.325200,3.511538,1.000000,-1.000000,1,0.879371,2.333662,9.052000
s5_traffic,dbr,1,50,5,500.000000,500.000000,3.000000,150.000000,250.000000,10.000000,512,10000.000000,200.000000,99,8,49,0,148,0,8.080808,0.015040,26.737748,0.500000,-1.000000,1,0.850587,2.396429,7.372000
s5_traffic,dbr,2,50,5,500.000000,500.000000,3.000000,150.000000,250.000000,10.000000,512,10000.000000,200.000000,100,12,56,0,149,0,12.000000,0.022560,28.958607,0.750000,-1.000000,1,0.860731,2.117131,7.032000
s5_traffic,dbr,3,50,5,500.000000,500.000000,3.000000,150.000000,250.000000,10.000000,512,10000.000000,200.000000,100,10,53,0,149,0,10.000000,0.018800,29.426683,1.400000,-1.000000,1,0.772100,3.405181,6.510000
s5_traffic,dbr,4,50,5,500.000000,500.000000,3.000000,150.000000,250.000000,10.000000,512,10000.000000,200.000000,99,9,50,0,146,0,9.090909,0.016920,7.588732,0.888889,-1.000000,1,0.840042,2.368537,6.760000
s5_traffic,dbr,5,50,5,500.000000,500.000000,3.000000,150.000000,250.000000,10.000000,512,10000.000000,200.000000,100,6,11,0,148,0,6.000000,0.011280,23.742627,1.500000,-1.000000,1,0.790278,3.021629,6.360000
s5_traffic,dbr,7,50,5,500.000000,500.000000,3.000000,150.000000,250.000000,10.000000,512,10000.000000,200.000000,100,7,27,0,145,0,7.000000,0.013160,44.879364,1.000000,-1.000000,1,0.794172,3.658620,7.868000
s5_traffic,dbr,6,50,5,500.000000,500.000000,3.000000,150.000000,250.000000,10.000000,512,10000.000000,200.000000,100,8,36,0,146,0,8.000000,0.015040,22.491576,0.750000,-1.000000,1,0.808249,2.513898,5.860000
s5_traffic,dbr,8,50,5,500.000000,500.000000,3.000000,150.000000,250.000000,10.000000,512,10000.000000,200.000000,99,12,13,0,148,0,12.121212,0.022560,12.422732,1.083333,-1.000000,1,0.782596,2.906845,5.870000
s5_traffic,dbr,9,50,5,500.000000,500.000000,3.000000,150.000000,250.000000,10.000000,512,10000.000000,200.000000,100,6,39,0,147,0,6.000000,0.011280,6.723122,1.500000,-1.000000,1,0.798394,2.772862,6.106000
s5_traffic,dbr,10,50,5,500.000000,500.000000,3.000000,150.000000,250.000000,10.000000,512,10000.000000,200.000000,100,10,32,0,148,0,10.000000,0.018800,32.027754,2.300000,-1.000000,1,0.773373,3.023413,5.818000
s5_traffic,dbr,11,50,5,500.000000,500.000000,3.000000,150.000000,250.000000,10.000000,512,10000.000000,200.000000,100,13,58,0,148,0,13.000000,0.024440,23.570183,1.153846,-1.000000,1,0.854033,2.249235,7.098000
s5_traffic,dbr,12,50,5,500.000000,500.000000,3.000000,150.000000,250.000000,10.000000,512,10000.000000,200.000000,100,13,60,0,149,0,13.000000,0.024440,17.573903,1.384615,-1.000000,1,0.826355,2.722531,7.094000
s5_traffic,dbr,13,50,5,500.000000,500.000000,3.000000,150.000000,250.000000,10.000000,512,10000.000000,200.000000,101,9,41,0,149,0,8.910891,0.016920,16.641915,1.111111,-1.000000,1,0.819825,2.472476,6.182000
s5_traffic,dbr,14,50,5,500.000000,500.000000,3.000000,150.000000,250.000000,10.000000,512,10000.000000,200.000000,100,7,5,0,148,0,7.000000,0.013160,19.351011,1.000000,-1.000000,1,0.775637,2.781792,5.416000
s5_traffic,dbr,15,50,5,500.000000,500.000000,3.000000,150.000000,250.000000,10.000000,512,10000.000000,200.000000,100,9,66,0,148,0,9.000000,0.016920,19.920978,0.444444,-1.000000,1,0.781960,3.374793,6.792000
s5_traffic,dbr,16,50,5,500.000000,500.000000,3.000000,150.000000,250.000000,10.000000,512,10000.000000,200.000000,100,12,14,0,147,0,12.000000,0.022560,20.779180,2.166667,-1.000000,1,0.739823,3.653982,5.972000
s5_traffic,dbr,17,50,5,500.000000,500.000000,3.000000,150.000000,250.000000,10.000000,512,10000.000000,200.000000,99,13,58,0,146,0,13.131313,0.024440,33.475850,0.923077,-1.000000,1,0.759988,3.143727,5.656000
s5_traffic,dbr,18,50,5,500.000000,500.000000,3.000000,150.000000,250.000000,10.000000,512,10000.000000,200.000000,100,6,28,0,146,0,6.000000,0.011280,18.186975,1.333333,-1.000000,1,0.767103,3.060207,5.704000
s5_traffic,dbr,19,50,5,500.000000,500.000000,3.000000,150.000000,250.000000,10.000000,512,10000.000000,200.000000,100,6,19,0,146,0,6.000000,0.011280,6.472296,1.333333,-1.000000,1,0.653951,5.319560,6.078000
s5_traffic,dbr,20,50,5,500.000000,500.000000,3.000000,150.000000,250.000000,10.000000,512,10000.000000,200.000000,99,6,36,0,146,0,6.060606,0.011280,11.349675,1.000000,-1.000000,1,0.811571,2.943401,6.998000
s5_traffic,adaptive,1,50,5,500.000000,500.000000,3.000000,150.000000,250.000000,12.000000,512,10000.000000,200.000000,83,72,235,14,1003,32,86.746988,0.860160,1.041815,0.319444,-1.000000,1,0.966502,2.963188,43.476000
s5_traffic,adaptive,2,50,5,500.000000,500.000000,3.000000,150.000000,250.000000,12.000000,512,10000.000000,200.000000,83,68,353,10,1018,17,81.927711,0.528640,0.692221,0.191176,-1.000000,1,0.976357,2.255110,47.120000
s5_traffic,adaptive,3,50,5,500.000000,500.000000,3.000000,150.000000,250.000000,12.000000,512,10000.000000,200.000000,84,56,282,6,1020,17,66.666667,0.551680,1.031113,0.375000,-1.000000,1,0.963051,3.035199,40.300000
s5_traffic,adaptive,4,50,5,500.000000,500.000000,3.000000,150.000000,250.000000,12.000000,512,10000.000000,200.000000,82,62,319,12,1015,18,75.609756,0.616960,0.742534,0.193548,-1.000000,1,0.969323,2.877255,46.166000
s5_traffic,adaptive,5,50,5,500.000000,500.000000,3.000000,150.000000,250.000000,12.000000,512,10000.000000,200.000000,83,40,221,6,1037,25,48.192771,0.281600,0.828355,0.300000,-1.000000,1,0.958516,3.633145,42.862000
s5_traffic,adaptive,6,50,5,500.000000,500.000000,3.000000,150.000000,250.000000,12.000000,512,10000.000000,200.000000,85,55,263,8,1057,21,64.705882,0.627200,1.285271,0.527273,-1.000000,1,0.962013,3.146809,40.618000
s5_traffic,adaptive,7,50,5,500.000000,500.000000,3.000000,150.000000,250.000000,12.000000,512,10000.000000,200.000000,85,53,178,3,989,17,62.352941,0.567040,1.123740,0.452830,-1.000000,1,0.969801,2.625068,42.796000
s5_traffic,adaptive,8,50,5,500.000000,500.000000,3.000000,150.000000,250.000000,12.000000,512,10000.000000,200.000000,83,52,269,14,1030,29,62.650602,0.354560,0.977724,0.423077,-1.000000,1,0.972035,2.455357,43.278000
s5_traffic,adaptive,9,50,5,500.000000,500.000000,3.000000,150.000000,250.000000,12.000000,512,10000.000000,200.000000,84,56,211,23,1037,8,66.666667,0.666880,1.247334,0.500000,-1.000000,1,0.976875,1.858504,39.714000
s5_traffic,adaptive,10,50,5,500.000000,500.000000,3.000000,150.000000,250.000000,12.000000,512,10000.000000,200.000000,85,62,247,21,1031,15,72.941176,0.655360,0.953535,0.306452,-1.000000,1,0.976231,2.031423,42.218000
s5_traffic,adaptive,11,50,5,500.000000,500.000000,3.000000,150.000000,250.000000,12.000000,512,10000.000000,200.000000,83,69,223,27,1014,59,83.132530,0.664320,0.783589,0.202899,-1.000000,1,0.958384,3.804163,44.734000
s5_traffic,adaptive,12,50,5,500.000000,500.000000,3.000000,150.000000,250.000000,12.000000,512,10000.000000,200.000000,84,75,329,14,1015,40,89.285714,0.710400,0.897594,0.280000,-1.000000,1,0.972439,2.473042,44.238000
s5_traffic,adaptive,13,50,5,500.000000,500.000000,3.000000,150.000000,250.000000,12.000000,512,10000.000000,200.000000,85,55,222,12,1040,15,64.705882,0.665600,1.028442,0.345455,-1.000000,1,0.964160,3.289392,45.052000
s5_traffic,adaptive,14,50,5,500.000000,500.000000,3.000000,150.000000,250.000000,12.000000,512,10000.000000,200.000000,83,47,243,11,1046,30,56.626506,0.463360,1.201000,0.489362,-1.000000,1,0.973622,2.260083,42.268000
s5_traffic,adaptive,16,50,5,500.000000,500.000000,3.000000,150.000000,250.000000,12.000000,512,10000.000000,200.000000,84,59,303,1,1027,13,70.238095,0.574720,1.001417,0.355932,-1.000000,1,0.973682,2.250054,42.178000
s5_traffic,adaptive,15,50,5,500.000000,500.000000,3.000000,150.000000,250.000000,12.000000,512,10000.000000,200.000000,84,67,279,12,1015,28,79.761905,0.661760,0.806026,0.223881,-1.000000,1,0.965065,2.846662,40.018000
s5_traffic,adaptive,17,50,5,500.000000,500.000000,3.000000,150.000000,250.000000,12.000000,512,10000.000000,200.000000,83,63,348,22,1045,17,75.903614,0.541440,0.935402,0.349206,-1.000000,1,0.958478,3.679084,43.364000
s5_traffic,adaptive,18,50,5,500.000000,500.000000,3.000000,150.000000,250.000000,12.000000,512,10000.000000,200.000000,85,66,310,0,1060,1,77.647059,0.794880,1.212485,0.454545,-1.000000,1,0.964225,3.164514,43.422000
s5_traffic,adaptive,19,50,5,500.000000,500.000000,3.000000,150.000000,250.000000,12.000000,512,10000.000000,200.000000,85,51,303,1,1029,10,60.000000,0.526080,1.161061,0.470588,-1.000000,1,0.960595,3.441613,42.792000
s5_traffic,vbf,1,50,5,500.000000,500.000000,3.000000,150.000000,250.000000,12.000000,512,10000.000000,200.000000,83,15,35,0,219,0,18.072289,0.325200,2.473135,1.000000,-1.000000,1,0.823591,2.670164,6.836000
s5_traffic,vbf,2,50,5,500.000000,500.000000,3.000000,150.000000,250.000000,12.000000,512,10000.000000,200.000000,83,16,46,0,239,0,19.277108,0.346880,3.910945,1.000000,-1.000000,1,0.834882,2.697737,7.434000
s5_traffic,adaptive,20,50,5,500.000000,500.000000,3.000000,150.000000,250.000000,12.000000,512,10000.000000,200.000000,83,53,202,15,1009,23,63.855422,0.643840,1.170095,0.452830,-1.000000,1,0.965725,3.022520,43.324000
s5_traffic,vbf,4,50,5,500.000000,500.000000,3.000000,150.000000,250.000000,12.000000,512,10000.000000,200.000000,82,14,42,0,223,0,17.073171,0.303520,3.053144,1.000000,-1.000000,1,0.851867,2.470576,7.672000
s5_traffic,vbf,3,50,5,500.000000,500.000000,3.000000,150.000000,250.000000,12.000000,512,10000.000000,200.000000,84,16,53,0,259,0,19.047619,0.346880,4.247964,1.000000,-1.000000,1,0.816184,3.384311,8.274000
s5_traffic,vbf,5,50,5,500.000000,500.000000,3.000000,150.000000,250.000000,12.000000,512,10000.000000,200.000000,83,19,34,0,233,0,22.891566,0.411920,3.837940,1.000000,-1.000000,1,0.884472,1.781109,7.236000
s5_traffic,vbf,6,50,5,500.000000,500.000000,3.000000,150.000000,250.000000,12.000000,512,10000.000000,200.000000,85,19,46,0,277,0,22.352941,0.411920,4.359893,1.000000,-1.000000,1,0.868151,2.495622,8.796000
s5_traffic,vbf,7,50,5,500.000000,500.000000,3.000000,150.000000,250.000000,12.000000,512,10000.000000,200.000000,85,14,39,0,257,0,16.470588,0.303520,3.366609,1.000000,-1.000000,1,0.855929,2.647835,8.476000
s5_traffic,vbf,8,50,5,500.000000,500.000000,3.000000,150.000000,250.000000,12.000000,512,10000.000000,200.000000,83,20,24,0,258,0,24.096386,0.433600,3.998568,1.000000,-1.000000,1,0.861614,2.581559,8.634000
s5_traffic,vbf,9,50,5,500.000000,500.000000,3.000000,150.000000,250.000000,12.000000,512,10000.000000,200.000000,84,14,60,0,257,0,16.666667,0.303520,3.606006,1.000000,-1.000000,1,0.812595,3.517306,8.414000
s5_traffic,vbf,10,50,5,500.000000,500.000000,3.000000,150.000000,250.000000,12.000000,512,10000.000000,200.000000,85,23,62,0,337,0,27.058824,0.498640,3.795908,1.000000,-1.000000,1,0.897107,2.160198,9.928000
s5_traffic,vbf,11,50,5,500.000000,500.000000,3.000000,150.000000,250.000000,12.000000,512,10000.000000,200.000000,83,17,45,0,202,0,20.481928,0.368560,2.773941,1.000000,-1.000000,1,0.804101,3.126771,7.114000
s5_traffic,vbf,13,50,5,500.000000,500.000000,3.000000,150.000000,250.000000,12.000000,512,10000.000000,200.000000,85,13,49,0,282,0,15.294118,0.281840,3.649658,1.000000,-1.000000,1,0.834967,3.152449,8.692000
s5_traffic,vbf,14,50,5,500.000000,500.000000,3.000000,150.000000,250.000000,12.000000,512,10000.000000,200.000000,83,14,56,0,281,0,16.867470,0.303520,4.417814,1.000000,-1.000000,1,0.877852,2.365217,9.052000
s5_traffic,vbf,12,50,5,500.000000,500.000000,3.000000,150.000000,250.000000,12.000000,512,10000.000000,200.000000,84,21,58,0,222,0,25.000000,0.455280,3.652519,1.000000,-1.000000,1,0.866409,2.418510,8.404000
s5_traffic,vbf,15,50,5,500.000000,500.000000,3.000000,150.000000,250.000000,12.000000,512,10000.000000,200.000000,84,16,59,0,222,0,19.047619,0.346880,2.730676,1.000000,-1.000000,1,0.805008,3.531835,8.078000
s5_traffic,vbf,17,50,5,500.000000,500.000000,3.000000,150.000000,250.000000,12.000000,512,10000.000000,200.000000,83,17,47,0,220,0,20.481928,0.368560,3.073929,1.000000,-1.000000,1,0.787918,3.471743,7.214000
s5_traffic,vbf,16,50,5,500.000000,500.000000,3.000000,150.000000,250.000000,12.000000,512,10000.000000,200.000000,84,20,54,0,304,0,23.809524,0.433600,3.736439,1.000000,-1.000000,1,0.887632,2.341819,9.800000
s5_traffic,vbf,19,50,5,500.000000,500.000000,3.000000,150.000000,250.000000,12.000000,512,10000.000000,200.000000,85,12,48,0,228,0,14.117647,0.260160,4.519439,1.000000,-1.000000,1,0.742805,4.376166,7.252000
s5_traffic,vbf,18,50,5,500.000000,500.000000,3.000000,150.000000,250.000000,12.000000,512,10000.000000,200.000000,85,15,39,0,310,0,17.647059,0.325200,3.564993,1.000000,-1.000000,1,0.856160,2.751725,8.824000
s5_traffic,vbf,20,50,5,500.000000,500.000000,3.000000,150.000000,250.000000,12.000000,512,10000.000000,200.000000,83,15,60,0,250,0,18.072289,0.325200,3.547026,1.000000,-1.000000,1,0.872562,2.479449,9.066000
s5_traffic,hhvbf,1,50,5,500.000000,500.000000,3.000000,150.000000,250.000000,12.000000,512,10000.000000,200.000000,83,16,45,0,224,0,19.277108,0.346880,2.931329,1.000000,-1.000000,1,0.826206,2.743563,7.142000
s5_traffic,hhvbf,2,50,5,500.000000,500.000000,3.000000,150.000000,250.000000,12.000000,512,10000.000000,200.000000,83,20,49,0,232,0,24.096386,0.433600,3.644317,1.000000,-1.000000,1,0.825325,2.981603,7.718000
s5_traffic,hhvbf,3,50,5,500.000000,500.000000,3.000000,150.000000,250.000000,12.000000,512,10000.000000,200.000000,84,19,46,0,251,0,22.619048,0.411920,4.180872,1.000000,-1.000000,1,0.836647,2.870951,8.006000
s5_traffic,hhvbf,4,50,5,500.000000,500.000000,3.000000,150.000000,250.000000,12.000000,512,10000.000000,200.000000,82,16,39,0,217,0,19.512195,0.346880,3.203216,1.000000,-1.000000,1,0.844839,2.487602,7.342000
s5_traffic,hhvbf,5,50,5,500.000000,500.000000,3.000000,150.000000,250.000000,12.000000,512,10000.000000,200.000000,83,21,43,0,233,0,25.301205,0.455280,3.932197,1.000000,-1.000000,1,0.894307,1.614155,7.210000
s5_traffic,hhvbf,6,50,5,500.000000,500.000000,3.000000,150.000000,250.000000,12.000000,512,10000.000000,200.000000,85,18,47,0,270,0,21.176471,0.390240,3.990854,1.000000,-1.000000,1,0.870472,2.335192,8.390000
s5_traffic,hhvbf,7,50,5,500.000000,500.000000,3.000000,150.000000,250.000000,12.000000,512,10000.000000,200.000000,85,15,42,0,253,0,17.647059,0.325200,3.667161,1.000000,-1.000000,1,0.856481,2.525408,8.118000
s5_traffic,hhvbf,8,50,5,500.000000,500.000000,3.000000,150.000000,250.000000,12.000000,512,10000.000000,200.000000,83,18,20,0,263,0,21.686747,0.390240,4.177688,1.000000,-1.000000,1,0.850165,2.759925,8.464000
s5_traffic,hhvbf,9,50,5,500.000000,500.000000,3.000000,150.000000,250.000000,12.000000,512,10000.000000,200.000000,84,15,73,0,259,0,17.857143,0.325200,3.585540,1.000000,-1.000000,1,0.828630,3.358254,8.880000
s5_traffic,hhvbf,11,50,5,500.000000,500.000000,3.000000,150.000000,250.000000,12.000000,512,10000.000000,200.000000,83,18,45,0,194,0,21.686747,0.390240,2.636269,1.000000,-1.000000,1,0.787359,3.266022,6.766000
s5_traffic,hhvbf,10,50,5,500.000000,500.000000,3.000000,150.000000,250.000000,12.000000,512,10000.000000,200.000000,85,19,50,0,338,0,22.352941,0.411920,3.478029,1.000000,-1.000000,1,0.904930,1.874790,9.368000
s5_traffic,hhvbf,12,50,5,500.000000,500.000000,3.000000,150.000000,250.000000,12.000000,512,10000.000000,200.000000,84,23,57,0,232,0,27.380952,0.498640,3.570688,1.000000,-1.000000,1,0.876946,2.208131,8.384000
s5_traffic,hhvbf,13,50,5,500.000000,500.000000,3.000000,150.000000,250.000000,12.000000,512,10000.000000,200.000000,85,13,62,0,289,0,15.294118,0.281840,4.137502,1.000000,-1.000000,1,0.831859,3.267249,8.824000
s5_traffic,hhvbf,14,50,5,500.000000,500.000000,3.000000,150.000000,250.000000,12.000000,512,10000.000000,200.000000,83,15,49,0,281,0,18.072289,0.325200,3.652996,1.000000,-1.000000,1,0.871760,2.369065,8.604000
s5_traffic,hhvbf,15,50,5,500.000000,500.000000,3.000000,150.000000,250.000000,12.000000,512,10000.000000,200.000000,84,16,60,0,231,0,19.047619,0.346880,2.971914,1.000000,-1.000000,1,0.800503,3.680339,8.202000
s5_traffic,hhvbf,17,50,5,500.000000,500.000000,3.000000,150.000000,250.000000,12.000000,512,10000.000000,200.000000,83,17,39,0,213,0,20.481928,0.368560,2.628901,1.000000,-1.000000,1,0.778050,3.416597,6.736000
s5_traffic,hhvbf,16,50,5,500.000000,500.000000,3.000000,150.000000,250.000000,12.000000,512,10000.000000,200.000000,84,21,55,0,291,0,25.000000,0.455280,3.630295,1.000000,-1.000000,1,0.895727,2.104000,9.534000
s5_traffic,hhvbf,18,50,5,500.000000,500.000000,3.000000,150.000000,250.000000,12.000000,512,10000.000000,200.000000,85,16,47,0,308,0,18.823529,0.346880,4.522674,1.000000,-1.000000,1,0.869238,2.472262,8.792000
s5_traffic,hhvbf,20,50,5,500.000000,500.000000,3.000000,150.000000,250.000000,12.000000,512,10000.000000,200.000000,83,16,57,0,247,0,19.277108,0.346880,3.584106,1.000000,-1.000000,1,0.868879,2.424321,8.596000
s5_traffic,hhvbf,19,50,5,500.000000,500.000000,3.000000,150.000000,250.000000,12.000000,512,10000.000000,200.000000,85,14,45,0,218,0,16.470588,0.303520,3.728577,1.000000,-1.000000,1,0.767425,3.811573,7.116000
s5_traffic,dbr,1,50,5,500.000000,500.000000,3.000000,150.000000,250.000000,12.000000,512,10000.000000,200.000000,83,8,41,0,132,0,9.638554,0.015040,27.787077,0.500000,-1.000000,1,0.852002,2.029315,6.308000
s5_traffic,dbr,2,50,5,500.000000,500.000000,3.000000,150.000000,250.000000,12.000000,512,10000.000000,200.000000,83,12,45,0,131,0,14.457831,0.022560,30.872057,0.750000,-1.000000,1,0.867310,1.692375,5.924000
s5_traffic,dbr,3,50,5,500.000000,500.000000,3.000000,150.000000,250.000000,12.000000,512,10000.000000,200.000000,84,10,44,0,133,0,11.904762,0.018800,29.542653,1.400000,-1.000000,1,0.782223,2.837181,5.718000
s5_traffic,dbr,4,50,5,500.000000,500.000000,3.000000,150.000000,250.000000,12.000000,512,10000.000000,200.000000,82,9,42,0,129,0,10.975610,0.016920,7.816066,0.888889,-1.000000,1,0.851902,1.889792,5.870000
s5_traffic,dbr,5,50,5,500.000000,500.000000,3.000000,150.000000,250.000000,12.000000,512,10000.000000,200.000000,83,6,9,0,131,0,7.228916,0.011280,23.259817,1.500000,-1.000000,1,0.795045,2.527509,5.462000
s5_traffic,dbr,6,50,5,500.000000,500.000000,3.000000,150.000000,250.000000,12.000000,512,10000.000000,200.000000,85,8,33,0,131,0,9.411765,0.015040,27.236215,0.750000,-1.000000,1,0.820101,2.083341,5.218000
s5_traffic,dbr,7,50,5,500.000000,500.000000,3.000000,150.000000,250.000000,12.000000,512,10000.000000,200.000000,85,7,24,0,130,0,8.235294,0.013160,44.148222,1.000000,-1.000000,1,0.803942,2.995036,6.808000
s5_traffic,dbr,9,50,5,500.000000,500.000000,3.000000,150.000000,250.000000,12.000000,512,10000.000000,200.000000,84,6,33,0,131,0,7.142857,0.011280,6.723122,1.500000,-1.000000,1,0.814463,2.191523,5.302000
s5_traffic,dbr,8,50,5,500.000000,500.000000,3.000000,150.000000,250.000000,12.000000,512,10000.000000,200.000000,83,12,11,0,132,0,14.457831,0.022560,12.836040,1.083333,-1.000000,1,0.799379,2.304920,5.104000
s5_traffic,dbr,10,50,5,500.000000,500.000000,3.000000,150.000000,250.000000,12.000000,512,10000.000000,200.000000,85,10,26,0,133,0,11.764706,0.018800,32.934340,2.300000,-1.000000,1,0.787078,2.480067,5.130000
s5_traffic,dbr,11,50,5,500.000000,500.000000,3.000000,150.000000,250.000000,12.000000,512,10000.000000,200.000000,83,13,45,0,131,0,15.662651,0.024440,23.177280,1.153846,-1.000000,1,0.863253,1.805170,6.116000
s5_traffic,dbr,12,50,5,500.000000,500.000000,3.000000,150.000000,250.000000,12.000000,512,10000.000000,200.000000,84,13,52,0,133,0,15.476190,0.024440,17.126994,1.384615,-1.000000,1,0.840126,2.169658,6.196000
s5_traffic,dbr,13,50,5,500.000000,500.000000,3.000000,150.000000,250.000000,12.000000,512,10000.000000,200.000000,85,9,35,0,133,0,10.588235,0.016920,15.969586,1.111111,-1.000000,1,0.826846,2.054402,5.370000
s5_traffic,dbr,14,50,5,500.000000,500.000000,3.000000,150.000000,250.000000,12.000000,512,10000.000000,200.000000,83,7,4,0,131,0,8.433735,0.013160,20.242903,1.000000,-1.000000,1,0.788275,2.243079,4.670000
s5_traffic,dbr,15,50,5,500.000000,500.000000,3.000000,150.000000,250.000000,12.000000,512,10000.000000,200.000000,84,9,54,0,132,0,10.714286,0.016920,21.356204,0.444444,-1.000000,1,0.794224,2.744574,5.904000
s5_traffic,dbr,17,50,5,500.000000,500.000000,3.000000,150.000000,250.000000,12.000000,512,10000.000000,200.000000,83,13,48,0,130,0,15.662651,0.024440,33.551086,0.923077,-1.000000,1,0.781401,2.492750,5.002000
s5_traffic,dbr,16,50,5,500.000000,500.000000,3.000000,150.000000,250.000000,12.000000,512,10000.000000,200.000000,84,12,11,0,131,0,14.285714,0.022560,21.588846,2.166667,-1.000000,1,0.755691,3.006019,5.296000
s5_traffic,dbr,18,50,5,500.000000,500.000000,3.000000,150.000000,250.000000,12.000000,512,10000.000000,200.000000,85,6,23,0,131,0,7.058824,0.011280,18.447385,1.333333,-1.000000,1,0.782896,2.478988,5.014000
s5_traffic,dbr,19,50,5,500.000000,500.000000,3.000000,150.000000,250.000000,12.000000,512,10000.000000,200.000000,85,6,16,0,131,0,7.058824,0.011280,6.472296,1.333333,-1.000000,1,0.672243,4.340740,5.324000
s5_traffic,dbr,20,50,5,500.000000,500.000000,3.000000,150.000000,250.000000,12.000000,512,10000.000000,200.000000,83,6,30,0,130,0,7.228916,0.011280,12.287758,1.000000,-1.000000,1,0.819232,2.467147,6.146000
s5_traffic,adaptive,1,50,5,500.000000,500.000000,3.000000,150.000000,250.000000,15.000000,512,10000.000000,200.000000,66,60,259,10,1017,24,90.909091,0.614400,0.830780,0.216667,-1.000000,1,0.960419,3.758966,46.526000
s5_traffic,adaptive,2,50,5,500.000000,500.000000,3.000000,150.000000,250.000000,15.000000,512,10000.000000,200.000000,66,62,415,6,1020,9,93.939394,0.405760,0.526869,0.096774,-1.000000,1,0.974309,2.583973,49.636000
s5_traffic,adaptive,3,50,5,500.000000,500.000000,3.000000,150.000000,250.000000,15.000000,512,10000.000000,200.000000,66,56,319,4,1029,7,84.848485,0.532480,1.029791,0.392857,-1.000000,1,0.958552,3.580416,42.278000
s5_traffic,adaptive,4,50,5,500.000000,500.000000,3.000000,150.000000,250.000000,15.000000,512,10000.000000,200.000000,65,63,297,6,1016,23,96.923077,0.637440,0.804560,0.238095,-1.000000,1,0.970967,2.680665,45.486000
s5_traffic,adaptive,5,50,5,500.000000,500.000000,3.000000,150.000000,250.000000,15.000000,512,10000.000000,200.000000,66,43,236,6,1013,18,65.151515,0.343040,0.888558,0.325581,-1.000000,1,0.960126,3.508818,43.104000
s5_traffic,adaptive,6,50,5,500.000000,500.000000,3.000000,150.000000,250.000000,15.000000,512,10000.000000,200.000000,67,48,266,7,1026,15,71.641791,0.483840,1.018137,0.354167,-1.000000,1,0.961825,3.164929,40.646000
s5_traffic,adaptive,8,50,5,500.000000,500.000000,3.000000,150.000000,250.000000,15.000000,512,10000.000000,200.000000,66,52,301,6,1036,28,78.787879,0.354560,0.838876,0.326923,-1.000000,1,0.973176,2.402405,44.172000
s5_traffic,adaptive,7,50,5,500.000000,500.000000,3.000000,150.000000,250.000000,15.000000,512,10000.000000,200.000000,66,50,198,4,1004,11,75.757576,0.486400,1.140964,0.460000,-1.000000,1,0.967541,2.977955,45.116000
s5_traffic,adaptive,9,50,5,500.000000,500.000000,3.000000,150.000000,250.000000,15.000000,512,10000.000000,200.000000,66,47,207,13,1032,4,71.212121,0.482560,1.331730,0.595745,-1.000000,1,0.973585,2.164456,40.422000
s5_traffic,adaptive,10,50,5,500.000000,500.000000,3.000000,150.000000,250.000000,15.000000,512,10000.000000,200.000000,68,53,258,16,1026,11,77.941176,0.471040,0.934359,0.339623,-1.000000,1,0.974046,2.265809,43.076000
s5_traffic,adaptive,12,50,5,500.000000,500.000000,3.000000,150.000000,250.000000,15.000000,512,10000.000000,200.000000,65,71,360,8,1022,32,109.230769,0.628480,0.788897,0.225352,-1.000000,1,0.970731,2.722305,45.814000
s5_traffic,adaptive,11,50,5,500.000000,500.000000,3.000000,150.000000,250.000000,15.000000,512,10000.000000,200.000000,67,63,252,16,1007,41,94.029851,0.541440,0.730816,0.190476,-1.000000,1,0.961935,3.531939,45.494000
s5_traffic,adaptive,13,50,5,500.000000,500.000000,3.000000,150.000000,250.000000,15.000000,512,10000.000000,200.000000,66,56,238,14,1036,13,84.848485,0.686080,1.024793,0.339286,-1.000000,1,0.965641,3.187909,45.580000
s5_traffic,adaptive,14,50,5,500.000000,500.000000,3.000000,150.000000,250.000000,15.000000,512,10000.000000,200.000000,66,37,245,6,1036,21,56.060606,0.258560,0.828099,0.297297,-1.000000,1,0.967481,2.886839,43.654000
s5_traffic,adaptive,15,50,5,500.000000,500.000000,3.000000,150.000000,250.000000,15.000000,512,10000.000000,200.000000,68,63,315,11,1017,25,92.647059,0.579840,0.768227,0.206349,-1.000000,1,0.963977,3.074423,41.890000
s5_traffic,adaptive,16,50,5,500.000000,500.000000,3.000000,150.000000,250.000000,15.000000,512,10000.000000,200.000000,68,55,287,1,1033,13,80.882353,0.492800,1.160943,0.509091,-1.000000,1,0.974100,2.275614,43.354000
s5_traffic,adaptive,17,50,5,500.000000,500.000000,3.000000,150.000000,250.000000,15.000000,512,10000.000000,200.000000,67,62,371,22,1044,10,92.537313,0.520960,0.798029,0.258065,-1.000000,1,0.957363,3.848148,44.144000
s5_traffic,adaptive,18,50,5,500.000000,500.000000,3.000000,150.000000,250.000000,15.000000,512,10000.000000,200.000000,68,52,310,0,1045,1,76.470588,0.508160,0.985263,0.365385,-1.000000,1,0.963421,3.237700,43.432000
s5_traffic,vbf,1,50,5,500.000000,500.000000,3.000000,150.000000,250.000000,15.000000,512,10000.000000,200.000000,66,14,34,0,187,0,21.212121,0.303520,2.655072,1.000000,-1.000000,1,0.825000,2.246846,5.804000
s5_traffic,adaptive,19,50,5,500.000000,500.000000,3.000000,150.000000,250.000000,15.000000,512,10000.000000,200.000000,68,45,326,1,1017,6,66.176471,0.384000,0.881158,0.311111,-1.000000,1,0.956545,3.892375,43.792000
s5_traffic,adaptive,20,50,5,500.000000,500.000000,3.000000,150.000000,250.000000,15.000000,512,10000.000000,200.000000,68,46,206,10,1010,28,67.647059,0.500480,1.097151,0.413043,-1.000000,1,0.962510,3.381993,44.244000
s5_traffic,vbf,2,50,5,500.000000,500.000000,3.000000,150.000000,250.000000,15.000000,512,10000.000000,200.000000,66,17,41,0,190,0,25.757576,0.368560,4.280544,1.000000,-1.000000,1,0.815279,2.695632,6.554000
s5_traffic,vbf,3,50,5,500.000000,500.000000,3.000000,150.000000,250.000000,15.000000,512,10000.000000,200.000000,66,17,44,0,199,0,25.757576,0.368560,3.389317,1.000000,-1.000000,1,0.825426,2.538026,6.574000
s5_traffic,vbf,4,50,5,500.000000,500.000000,3.000000,150.000000,250.000000,15.000000,512,10000.000000,200.000000,65,14,42,0,212,0,21.538462,0.303520,3.006493,1.000000,-1.000000,1,0.850528,2.388366,7.344000
s5_traffic,vbf,5,50,5,500.000000,500.000000,3.000000,150.000000,250.000000,15.000000,512,10000.000000,200.000000,66,19,27,0,210,0,28.787879,0.411920,4.024096,1.000000,-1.000000,1,0.883699,1.669910,6.736000
s5_traffic,vbf,6,50,5,500.000000,500.000000,3.000000,150.000000,250.000000,15.000000,512,10000.000000,200.000000,67,19,39,0,239,0,28.358209,0.411920,4.196288,1.000000,-1.000000,1,0.858088,2.332354,7.590000
s5_traffic,vbf,7,50,5,500.000000,500.000000,3.000000,150.000000,250.000000,15.000000,512,10000.000000,200.000000,66,16,45,0,235,0,24.242424,0.346880,3.533681,1.000000,-1.000000,1,0.866250,2.445258,8.486000
s5_traffic,vbf,8,50,5,500.000000,500.000000,3.000000,150.000000,250.000000,15.000000,512,10000.000000,200.000000,66,18,17,0,206,0,27.272727,0.390240,3.644919,1.000000,-1.000000,1,0.862155,1.815554,6.098000
s5_traffic,vbf,9,50,5,500.000000,500.000000,3.000000,150.000000,250.000000,15.000000,512,10000.000000,200.000000,66,12,53,0,221,0,18.181818,0.260160,3.923485,1.000000,-1.000000,1,0.776068,3.617069,7.058000
s5_traffic,vbf,10,50,5,500.000000,500.000000,3.000000,150.000000,250.000000,15.000000,512,10000.000000,200.000000,68,17,39,0,255,0,25.000000,0.368560,3.626119,1.000000,-1.000000,1,0.896945,1.698276,7.792000
s5_traffic,vbf,11,50,5,500.000000,500.000000,3.000000,150.000000,250.000000,15.000000,512,10000.000000,200.000000,67,16,36,0,186,0,23.880597,0.346880,2.537469,1.000000,-1.000000,1,0.814056,2.619596,6.322000
s5_traffic,vbf,12,50,5,500.000000,500.000000,3.000000,150.000000,250.000000,15.000000,512,10000.000000,200.000000,65,16,38,0,189,0,24.615385,0.346880,4.314884,1.000000,-1.000000,1,0.877751,1.728149,6.608000
s5_traffic,vbf,13,50,5,500.000000,500.000000,3.000000,150.000000,250.000000,15.000000,512,10000.000000,200.000000,66,14,51,0,230,0,21.212121,0.303520,3.705647,1.000000,-1.000000,1,0.854071,2.298006,7.254000
s5_traffic,vbf,14,50,5,500.000000,500.000000,3.000000,150.000000,250.000000,15.000000,512,10000.000000,200.000000,66,14,27,0,213,0,21.212121,0.303520,3.640605,1.000000,-1.000000,1,0.887781,1.576827,6.608000
s5_traffic,vbf,15,50,5,500.000000,500.000000,3.000000,150.000000,250.000000,15.000000,512,10000.000000,200.000000,68,15,41,0,184,0,22.058824,0.325200,3.142031,1.000000,-1.000000,1,0.794587,3.021105,6.512000
s5_traffic,vbf,16,50,5,500.000000,500.000000,3.000000,150.000000,250.000000,15.000000,512,10000.000000,200.000000,68,18,47,0,264,0,26.470588,0.390240,4.112324,1.000000,-1.000000,1,0.878654,2.218819,8.552000
s5_traffic,vbf,17,50,5,500.000000,500.000000,3.000000,150.000000,250.000000,15.000000,512,10000.000000,200.000000,67,15,40,0,177,0,22.388060,0.325200,2.820649,1.000000,-1.000000,1,0.755634,3.320243,5.848000
s5_traffic,vbf,18,50,5,500.000000,500.000000,3.000000,150.000000,250.000000,15.000000,512,10000.000000,200.000000,68,18,48,0,263,0,26.470588,0.390240,4.286525,1.000000,-1.000000,1,0.838898,2.752393,7.794000
s5_traffic,vbf,19,50,5,500.000000,500.000000,3.000000,150.000000,250.000000,15.000000,512,10000.000000,200.000000,68,13,29,0,201,0,19.117647,0.281840,3.945486,1.000000,-1.000000,1,0.746325,3.475969,5.856000
s5_traffic,vbf,20,50,5,500.000000,500.000000,3.000000,150.000000,250.000000,15.000000,512,10000.000000,200.000000,68,15,47,0,200,0,22.058824,0.325200,4.006857,1.000000,-1.000000,1,0.839993,2.377036,6.782000
s5_traffic,hhvbf,1,50,5,500.000000,500.000000,3.000000,150.000000,250.000000,15.000000,512,10000.000000,200.000000,66,15,38,0,175,0,22.727273,0.325200,2.938896,1.000000,-1.000000,1,0.820251,2.293611,5.750000
s5_traffic,hhvbf,2,50,5,500.000000,500.000000,3.000000,150.000000,250.000000,15.000000,512,10000.000000,200.000000,66,17,38,0,187,0,25.757576,0.368560,4.010928,1.000000,-1.000000,1,0.833948,2.396958,6.564000
s5_traffic,hhvbf,3,50,5,500.000000,500.000000,3.000000,150.000000,250.000000,15.000000,512,10000.000000,200.000000,66,18,43,0,202,0,27.272727,0.390240,3.816595,1.000000,-1.000000,1,0.826795,2.537262,6.630000
s5_traffic,hhvbf,4,50,5,500.000000,500.000000,3.000000,150.000000,250.000000,15.000000,512,10000.000000,200.000000,65,16,41,0,205,0,24.615385,0.346880,2.693113,1.000000,-1.000000,1,0.848137,2.366055,7.150000
s5_traffic,hhvbf,5,50,5,500.000000,500.000000,3.000000,150.000000,250.000000,15.000000,512,10000.000000,200.000000,66,17,40,0,218,0,25.757576,0.368560,4.681858,1.000000,-1.000000,1,0.891508,1.663334,7.226000
s5_traffic,hhvbf,6,50,5,500.000000,500.000000,3.000000,150.000000,250.000000,15.000000,512,10000.000000,200.000000,67,17,42,0,247,0,25.373134,0.368560,3.566804,1.000000,-1.000000,1,0.863623,2.339608,7.950000
s5_traffic,hhvbf,7,50,5,500.000000,500.000000,3.000000,150.000000,250.000000,15.000000,512,10000.000000,200.000000,66,16,32,0,231,0,24.242424,0.346880,3.288901,1.000000,-1.000000,1,0.871190,2.187867,7.908000
s5_traffic,hhvbf,8,50,5,500.000000,500.000000,3.000000,150.000000,250.000000,15.000000,512,10000.000000,200.000000,66,18,15,0,209,0,27.272727,0.390240,3.764317,1.000000,-1.000000,1,0.866693,1.814591,6.320000
s5_traffic,hhvbf,9,50,5,500.000000,500.000000,3.000000,150.000000,250.000000,15.000000,512,10000.000000,200.000000,66,12,58,0,226,0,18.181818,0.260160,3.347531,1.000000,-1.000000,1,0.803274,3.206250,7.260000
s5_traffic,hhvbf,10,50,5,500.000000,500.000000,3.000000,150.000000,250.000000,15.000000,512,10000.000000,200.000000,68,20,33,0,249,0,29.411765,0.433600,3.663339,1.000000,-1.000000,1,0.912464,1.448318,7.894000
s5_traffic,hhvbf,11,50,5,500.000000,500.000000,3.000000,150.000000,250.000000,15.000000,512,10000.000000,200.000000,67,17,35,0,194,0,25.373134,0.368560,2.723218,1.000000,-1.000000,1,0.805084,3.004962,6.876000
s5_traffic,hhvbf,12,50,5,500.000000,500.000000,3.000000,150.000000,250.000000,15.000000,512,10000.000000,200.000000,65,18,42,0,190,0,27.692308,0.390240,4.209644,1.000000,-1.000000,1,0.875260,1.790622,6.700000
s5_traffic,hhvbf,13,50,5,500.000000,500.000000,3.000000,150.000000,250.000000,15.000000,512,10000.000000,200.000000,66,14,45,0,225,0,21.212121,0.303520,3.660637,1.000000,-1.000000,1,0.842934,2.505436,7.296000
s5_traffic,hhvbf,14,50,5,500.000000,500.000000,3.000000,150.000000,250.000000,15.000000,512,10000.000000,200.000000,66,16,37,0,229,0,24.242424,0.346880,4.203135,1.000000,-1.000000,1,0.904873,1.398582,6.984000
s5_traffic,hhvbf,15,50,5,500.000000,500.000000,3.000000,150.000000,250.000000,15.000000,512,10000.000000,200.000000,68,15,40,0,186,0,22.058824,0.325200,3.287506,1.000000,-1.000000,1,0.808881,2.790027,6.528000
s5_traffic,hhvbf,16,50,5,500.000000,500.000000,3.000000,150.000000,250.000000,15.000000,512,10000.000000,200.000000,68,19,52,0,260,0,27.941176,0.411920,4.121893,1.000000,-1.000000,1,0.886185,2.125478,8.774000
s5_traffic,hhvbf,17,50,5,500.000000,500.000000,3.000000,150.000000,250.000000,15.000000,512,10000.000000,200.000000,67,14,35,0,176,0,20.895522,0.303520,2.397296,1.000000,-1.000000,1,0.765077,3.147823,5.808000
s5_traffic,hhvbf,18,50,5,500.000000,500.000000,3.000000,150.000000,250.000000,15.000000,512,10000.000000,200.000000,68,19,58,0,271,0,27.941176,0.411920,5.125049,1.000000,-1.000000,1,0.844747,2.858784,8.432000
s5_traffic,hhvbf,20,50,5,500.000000,500.000000,3.000000,150.000000,250.000000,15.000000,512,10000.000000,200.000000,68,16,50,0,204,0,23.529412,0.346880,3.375197,1.000000,-1.000000,1,0.827668,2.577817,6.774000
s5_traffic,hhvbf,19,50,5,500.000000,500.000000,3.000000,150.000000,250.000000,15.000000,512,10000.000000,200.000000,68,15,30,0,196,0,22.058824,0.325200,4.287916,1.000000,-1.000000,1,0.783266,2.933987,5.946000
s5_traffic,dbr,1,50,5,500.000000,500.000000,3.000000,150.000000,250.000000,15.000000,512,10000.000000,200.000000,66,8,32,0,115,0,12.121212,0.015040,27.468877,0.500000,-1.000000,1,0.867088,1.532875,5.356000
s5_traffic,dbr,2,50,5,500.000000,500.000000,3.000000,150.000000,250.000000,15.000000,512,10000.000000,200.000000,66,12,38,0,115,0,18.181818,0.022560,30.190398,0.750000,-1.000000,1,0.872767,1.357972,4.974000
s5_traffic,dbr,3,50,5,500.000000,500.000000,3.000000,150.000000,250.000000,15.000000,512,10000.000000,200.000000,66,10,29,0,115,0,15.151515,0.018800,30.823875,1.400000,-1.000000,1,0.802309,2.094342,4.716000
s5_traffic,dbr,4,50,5,500.000000,500.000000,3.000000,150.000000,250.000000,15.000000,512,10000.000000,200.000000,65,9,33,0,112,0,13.846154,0.016920,8.157071,0.888889,-1.000000,1,0.863831,1.458438,4.964000
s5_traffic,dbr,5,50,5,500.000000,500.000000,3.000000,150.000000,250.000000,15.000000,512,10000.000000,200.000000,66,6,6,0,114,0,9.090909,0.011280,24.685046,1.500000,-1.000000,1,0.815123,1.930803,4.690000
s5_traffic,dbr,6,50,5,500.000000,500.000000,3.000000,150.000000,250.000000,15.000000,512,10000.000000,200.000000,67,8,26,0,113,0,11.940299,0.015040,26.725224,0.750000,-1.000000,1,0.834342,1.585027,4.352000
s5_traffic,dbr,7,50,5,500.000000,500.000000,3.000000,150.000000,250.000000,15.000000,512,10000.000000,200.000000,66,7,16,0,111,0,10.606061,0.013160,45.441304,1.000000,-1.000000,1,0.815311,2.298690,5.590000
s5_traffic,dbr,8,50,5,500.000000,500.000000,3.000000,150.000000,250.000000,15.000000,512,10000.000000,200.000000,66,12,8,0,115,0,18.181818,0.022560,13.013003,1.083333,-1.000000,1,0.817003,1.763053,4.332000
s5_traffic,dbr,9,50,5,500.000000,500.000000,3.000000,150.000000,250.000000,15.000000,512,10000.000000,200.000000,66,6,26,0,113,0,9.090909,0.011280,6.723122,1.500000,-1.000000,1,0.830119,1.666643,4.450000
s5_traffic,dbr,10,50,5,500.000000,500.000000,3.000000,150.000000,250.000000,15.000000,512,10000.000000,200.000000,68,10,21,0,116,0,14.705882,0.018800,32.346141,2.300000,-1.000000,1,0.809904,1.863220,4.386000
s5_traffic,dbr,11,50,5,500.000000,500.000000,3.000000,150.000000,250.000000,15.000000,512,10000.000000,200.000000,67,13,35,0,115,0,19.402985,0.024440,24.786944,1.153846,-1.000000,1,0.875446,1.380568,5.174000
s5_traffic,dbr,12,50,5,500.000000,500.000000,3.000000,150.000000,250.000000,15.000000,512,10000.000000,200.000000,65,13,35,0,114,0,20.000000,0.024440,18.461917,1.384615,-1.000000,1,0.852961,1.587544,4.970000
s5_traffic,dbr,13,50,5,500.000000,500.000000,3.000000,150.000000,250.000000,15.000000,512,10000.000000,200.000000,66,9,27,0,114,0,13.636364,0.016920,16.785823,1.111111,-1.000000,1,0.838355,1.553940,4.384000
s5_traffic,dbr,14,50,5,500.000000,500.000000,3.000000,150.000000,250.000000,15.000000,512,10000.000000,200.000000,66,7,3,0,114,0,10.606061,0.013160,19.440397,1.000000,-1.000000,1,0.809534,1.692762,3.976000
s5_traffic,dbr,15,50,5,500.000000,500.000000,3.000000,150.000000,250.000000,15.000000,512,10000.000000,200.000000,68,9,41,0,116,0,13.235294,0.016920,21.296889,0.444444,-1.000000,1,0.806418,2.133482,4.920000
s5_traffic,dbr,16,50,5,500.000000,500.000000,3.000000,150.000000,250.000000,15.000000,512,10000.000000,200.000000,68,12,9,0,115,0,17.647059,0.022560,21.585812,2.166667,-1.000000,1,0.778962,2.284714,4.526000
s5_traffic,dbr,17,50,5,500.000000,500.000000,3.000000,150.000000,250.000000,15.000000,512,10000.000000,200.000000,67,13,38,0,114,0,19.402985,0.024440,34.244108,0.923077,-1.000000,1,0.794822,1.989504,4.294000
s5_traffic,dbr,18,50,5,500.000000,500.000000,3.000000,150.000000,250.000000,15.000000,512,10000.000000,200.000000,68,6,18,0,114,0,8.823529,0.011280,18.857198,1.333333,-1.000000,1,0.802024,1.887821,4.244000
s5_traffic,dbr,19,50,5,500.000000,500.000000,3.000000,150.000000,250.000000,15.000000,512,10000.000000,200.000000,68,6,12,0,114,0,8.823529,0.011280,6.472296,1.333333,-1.000000,1,0.692491,3.407620,4.534000
s5_traffic,dbr,20,50,5,500.000000,500.000000,3.000000,150.000000,250.000000,15.000000,512,10000.000000,200.000000,68,6,25,0,115,0,8.823529,0.011280,11.433722,1.000000,-1.000000,1,0.832513,1.911181,5.184000
