label,protocol,seed,nNodes,nSources,fieldSize,waterDepth,maxSpeed,basePipeR,commRange,packetInterval,payloadBytes,bitRate,simTime,generated,delivered,duplicates,dropped,transmissions,fallbacks,pdr_pct,throughput_kbps,mean_delay_s,mean_hops,lifetime_s,lifetime_censored,jain_fairness,energy_gap_J,mean_consumed_J
s6_depth,adaptive,1,50,5,500.000000,100.000000,3.000000,150.000000,250.000000,6.000000,512,10000.000000,200.000000,164,96,329,28,985,8,58.536585,1.082880,0.911535,0.270833,-1.000000,1,0.981250,1.778161,46.970000
s6_depth,adaptive,2,50,5,500.000000,100.000000,3.000000,150.000000,250.000000,6.000000,512,10000.000000,200.000000,164,83,347,2,963,4,50.609756,0.778240,0.753957,0.204819,-1.000000,1,0.987397,1.224355,48.264000
s6_depth,adaptive,3,50,5,500.000000,100.000000,3.000000,150.000000,250.000000,6.000000,512,10000.000000,200.000000,165,90,246,16,962,9,54.545455,1.036800,0.861163,0.244444,-1.000000,1,0.979260,1.850976,44.156000
s6_depth,adaptive,4,50,5,500.000000,100.000000,3.000000,150.000000,250.000000,6.000000,512,10000.000000,200.000000,163,94,288,26,961,10,57.668712,1.061120,0.867688,0.234043,-1.000000,1,0.987728,1.176704,47.646000
s6_depth,adaptive,5,50,5,500.000000,100.000000,3.000000,150.000000,250.000000,6.000000,512,10000.000000,200.000000,165,87,320,11,962,8,52.727273,0.956160,0.904338,0.275862,-1.000000,1,0.980394,1.804308,45.558000
s6_depth,adaptive,6,50,5,500.000000,100.000000,3.000000,150.000000,250.000000,6.000000,512,10000.000000,200.000000,165,86,333,23,979,3,52.121212,0.935680,0.810434,0.186047,-1.000000,1,0.979930,1.833807,45.222000
s6_depth,adaptive,7,50,5,500.000000,100.000000,3.000000,150.000000,250.000000,6.000000,512,10000.000000,200.000000,165,97,333,19,937,8,58.787879,1.084160,0.932386,0.309278,-1.000000,1,0.982773,1.634571,47.030000
s6_depth,adaptive,8,50,5,500.000000,100.000000,3.000000,150.000000,250.000000,6.000000,512,10000.000000,200.000000,164,85,269,27,989,14,51.829268,0.857600,1.053639,0.411765,-1.000000,1,0.982884,1.538853,44.566000
s6_depth,adaptive,9,50,5,500.000000,100.000000,3.000000,150.000000,250.000000,6.000000,512,10000.000000,200.000000,163,92,288,23,971,9,56.441718,1.096960,0.844631,0.206522,-1.000000,1,0.981935,1.627655,44.640000
s6_depth,adaptive,10,50,5,500.000000,100.000000,3.000000,150.000000,250.000000,6.000000,512,10000.000000,200.000000,165,101,247,1,979,0,61.212121,1.281280,0.987718,0.287129,-1.000000,1,0.988545,1.053067,45.700000
s6_depth,adaptive,12,50,5,500.000000,100.000000,3.000000,150.000000,250.000000,6.000000,512,10000.000000,200.000000,165,83,298,38,958,9,50.303030,0.893440,0.858861,0.228916,-1.000000,1,0.986694,1.284285,47.936000
s6_depth,adaptive,11,50,5,500.000000,100.000000,3.000000,150.000000,250.000000,6.000000,512,10000.000000,200.000000,165,100,279,27,946,44,60.606061,1.184000,0.859139,0.210000,-1.000000,1,0.985436,1.365051,46.520000
s6_depth,adaptive,13,50,5,500.000000,100.000000,3.000000,150.000000,250.000000,6.000000,512,10000.000000,200.000000,165,103,280,28,964,21,62.424242,1.264640,0.920076,0.242718,-1.000000,1,0.984085,1.527603,47.608000
s6_depth,adaptive,14,50,5,500.000000,100.000000,3.000000,150.000000,250.000000,6.000000,512,10000.000000,200.000000,165,72,337,12,1043,3,43.636364,0.668160,0.891002,0.319444,-1.000000,1,0.984795,1.376043,44.904000
s6_depth,adaptive,15,50,5,500.000000,100.000000,3.000000,150.000000,250.000000,6.000000,512,10000.000000,200.000000,164,89,243,18,977,8,54.268293,0.997120,0.919301,0.269663,-1.000000,1,0.986752,1.147147,43.008000
s6_depth,adaptive,16,50,5,500.000000,100.000000,3.000000,150.000000,250.000000,6.000000,512,10000.000000,200.000000,165,89,342,14,985,15,53.939394,0.939520,0.820314,0.213483,-1.000000,1,0.986189,1.290444,46.394000
s6_depth,adaptive,17,50,5,500.000000,100.000000,3.000000,150.000000,250.000000,6.000000,512,10000.000000,200.000000,163,76,351,21,966,7,46.625767,0.654080,0.796694,0.250000,-1.000000,1,0.975688,2.264830,46.006000
s6_depth,adaptive,18,50,5,500.000000,100.000000,3.000000,150.000000,250.000000,6.000000,512,10000.000000,200.000000,165,77,351,3,990,6,46.666667,0.674560,0.671262,0.155844,-1.000000,1,0.984758,1.427595,46.470000
s6_depth,adaptive,19,50,5,500.000000,100.000000,3.000000,150.000000,250.000000,6.000000,512,10000.000000,200.000000,165,72,395,1,955,2,43.636364,0.552960,0.588184,0.125000,-1.000000,1,0.981695,1.846631,49.976000
s6_depth,vbf,1,50,5,500.000000,100.000000,3.000000,150.000000,250.000000,6.000000,512,10000.000000,200.000000,164,22,58,0,455,0,13.414634,0.476960,3.346316,1.000000,-1.000000,1,0.873885,3.548042,13.120000
s6_depth,adaptive,20,50,5,500.000000,100.000000,3.000000,150.000000,250.000000,6.000000,512,10000.000000,200.000000,164,94,348,30,976,4,57.317073,1.041920,0.789056,0.180851,-1.000000,1,0.978468,2.048264,47.046000
s6_depth,vbf,2,50,5,500.000000,100.000000,3.000000,150.000000,250.000000,6.000000,512,10000.000000,200.000000,164,28,59,0,443,0,17.073171,0.607040,3.846157,1.000000,-1.000000,1,0.933817,1.824224,13.310000
s6_depth,vbf,3,50,5,500.000000,100.000000,3.000000,150.000000,250.000000,6.000000,512,10000.000000,200.000000,165,27,65,0,435,0,16.363636,0.585360,3.152081,1.000000,-1.000000,1,0.878535,3.279792,12.628000
s6_depth,vbf,4,50,5,500.000000,100.000000,3.000000,150.000000,250.000000,6.000000,512,10000.000000,200.000000,163,24,56,0,418,0,14.723926,0.520320,3.621731,1.000000,-1.000000,1,0.904384,2.551808,12.674000
s6_depth,vbf,5,50,5,500.000000,100.000000,3.000000,150.000000,250.000000,6.000000,512,10000.000000,200.000000,165,24,58,0,415,0,14.545455,0.520320,3.992804,1.000000,-1.000000,1,0.891659,2.946176,12.818000
s6_depth,vbf,6,50,5,500.000000,100.000000,3.000000,150.000000,250.000000,6.000000,512,10000.000000,200.000000,165,27,64,0,410,0,16.363636,0.585360,4.171319,1.000000,-1.000000,1,0.919390,2.158120,12.824000
s6_depth,vbf,7,50,5,500.000000,100.000000,3.000000,150.000000,250.000000,6.000000,512,10000.000000,200.000000,165,20,71,0,397,0,12.121212,0.433600,3.190352,1.000000,-1.000000,1,0.871133,3.351463,12.108000
s6_depth,vbf,8,50,5,500.000000,100.000000,3.000000,150.000000,250.000000,6.000000,512,10000.000000,200.000000,164,25,40,0,415,0,15.243902,0.542000,3.840532,1.000000,-1.000000,1,0.881534,3.105538,12.282000
s6_depth,vbf,9,50,5,500.000000,100.000000,3.000000,150.000000,250.000000,6.000000,512,10000.000000,200.000000,163,23,66,0,377,0,14.110429,0.498640,3.217059,1.000000,-1.000000,1,0.891907,2.762438,12.048000
s6_depth,vbf,10,50,5,500.000000,100.000000,3.000000,150.000000,250.000000,6.000000,512,10000.000000,200.000000,165,24,62,0,468,0,14.545455,0.520320,3.556051,1.000000,-1.000000,1,0.930942,1.785038,12.462000
s6_depth,vbf,11,50,5,500.000000,100.000000,3.000000,150.000000,250.000000,6.000000,512,10000.000000,200.000000,165,22,64,0,361,0,13.333333,0.476960,3.176270,1.000000,-1.000000,1,0.891005,2.862384,12.374000
s6_depth,vbf,13,50,5,500.000000,100.000000,3.000000,150.000000,250.000000,6.000000,512,10000.000000,200.000000,165,27,67,0,448,0,16.363636,0.585360,3.942328,1.000000,-1.000000,1,0.927257,1.993614,13.186000
s6_depth,vbf,12,50,5,500.000000,100.000000,3.000000,150.000000,250.000000,6.000000,512,10000.000000,200.000000,165,21,69,0,428,0,12.727273,0.455280,3.950003,1.000000,-1.000000,1,0.879854,3.326819,12.960000
s6_depth,vbf,14,50,5,500.000000,100.000000,3.000000,150.000000,250.000000,6.000000,512,10000.000000,200.000000,165,25,68,0,477,0,15.151515,0.542000,4.263458,1.000000,-1.000000,1,0.898495,2.992815,13.954000
s6_depth,vbf,15,50,5,500.000000,100.000000,3.000000,150.000000,250.000000,6.000000,512,10000.000000,200.000000,164,23,70,0,453,0,14.024390,0.498640,3.073903,1.000000,-1.000000,1,0.895500,3.025499,13.678000
s6_depth,vbf,16,50,5,500.000000,100.000000,3.000000,150.000000,250.000000,6.000000,512,10000.000000,200.000000,165,27,59,0,450,0,16.363636,0.585360,3.453807,1.000000,-1.000000,1,0.908347,2.601411,13.510000
s6_depth,vbf,17,50,5,500.000000,100.000000,3.000000,150.000000,250.000000,6.000000,512,10000.000000,200.000000,163,24,62,0,447,0,14.723926,0.520320,4.408892,1.000000,-1.000000,1,0.894172,2.905391,12.960000
s6_depth,vbf,18,50,5,500.000000,100.000000,3.000000,150.000000,250.000000,6.000000,512,10000.000000,200.000000,165,23,44,0,413,0,13.939394,0.498640,3.754456,1.000000,-1.000000,1,0.901678,2.410830,11.626000
s6_depth,vbf,19,50,5,500.000000,100.000000,3.000000,150.000000,250.000000,6.000000,512,10000.000000,200.000000,165,22,58,0,406,0,13.333333,0.476960,3.761221,1.000000,-1.000000,1,0.822404,4.344717,11.040000
s6_depth,vbf,20,50,5,500.000000,100.000000,3.000000,150.000000,250.000000,6.000000,512,10000.000000,200.000000,164,22,68,0,425,0,13.414634,0.476960,3.473373,1.000000,-1.000000,1,0.895168,2.816880,12.692000
s6_depth,hhvbf,1,50,5,500.000000,100.000000,3.000000,150.000000,250.000000,6.000000,512,10000.000000,200.000000,164,20,59,0,434,0,12.195122,0.433600,3.813804,1.000000,-1.000000,1,0.859354,3.949966,12.980000
s6_depth,hhvbf,2,50,5,500.000000,100.000000,3.000000,150.000000,250.000000,6.000000,512,10000.000000,200.000000,164,24,43,0,465,0,14.634146,0.520320,3.164789,1.000000,-1.000000,1,0.901747,2.555326,12.332000
s6_depth,hhvbf,4,50,5,500.000000,100.000000,3.000000,150.000000,250.000000,6.000000,512,10000.000000,200.000000,163,22,72,0,422,0,13.496933,0.476960,3.399896,1.000000,-1.000000,1,0.906419,2.549247,12.952000
s6_depth,hhvbf,3,50,5,500.000000,100.000000,3.000000,150.000000,250.000000,6.000000,512,10000.000000,200.000000,165,23,70,0,443,0,13.939394,0.498640,3.574639,1.000000,-1.000000,1,0.895073,2.892892,13.022000
s6_depth,hhvbf,5,50,5,500.000000,100.000000,3.000000,150.000000,250.000000,6.000000,512,10000.000000,200.000000,165,27,60,0,434,0,16.363636,0.585360,3.700749,1.000000,-1.000000,1,0.899879,2.734426,12.936000
s6_depth,hhvbf,7,50,5,500.000000,100.000000,3.000000,150.000000,250.000000,6.000000,512,10000.000000,200.000000,165,19,62,0,350,0,11.515152,0.411920,3.307980,1.000000,-1.000000,1,0.861461,3.431239,11.462000
s6_depth,hhvbf,6,50,5,500.000000,100.000000,3.000000,150.000000,250.000000,6.000000,512,10000.000000,200.000000,165,26,67,0,432,0,15.757576,0.563680,3.433577,1.000000,-1.000000,1,0.901886,2.618953,12.658000
s6_depth,hhvbf,8,50,5,500.000000,100.000000,3.000000,150.000000,250.000000,6.000000,512,10000.000000,200.000000,164,27,45,0,453,0,16.463415,0.585360,3.741813,1.000000,-1.000000,1,0.898483,2.794567,13.028000
s6_depth,hhvbf,10,50,5,500.000000,100.000000,3.000000,150.000000,250.000000,6.000000,512,10000.000000,200.000000,165,19,79,0,464,0,11.515152,0.411920,3.589126,1.000000,-1.000000,1,0.923763,2.157005,13.586000
s6_depth,hhvbf,9,50,5,500.000000,100.000000,3.000000,150.000000,250.000000,6.000000,512,10000.000000,200.000000,163,22,74,0,406,0,13.496933,0.476960,3.067217,1.000000,-1.000000,1,0.889543,3.058156,13.034000
s6_depth,hhvbf,11,50,5,500.000000,100.000000,3.000000,150.000000,250.000000,6.000000,512,10000.000000,200.000000,165,23,66,0,356,0,13.939394,0.498640,3.212316,1.000000,-1.000000,1,0.881618,3.072360,12.160000
s6_depth,hhvbf,13,50,5,500.000000,100.000000,3.000000,150.000000,250.000000,6.000000,512,10000.000000,200.000000,165,25,70,0,491,0,15.151515,0.542000,4.427267,1.000000,-1.000000,1,0.928102,2.068721,13.850000
s6_depth,hhvbf,12,50,5,500.000000,100.000000,3.000000,150.000000,250.000000,6.000000,512,10000.000000,200.000000,165,21,70,0,455,0,12.727273,0.455280,3.462843,1.000000,-1.000000,1,0.871310,3.894303,14.090000
s6_depth,hhvbf,14,50,5,500.000000,100.000000,3.000000,150.000000,250.000000,6.000000,512,10000.000000,200.000000,165,21,72,0,492,0,12.727273,0.455280,3.719569,1.000000,-1.000000,1,0.900905,2.974917,14.228000
s6_depth,hhvbf,16,50,5,500.000000,100.000000,3.000000,150.000000,250.000000,6.000000,512,10000.000000,200.000000,165,25,54,0,471,0,15.151515,0.542000,3.308751,1.000000,-1.000000,1,0.903534,2.668024,13.128000
s6_depth,hhvbf,15,50,5,500.000000,100.000000,3.000000,150.000000,250.000000,6.000000,512,10000.000000,200.000000,164,20,67,0,451,0,12.195122,0.433600,2.917967,1.000000,-1.000000,1,0.895307,3.048268,13.754000
s6_depth,hhvbf,17,50,5,500.000000,100.000000,3.000000,150.000000,250.000000,6.000000,512,10000.000000,200.000000,163,25,58,0,470,0,15.337423,0.542000,4.027209,1.000000,-1.000000,1,0.909263,2.649127,13.904000
s6_depth,hhvbf,19,50,5,500.000000,100.000000,3.000000,150.000000,250.000000,6.000000,512,10000.000000,200.000000,165,18,58,0,394,0,10.909091,0.390240,3.107873,1.000000,-1.000000,1,0.826033,4.193376,10.904000
s6_depth,hhvbf,18,50,5,500.000000,100.000000,3.000000,150.000000,250.000000,6.000000,512,10000.000000,200.000000,165,25,40,0,418,0,15.151515,0.542000,3.804115,1.000000,-1.000000,1,0.890745,2.838119,12.238000
s6_depth,dbr,1,50,5,500.000000,100.000000,3.000000,150.000000,250.000000,6.000000,512,10000.000000,200.000000,164,8,128,0,205,0,4.878049,0.015040,7.014672,0.625000,-1.000000,1,0.864699,3.704932,12.698000
s6_depth,dbr,2,50,5,500.000000,100.000000,3.000000,150.000000,250.000000,6.000000,512,10000.000000,200.000000,164,8,107,0,208,0,4.878049,0.015040,10.975503,0.500000,-1.000000,1,0.902032,2.680132,12.974000
s6_depth,hhvbf,20,50,5,500.000000,100.000000,3.000000,150.000000,250.000000,6.000000,512,10000.000000,200.000000,164,22,60,0,397,0,13.414634,0.476960,3.450057,1.000000,-1.000000,1,0.876577,3.287470,12.442000
s6_depth,dbr,3,50,5,500.000000,100.000000,3.000000,150.000000,250.000000,6.000000,512,10000.000000,200.000000,165,8,138,0,208,0,4.848485,0.015040,10.345820,1.000000,-1.000000,1,0.829679,5.039903,13.418000
s6_depth,dbr,4,50,5,500.000000,100.000000,3.000000,150.000000,250.000000,6.000000,512,10000.000000,200.000000,163,7,119,0,207,0,4.294479,0.013160,9.097245,0.428571,-1.000000,1,0.871747,3.652031,13.262000
s6_depth,dbr,5,50,5,500.000000,100.000000,3.000000,150.000000,250.000000,6.000000,512,10000.000000,200.000000,165,13,108,0,209,0,7.878788,0.024440,10.785150,1.076923,-1.000000,1,0.876842,3.495513,13.260000
s6_depth,dbr,6,50,5,500.000000,100.000000,3.000000,150.000000,250.000000,6.000000,512,10000.000000,200.000000,165,8,124,0,209,0,4.848485,0.015040,8.003172,0.750000,-1.000000,1,0.846969,4.096646,12.276000
s6_depth,dbr,7,50,5,500.000000,100.000000,3.000000,150.000000,250.000000,6.000000,512,10000.000000,200.000000,165,9,137,0,208,0,5.454545,0.016920,9.176183,0.666667,-1.000000,1,0.860614,4.267662,14.162000
s6_depth,dbr,8,50,5,500.000000,100.000000,3.000000,150.000000,250.000000,6.000000,512,10000.000000,200.000000,164,8,55,0,210,0,4.878049,0.015040,20.160841,0.750000,-1.000000,1,0.875734,3.187075,11.974000
s6_depth,dbr,9,50,5,500.000000,100.000000,3.000000,150.000000,250.000000,6.000000,512,10000.000000,200.000000,163,9,129,0,206,0,5.521472,0.016920,8.461683,0.555556,-1.000000,1,0.855638,3.982386,12.720000
s6_depth,dbr,10,50,5,500.000000,100.000000,3.000000,150.000000,250.000000,6.000000,512,10000.000000,200.000000,165,10,94,0,211,0,6.060606,0.018800,7.685133,0.800000,-1.000000,1,0.890878,2.832591,12.230000
s6_depth,dbr,11,50,5,500.000000,100.000000,3.000000,150.000000,250.000000,6.000000,512,10000.000000,200.000000,165,12,119,0,208,0,7.272727,0.022560,7.258993,0.666667,-1.000000,1,0.881742,3.523171,13.960000
s6_depth,dbr,13,50,5,500.000000,100.000000,3.000000,150.000000,250.000000,6.000000,512,10000.000000,200.000000,165,11,92,0,208,0,6.666667,0.020680,7.990408,0.909091,-1.000000,1,0.890650,2.850509,12.280000
s6_depth,dbr,12,50,5,500.000000,100.000000,3.000000,150.000000,250.000000,6.000000,512,10000.000000,200.000000,165,12,110,0,211,0,7.272727,0.022560,8.385117,1.000000,-1.000000,1,0.879249,3.753075,14.542000
s6_depth,dbr,14,50,5,500.000000,100.000000,3.000000,150.000000,250.000000,6.000000,512,10000.000000,200.000000,165,8,68,0,209,0,4.848485,0.015040,8.878137,0.625000,-1.000000,1,0.821194,4.162932,10.498000
s6_depth,dbr,17,50,5,500.000000,100.000000,3.000000,150.000000,250.000000,6.000000,512,10000.000000,200.000000,163,11,139,0,208,0,6.748466,0.020680,12.562959,1.272727,-1.000000,1,0.865311,3.639163,12.534000
s6_depth,dbr,16,50,5,500.000000,100.000000,3.000000,150.000000,250.000000,6.000000,512,10000.000000,200.000000,165,12,129,0,213,0,7.272727,0.022560,11.190317,1.083333,-1.000000,1,0.846652,4.237064,12.668000
s6_depth,dbr,15,50,5,500.000000,100.000000,3.000000,150.000000,250.000000,6.000000,512,10000.000000,200.000000,164,12,135,0,205,0,7.317073,0.022560,7.524131,0.916667,-1.000000,1,0.861099,3.780802,12.594000
s6_depth,dbr,19,50,5,500.000000,100.000000,3.000000,150.000000,250.000000,6.000000,512,10000.000000,200.000000,165,11,126,0,212,0,6.666667,0.020680,11.192361,0.727273,-1.000000,1,0.763373,6.857685,12.546000
s6_depth,dbr,18,50,5,500.000000,100.000000,3.000000,150.000000,250.000000,6.000000,512,10000.000000,200.000000,165,12,147,0,211,0,7.272727,0.022560,9.586602,1.000000,-1.000000,1,0.861068,3.713264,12.366000
s6_depth,dbr,20,50,5,500.000000,100.000000,3.000000,150.000000,250.000000,6.000000,512,10000.000000,200.000000,164,10,123,0,209,0,6.097561,0.018800,8.111633,0.500000,-1.000000,1,0.866659,3.804796,13.248000
s6_depth,adaptive,2,50,5,500.000000,200.000000,3.000000,150.000000,250.000000,6.000000,512,10000.000000,200.000000,164,85,364,6,963,4,51.829268,0.838400,0.825131,0.223529,-1.000000,1,0.987251,1.253447,48.844000
s6_depth,adaptive,1,50,5,500.000000,200.000000,3.000000,150.000000,250.000000,6.000000,512,10000.000000,200.000000,164,85,301,29,1000,31,51.829268,0.896000,1.024617,0.376471,-1.000000,1,0.980111,1.868064,46.490000
s6_depth,adaptive,3,50,5,500.000000,200.000000,3.000000,150.000000,250.000000,6.000000,512,10000.000000,200.000000,165,91,261,31,977,14,55.151515,1.095680,0.832386,0.197802,-1.000000,1,0.977064,2.083275,44.888000
s6_depth,adaptive,5,50,5,500.000000,200.000000,3.000000,150.000000,250.000000,6.000000,512,10000.000000,200.000000,165,88,326,32,970,15,53.333333,0.995840,0.773958,0.159091,-1.000000,1,0.978981,1.956254,46.042000
s6_depth,adaptive,4,50,5,500.000000,200.000000,3.000000,150.000000,250.000000,6.000000,512,10000.000000,200.000000,163,87,293,23,949,5,53.374233,0.936960,0.736242,0.149425,-1.000000,1,0.986095,1.341810,47.912000
s6_depth,adaptive,6,50,5,500.000000,200.000000,3.000000,150.000000,250.000000,6.000000,512,10000.000000,200.000000,165,82,309,12,993,7,49.696970,0.892160,0.823628,0.182927,-1.000000,1,0.970701,2.710756,45.572000
s6_depth,adaptive,8,50,5,500.000000,200.000000,3.000000,150.000000,250.000000,6.000000,512,10000.000000,200.000000,164,85,285,45,992,37,51.829268,0.896000,1.250826,0.529412,-1.000000,1,0.981000,1.711376,44.604000
s6_depth,adaptive,7,50,5,500.000000,200.000000,3.000000,150.000000,250.000000,6.000000,512,10000.000000,200.000000,165,86,337,9,954,18,52.121212,0.878080,0.755123,0.162791,-1.000000,1,0.980508,1.859050,47.218000
s6_depth,adaptive,9,50,5,500.000000,200.000000,3.000000,150.000000,250.000000,6.000000,512,10000.000000,200.000000,163,94,267,25,976,10,57.668712,1.195520,0.969994,0.276596,-1.000000,1,0.984088,1.388687,43.286000
s6_depth,adaptive,10,50,5,500.000000,200.000000,3.000000,150.000000,250.000000,6.000000,512,10000.000000,200.000000,165,92,225,7,1001,3,55.757576,1.212160,0.952139,0.239130,-1.000000,1,0.988922,1.030134,46.234000
s6_depth,adaptive,11,50,5,500.000000,200.000000,3.000000,150.000000,250.000000,6.000000,512,10000.000000,200.000000,165,97,264,33,960,93,58.787879,1.180160,0.808538,0.154639,-1.000000,1,0.980410,1.866857,47.176000
s6_depth,adaptive,12,50,5,500.000000,200.000000,3.000000,150.000000,250.000000,6.000000,512,10000.000000,200.000000,165,93,331,42,957,27,56.363636,1.002240,0.829463,0.204301,-1.000000,1,0.985958,1.343336,47.494000
s6_depth,adaptive,13,50,5,500.000000,200.000000,3.000000,150.000000,250.000000,6.000000,512,10000.000000,200.000000,165,99,255,25,976,43,60.000000,1.221120,0.881714,0.222222,-1.000000,1,0.981733,1.810473,49.100000
s6_depth,adaptive,14,50,5,500.000000,200.000000,3.000000,150.000000,250.000000,6.000000,512,10000.000000,200.000000,165,83,326,21,1055,25,50.303030,0.893440,0.988245,0.325301,-1.000000,1,0.983068,1.516546,44.400000
s6_depth,adaptive,15,50,5,500.000000,200.000000,3.000000,150.000000,250.000000,6.000000,512,10000.000000,200.000000,164,86,209,30,980,40,52.439024,0.974080,0.900716,0.255814,-1.000000,1,0.983234,1.431171,42.320000
s6_depth,adaptive,16,50,5,500.000000,200.000000,3.000000,150.000000,250.000000,6.000000,512,10000.000000,200.000000,165,84,309,11,994,9,50.909091,0.875520,0.872103,0.261905,-1.000000,1,0.985752,1.289270,44.918000
s6_depth,adaptive,17,50,5,500.000000,200.000000,3.000000,150.000000,250.000000,6.000000,512,10000.000000,200.000000,163,77,365,27,983,4,47.239264,0.655360,0.641839,0.129870,-1.000000,1,0.976591,2.190896,46.242000
s6_depth,adaptive,18,50,5,500.000000,200.000000,3.000000,150.000000,250.000000,6.000000,512,10000.000000,200.000000,165,86,351,4,1009,5,52.121212,0.897280,0.902400,0.267442,-1.000000,1,0.981173,1.749341,46.018000
s6_depth,adaptive,19,50,5,500.000000,200.000000,3.000000,150.000000,250.000000,6.000000,512,10000.000000,200.000000,165,70,382,8,978,1,42.424242,0.531200,0.764481,0.257143,-1.000000,1,0.980484,1.914852,48.576000
s6_depth,adaptive,20,50,5,500.000000,200.000000,3.000000,150.000000,250.000000,6.000000,512,10000.000000,200.000000,164,88,326,31,983,19,53.658537,0.938240,0.722946,0.136364,-1.000000,1,0.979643,1.908591,46.396000
s6_depth,vbf,1,50,5,500.000000,200.000000,3.000000,150.000000,250.000000,6.000000,512,10000.000000,200.000000,164,22,72,0,414,0,13.414634,0.476960,3.103583,1.000000,-1.000000,1,0.877541,3.744616,14.292000
s6_depth,vbf,2,50,5,500.000000,200.000000,3.000000,150.000000,250.000000,6.000000,512,10000.000000,200.000000,164,22,52,0,438,0,13.414634,0.476960,3.078364,1.000000,-1.000000,1,0.894496,2.770793,12.400000
s6_depth,vbf,3,50,5,500.000000,200.000000,3.000000,150.000000,250.000000,6.000000,512,10000.000000,200.000000,165,19,83,0,420,0,11.515152,0.411920,3.208900,1.000000,-1.000000,1,0.857473,4.227963,13.694000
s6_depth,vbf,4,50,5,500.000000,200.000000,3.000000,150.000000,250.000000,6.000000,512,10000.000000,200.000000,163,20,66,0,396,0,12.269939,0.433600,2.731691,1.000000,-1.000000,1,0.892089,2.914956,12.736000
s6_depth,vbf,5,50,5,500.000000,200.000000,3.000000,150.000000,250.000000,6.000000,512,10000.000000,200.000000,165,20,59,0,424,0,12.121212,0.433600,3.507588,1.000000,-1.000000,1,0.904181,2.634593,13.056000
s6_depth,vbf,6,50,5,500.000000,200.000000,3.000000,150.000000,250.000000,6.000000,512,10000.000000,200.000000,165,20,74,0,373,0,12.121212,0.433600,3.749412,1.000000,-1.000000,1,0.896968,2.719810,12.482000
s6_depth,vbf,7,50,5,500.000000,200.000000,3.000000,150.000000,250.000000,6.000000,512,10000.000000,200.000000,165,18,60,0,374,0,10.909091,0.390240,2.711256,1.000000,-1.000000,1,0.856536,3.624524,11.656000
s6_depth,vbf,8,50,5,500.000000,200.000000,3.000000,150.000000,250.000000,6.000000,512,10000.000000,200.000000,164,24,55,0,403,0,14.634146,0.520320,3.179544,1.000000,-1.000000,1,0.892788,2.875318,12.650000
s6_depth,vbf,9,50,5,500.000000,200.000000,3.000000,150.000000,250.000000,6.000000,512,10000.000000,200.000000,163,19,70,0,381,0,11.656442,0.411920,3.480162,1.000000,-1.000000,1,0.870033,3.441588,12.320000
s6_depth,vbf,10,50,5,500.000000,200.000000,3.000000,150.000000,250.000000,6.000000,512,10000.000000,200.000000,165,17,69,0,485,0,10.303030,0.368560,3.436447,1.000000,-1.000000,1,0.905450,2.729508,13.718000
s6_depth,vbf,11,50,5,500.000000,200.000000,3.000000,150.000000,250.000000,6.000000,512,10000.000000,200.000000,165,23,70,0,347,0,13.939394,0.498640,2.974764,1.000000,-1.000000,1,0.879618,3.275156,12.732000
s6_depth,vbf,12,50,5,500.000000,200.000000,3.000000,150.000000,250.000000,6.000000,512,10000.000000,200.000000,165,18,79,0,384,0,10.909091,0.390240,3.641161,1.000000,-1.000000,1,0.867558,3.707482,13.004000
s6_depth,vbf,13,50,5,500.000000,200.000000,3.000000,150.000000,250.000000,6.000000,512,10000.000000,200.000000,165,24,67,0,458,0,14.545455,0.520320,4.208842,1.000000,-1.000000,1,0.914886,2.375390,13.334000
s6_depth,vbf,15,50,5,500.000000,200.000000,3.000000,150.000000,250.000000,6.000000,512,10000.000000,200.000000,164,21,69,0,411,0,12.804878,0.455280,2.930255,1.000000,-1.000000,1,0.885509,3.222823,13.220000
s6_depth,vbf,14,50,5,500.000000,200.000000,3.000000,150.000000,250.000000,6.000000,512,10000.000000,200.000000,165,26,65,0,473,0,15.757576,0.563680,4.185257,1.000000,-1.000000,1,0.889344,3.278416,13.946000
s6_depth,vbf,16,50,5,500.000000,200.000000,3.000000,150.000000,250.000000,6.000000,512,10000.000000,200.000000,165,27,60,0,420,0,16.363636,0.585360,3.560180,1.000000,-1.000000,1,0.903191,2.676420,13.120000
s6_depth,vbf,17,50,5,500.000000,200.000000,3.000000,150.000000,250.000000,6.000000,512,10000.000000,200.000000,163,21,73,0,385,0,12.883436,0.455280,3.122481,1.000000,-1.000000,1,0.837553,4.496373,12.616000
s6_depth,vbf,18,50,5,500.000000,200.000000,3.000000,150.000000,250.000000,6.000000,512,10000.000000,200.000000,165,25,50,0,410,0,15.151515,0.542000,3.290101,1.000000,-1.000000,1,0.861560,3.565574,11.920000
s6_depth,vbf,19,50,5,500.000000,200.000000,3.000000,150.000000,250.000000,6.000000,512,10000.000000,200.000000,165,21,75,0,383,0,12.727273,0.455280,3.478173,1.000000,-1.000000,1,0.818773,4.734191,11.760000
s6_depth,vbf,20,50,5,500.000000,200.000000,3.000000,150.000000,250.000000,6.000000,512,10000.000000,200.000000,164,24,64,0,400,0,14.634146,0.520320,3.387363,1.000000,-1.000000,1,0.895104,2.838693,12.782000
s6_depth,hhvbf,1,50,5,500.000000,200.000000,3.000000,150.000000,250.000000,6.000000,512,10000.000000,200.000000,164,23,82,0,406,0,14.024390,0.498640,3.014144,1.000000,-1.000000,1,0.875615,3.687534,13.840000
s6_depth,hhvbf,2,50,5,500.000000,200.000000,3.000000,150.000000,250.000000,6.000000,512,10000.000000,200.000000,164,22,63,0,425,0,13.414634,0.476960,3.485154,1.000000,-1.000000,1,0.900597,2.761101,13.162000
s6_depth,hhvbf,3,50,5,500.000000,200.000000,3.000000,150.000000,250.000000,6.000000,512,10000.000000,200.000000,165,18,72,0,365,0,10.909091,0.390240,2.930723,1.000000,-1.000000,1,0.838177,4.287762,12.082000
s6_depth,hhvbf,4,50,5,500.000000,200.000000,3.000000,150.000000,250.000000,6.000000,512,10000.000000,200.000000,163,17,66,0,405,0,10.429448,0.368560,2.478204,1.000000,-1.000000,1,0.859198,3.667098,12.036000
s6_depth,hhvbf,5,50,5,500.000000,200.000000,3.000000,150.000000,250.000000,6.000000,512,10000.000000,200.000000,165,26,66,0,399,0,15.757576,0.563680,3.456712,1.000000,-1.000000,1,0.922895,2.067921,12.872000
s6_depth,hhvbf,6,50,5,500.000000,200.000000,3.000000,150.000000,250.000000,6.000000,512,10000.000000,200.000000,165,20,70,0,406,0,12.121212,0.433600,4.323893,1.000000,-1.000000,1,0.894738,2.858114,12.822000
s6_depth,hhvbf,7,50,5,500.000000,200.000000,3.000000,150.000000,250.000000,6.000000,512,10000.000000,200.000000,165,16,66,0,367,0,9.696970,0.346880,2.670284,1.000000,-1.000000,1,0.864298,3.486175,11.910000
s6_depth,hhvbf,8,50,5,500.000000,200.000000,3.000000,150.000000,250.000000,6.000000,512,10000.000000,200.000000,164,26,53,0,400,0,15.853659,0.563680,3.420997,1.000000,-1.000000,1,0.884403,3.159075,12.826000
s6_depth,hhvbf,9,50,5,500.000000,200.000000,3.000000,150.000000,250.000000,6.000000,512,10000.000000,200.000000,163,19,73,0,393,0,11.656442,0.411920,3.143491,1.000000,-1.000000,1,0.862066,3.650344,12.252000
s6_depth,hhvbf,10,50,5,500.000000,200.000000,3.000000,150.000000,250.000000,6.000000,512,10000.000000,200.000000,165,20,67,0,475,0,12.121212,0.433600,3.266933,1.000000,-1.000000,1,0.911907,2.471603,13.382000
s6_depth,hhvbf,11,50,5,500.000000,200.000000,3.000000,150.000000,250.000000,6.000000,512,10000.000000,200.000000,165,23,65,0,358,0,13.939394,0.498640,2.943922,1.000000,-1.000000,1,0.865724,3.600453,12.442000
s6_depth,hhvbf,12,50,5,500.000000,200.000000,3.000000,150.000000,250.000000,6.000000,512,10000.000000,200.000000,165,15,63,0,384,0,9.090909,0.325200,2.544459,1.000000,-1.000000,1,0.830788,4.355332,11.680000
s6_depth,hhvbf,13,50,5,500.000000,200.000000,3.000000,150.000000,250.000000,6.000000,512,10000.000000,200.000000,165,21,67,0,429,0,12.727273,0.455280,3.443511,1.000000,-1.000000,1,0.903898,2.534717,12.522000
s6_depth,hhvbf,14,50,5,500.000000,200.000000,3.000000,150.000000,250.000000,6.000000,512,10000.000000,200.000000,165,25,64,0,462,0,15.151515,0.542000,3.988318,1.000000,-1.000000,1,0.906236,2.783694,14.114000
s6_depth,hhvbf,15,50,5,500.000000,200.000000,3.000000,150.000000,250.000000,6.000000,512,10000.000000,200.000000,164,22,80,0,393,0,13.414634,0.476960,3.251162,1.000000,-1.000000,1,0.885593,3.349429,13.750000
s6_depth,hhvbf,16,50,5,500.000000,200.000000,3.000000,150.000000,250.000000,6.000000,512,10000.000000,200.000000,165,19,63,0,440,0,11.515152,0.411920,3.604844,1.000000,-1.000000,1,0.890901,3.027846,13.076000
s6_depth,hhvbf,17,50,5,500.000000,200.000000,3.000000,150.000000,250.000000,6.000000,512,10000.000000,200.000000,163,20,72,0,415,0,12.269939,0.433600,3.259883,1.000000,-1.000000,1,0.847121,4.372863,13.118000
s6_depth,hhvbf,18,50,5,500.000000,200.000000,3.000000,150.000000,250.000000,6.000000,512,10000.000000,200.000000,165,20,60,0,391,0,12.121212,0.433600,3.607595,1.000000,-1.000000,1,0.879116,3.261930,12.624000
s6_depth,hhvbf,19,50,5,500.000000,200.000000,3.000000,150.000000,250.000000,6.000000,512,10000.000000,200.000000,165,20,73,0,385,0,12.121212,0.433600,2.852399,1.000000,-1.000000,1,0.818019,4.889750,12.090000
s6_depth,dbr,1,50,5,500.000000,200.000000,3.000000,150.000000,250.000000,6.000000,512,10000.000000,200.000000,164,11,124,0,207,0,6.707317,0.020680,7.522848,1.000000,-1.000000,1,0.864531,3.626350,12.412000
s6_depth,hhvbf,20,50,5,500.000000,200.000000,3.000000,150.000000,250.000000,6.000000,512,10000.000000,200.000000,164,23,62,0,383,0,14.024390,0.498640,3.186231,1.000000,-1.000000,1,0.888481,2.830672,11.942000
s6_depth,dbr,2,50,5,500.000000,200.000000,3.000000,150.000000,250.000000,6.000000,512,10000.000000,200.000000,164,8,104,0,206,0,4.878049,0.015040,11.766322,0.375000,-1.000000,1,0.901053,2.624936,12.574000
s6_depth,dbr,3,50,5,500.000000,200.000000,3.000000,150.000000,250.000000,6.000000,512,10000.000000,200.000000,165,7,135,0,209,0,4.242424,0.013160,12.428688,0.714286,-1.000000,1,0.814435,5.338773,12.914000
s6_depth,dbr,4,50,5,500.000000,200.000000,3.000000,150.000000,250.000000,6.000000,512,10000.000000,200.000000,163,12,117,0,205,0,7.361963,0.022560,8.598688,1.250000,-1.000000,1,0.872083,3.584590,13.054000
s6_depth,dbr,5,50,5,500.000000,200.000000,3.000000,150.000000,250.000000,6.000000,512,10000.000000,200.000000,165,7,92,0,208,0,4.242424,0.013160,9.102585,0.571429,-1.000000,1,0.882290,3.261610,12.988000
s6_depth,dbr,6,50,5,500.000000,200.000000,3.000000,150.000000,250.000000,6.000000,512,10000.000000,200.000000,165,8,128,0,211,0,4.848485,0.015040,6.312799,0.625000,-1.000000,1,0.849777,3.944303,12.062000
s6_depth,dbr,7,50,5,500.000000,200.000000,3.000000,150.000000,250.000000,6.000000,512,10000.000000,200.000000,165,12,137,0,208,0,7.272727,0.022560,11.061337,1.083333,-1.000000,1,0.860374,4.217696,13.970000
s6_depth,dbr,8,50,5,500.000000,200.000000,3.000000,150.000000,250.000000,6.000000,512,10000.000000,200.000000,164,9,45,0,208,0,5.487805,0.016920,61.809951,0.666667,-1.000000,1,0.861044,3.474908,11.570000
s6_depth,dbr,9,50,5,500.000000,200.000000,3.000000,150.000000,250.000000,6.000000,512,10000.000000,200.000000,163,13,128,0,206,0,7.975460,0.024440,9.118527,0.923077,-1.000000,1,0.836513,4.424128,12.326000
s6_depth,dbr,10,50,5,500.000000,200.000000,3.000000,150.000000,250.000000,6.000000,512,10000.000000,200.000000,165,11,95,0,209,0,6.666667,0.020680,6.869052,1.090909,-1.000000,1,0.881494,3.000923,11.864000
s6_depth,dbr,11,50,5,500.000000,200.000000,3.000000,150.000000,250.000000,6.000000,512,10000.000000,200.000000,165,8,110,0,207,0,4.848485,0.015040,9.292857,0.500000,-1.000000,1,0.875878,3.613731,13.594000
s6_depth,dbr,12,50,5,500.000000,200.000000,3.000000,150.000000,250.000000,6.000000,512,10000.000000,200.000000,165,11,124,0,211,0,6.666667,0.020680,10.366499,0.909091,-1.000000,1,0.863724,4.065008,13.824000
s6_depth,dbr,14,50,5,500.000000,200.000000,3.000000,150.000000,250.000000,6.000000,512,10000.000000,200.000000,165,3,54,0,209,0,1.818182,0.005640,12.569360,0.000000,-1.000000,1,0.805968,4.339945,9.982000
s6_depth,dbr,13,50,5,500.000000,200.000000,3.000000,150.000000,250.000000,6.000000,512,10000.000000,200.000000,165,10,91,0,209,0,6.060606,0.018800,7.731221,1.100000,-1.000000,1,0.884868,2.868362,11.696000
s6_depth,dbr,15,50,5,500.000000,200.000000,3.000000,150.000000,250.000000,6.000000,512,10000.000000,200.000000,164,12,129,0,207,0,7.317073,0.022560,7.267690,1.000000,-1.000000,1,0.855507,3.886031,12.400000
s6_depth,dbr,16,50,5,500.000000,200.000000,3.000000,150.000000,250.000000,6.000000,512,10000.000000,200.000000,165,8,117,0,210,0,4.848485,0.015040,18.412565,0.750000,-1.000000,1,0.838331,4.296014,12.118000
s6_depth,dbr,17,50,5,500.000000,200.000000,3.000000,150.000000,250.000000,6.000000,512,10000.000000,200.000000,163,10,133,0,210,0,6.134969,0.018800,16.221057,0.900000,-1.000000,1,0.847764,3.945865,11.892000
s6_depth,dbr,18,50,5,500.000000,200.000000,3.000000,150.000000,250.000000,6.000000,512,10000.000000,200.000000,165,11,122,0,210,0,6.666667,0.020680,20.964350,0.909091,-1.000000,1,0.852218,3.837585,11.948000
s6_depth,dbr,19,50,5,500.000000,200.000000,3.000000,150.000000,250.000000,6.000000,512,10000.000000,200.000000,165,9,121,0,208,0,5.454545,0.016920,18.829494,0.555556,-1.000000,1,0.724122,7.824528,11.912000
s6_depth,dbr,20,50,5,500.000000,200.000000,3.000000,150.000000,250.000000,6.000000,512,10000.000000,200.000000,164,6,123,0,210,0,3.658537,0.011280,12.141693,0.333333,-1.000000,1,0.859426,4.008573,13.180000
s6_depth,adaptive,1,50,5,500.000000,300.000000,3.000000,150.000000,250.000000,6.000000,512,10000.000000,200.000000,164,96,291,13,1002,47,58.536585,1.140480,0.883727,0.229167,-1.000000,1,0.973786,2.383331,44.856000
s6_depth,adaptive,2,50,5,500.000000,300.000000,3.000000,150.000000,250.000000,6.000000,512,10000.000000,200.000000,164,83,309,8,978,12,50.609756,0.797440,0.820059,0.228916,-1.000000,1,0.984530,1.453783,46.622000
s6_depth,adaptive,3,50,5,500.000000,300.000000,3.000000,150.000000,250.000000,6.000000,512,10000.000000,200.000000,165,90,251,19,1004,27,54.545455,1.094400,0.843240,0.200000,-1.000000,1,0.973357,2.311680,42.796000
s6_depth,adaptive,5,50,5,500.000000,300.000000,3.000000,150.000000,250.000000,6.000000,512,10000.000000,200.000000,165,88,265,19,993,22,53.333333,1.053440,0.978730,0.295455,-1.000000,1,0.977072,2.038194,43.932000
s6_depth,adaptive,4,50,5,500.000000,300.000000,3.000000,150.000000,250.000000,6.000000,512,10000.000000,200.000000,163,84,325,24,972,13,51.533742,0.837120,0.784243,0.226190,-1.000000,1,0.982941,1.630895,47.390000
s6_depth,adaptive,6,50,5,500.000000,300.000000,3.000000,150.000000,250.000000,6.000000,512,10000.000000,200.000000,165,81,288,5,1006,12,49.090909,0.929280,0.838236,0.185185,-1.000000,1,0.971745,2.524461,44.032000
s6_depth,adaptive,7,50,5,500.000000,300.000000,3.000000,150.000000,250.000000,6.000000,512,10000.000000,200.000000,165,85,286,14,975,21,51.515152,0.857600,0.820515,0.211765,-1.000000,1,0.979922,1.890728,46.608000
s6_depth,adaptive,9,50,5,500.000000,300.000000,3.000000,150.000000,250.000000,6.000000,512,10000.000000,200.000000,163,97,246,39,1006,12,59.509202,1.276160,0.942040,0.226804,-1.000000,1,0.978192,1.863963,42.264000
s6_depth,adaptive,8,50,5,500.000000,300.000000,3.000000,150.000000,250.000000,6.000000,512,10000.000000,200.000000,164,65,257,31,1022,38,39.634146,0.544000,0.815948,0.246154,-1.000000,1,0.979938,1.797884,44.354000
s6_depth,adaptive,10,50,5,500.000000,300.000000,3.000000,150.000000,250.000000,6.000000,512,10000.000000,200.000000,165,88,222,60,1008,4,53.333333,1.168640,0.986348,0.250000,-1.000000,1,0.987438,1.072628,42.422000
s6_depth,adaptive,12,50,5,500.000000,300.000000,3.000000,150.000000,250.000000,6.000000,512,10000.000000,200.000000,165,85,328,31,989,53,51.515152,0.876800,0.736314,0.152941,-1.000000,1,0.982914,1.591695,46.178000
s6_depth,adaptive,11,50,5,500.000000,300.000000,3.000000,150.000000,250.000000,6.000000,512,10000.000000,200.000000,165,99,234,24,982,77,60.000000,1.240320,0.868413,0.181818,-1.000000,1,0.980604,1.762462,44.988000
s6_depth,adaptive,15,50,5,500.000000,300.000000,3.000000,150.000000,250.000000,6.000000,512,10000.000000,200.000000,164,79,220,29,993,47,48.170732,0.849920,0.777346,0.164557,-1.000000,1,0.986097,1.138186,40.646000
s6_depth,adaptive,13,50,5,500.000000,300.000000,3.000000,150.000000,250.000000,6.000000,512,10000.000000,200.000000,165,94,234,18,1009,29,56.969697,1.253120,0.907100,0.202128,-1.000000,1,0.978809,2.002313,46.738000
s6_depth,adaptive,14,50,5,500.000000,300.000000,3.000000,150.000000,250.000000,6.000000,512,10000.000000,200.000000,165,84,301,20,1072,46,50.909091,1.029120,1.070906,0.333333,-1.000000,1,0.981645,1.614082,43.562000
s6_depth,adaptive,16,50,5,500.000000,300.000000,3.000000,150.000000,250.000000,6.000000,512,10000.000000,200.000000,165,88,326,11,1018,19,53.333333,0.938240,0.905331,0.261364,-1.000000,1,0.981813,1.612344,43.920000
s6_depth,adaptive,17,50,5,500.000000,300.000000,3.000000,150.000000,250.000000,6.000000,512,10000.000000,200.000000,163,78,307,50,1007,15,47.852761,0.714240,0.884539,0.294872,-1.000000,1,0.977692,1.941700,43.030000
s6_depth,adaptive,18,50,5,500.000000,300.000000,3.000000,150.000000,250.000000,6.000000,512,10000.000000,200.000000,165,68,330,0,1031,0,41.212121,0.624640,0.932898,0.338235,-1.000000,1,0.976114,2.170089,44.876000
s6_depth,vbf,1,50,5,500.000000,300.000000,3.000000,150.000000,250.000000,6.000000,512,10000.000000,200.000000,164,19,70,0,377,0,11.585366,0.411920,3.012848,1.000000,-1.000000,1,0.860748,3.936291,13.076000
s6_depth,adaptive,19,50,5,500.000000,300.000000,3.000000,150.000000,250.000000,6.000000,512,10000.000000,200.000000,165,72,359,4,1009,2,43.636364,0.648960,0.822629,0.250000,-1.000000,1,0.976040,2.317147,47.768000
s6_depth,adaptive,20,50,5,500.000000,300.000000,3.000000,150.000000,250.000000,6.000000,512,10000.000000,200.000000,164,85,293,31,995,1,51.829268,0.934400,0.700745,0.094118,-1.000000,1,0.976532,2.187906,46.062000
s6_depth,vbf,3,50,5,500.000000,300.000000,3.000000,150.000000,250.000000,6.000000,512,10000.000000,200.000000,165,21,66,0,381,0,12.727273,0.455280,3.681414,1.000000,-1.000000,1,0.838115,4.400348,12.394000
s6_depth,vbf,2,50,5,500.000000,300.000000,3.000000,150.000000,250.000000,6.000000,512,10000.000000,200.000000,164,26,50,0,356,0,15.853659,0.563680,3.719896,1.000000,-1.000000,1,0.904211,2.431187,12.052000
s6_depth,vbf,4,50,5,500.000000,300.000000,3.000000,150.000000,250.000000,6.000000,512,10000.000000,200.000000,163,20,55,0,381,0,12.269939,0.433600,3.066892,1.000000,-1.000000,1,0.865517,3.610510,12.456000
s6_depth,vbf,5,50,5,500.000000,300.000000,3.000000,150.000000,250.000000,6.000000,512,10000.000000,200.000000,165,23,52,0,408,0,13.939394,0.498640,3.688213,1.000000,-1.000000,1,0.911510,2.304056,12.416000
s6_depth,vbf,7,50,5,500.000000,300.000000,3.000000,150.000000,250.000000,6.000000,512,10000.000000,200.000000,165,18,59,0,340,0,10.909091,0.390240,3.095519,1.000000,-1.000000,1,0.840760,3.736731,10.718000
s6_depth,vbf,6,50,5,500.000000,300.000000,3.000000,150.000000,250.000000,6.000000,512,10000.000000,200.000000,165,19,73,0,416,0,11.515152,0.411920,3.049125,1.000000,-1.000000,1,0.888000,3.045168,12.788000
s6_depth,vbf,8,50,5,500.000000,300.000000,3.000000,150.000000,250.000000,6.000000,512,10000.000000,200.000000,164,20,34,0,399,0,12.195122,0.433600,4.075642,1.000000,-1.000000,1,0.852873,4.086198,12.784000
s6_depth,vbf,10,50,5,500.000000,300.000000,3.000000,150.000000,250.000000,6.000000,512,10000.000000,200.000000,165,27,78,0,469,0,16.363636,0.585360,3.789104,1.000000,-1.000000,1,0.930382,1.951734,13.512000
s6_depth,vbf,9,50,5,500.000000,300.000000,3.000000,150.000000,250.000000,6.000000,512,10000.000000,200.000000,163,22,81,0,399,0,13.496933,0.476960,3.376458,1.000000,-1.000000,1,0.850293,4.232423,12.992000
s6_depth,vbf,13,50,5,500.000000,300.000000,3.000000,150.000000,250.000000,6.000000,512,10000.000000,200.000000,165,16,75,0,452,0,9.696970,0.346880,3.647381,1.000000,-1.000000,1,0.909964,2.559563,13.544000
s6_depth,vbf,12,50,5,500.000000,300.000000,3.000000,150.000000,250.000000,6.000000,512,10000.000000,200.000000,165,19,73,0,334,0,11.515152,0.411920,2.899946,1.000000,-1.000000,1,0.861028,3.579874,11.918000
s6_depth,vbf,11,50,5,500.000000,300.000000,3.000000,150.000000,250.000000,6.000000,512,10000.000000,200.000000,165,22,59,0,352,0,13.333333,0.476960,2.843181,1.000000,-1.000000,1,0.851639,3.890800,12.062000
s6_depth,vbf,15,50,5,500.000000,300.000000,3.000000,150.000000,250.000000,6.000000,512,10000.000000,200.000000,164,20,86,0,360,0,12.195122,0.433600,3.048273,1.000000,-1.000000,1,0.865384,3.942269,13.586000
s6_depth,vbf,16,50,5,500.000000,300.000000,3.000000,150.000000,250.000000,6.000000,512,10000.000000,200.000000,165,27,67,0,430,0,16.363636,0.585360,3.838152,1.000000,-1.000000,1,0.882984,3.277949,13.136000
s6_depth,vbf,14,50,5,500.000000,300.000000,3.000000,150.000000,250.000000,6.000000,512,10000.000000,200.000000,165,23,75,0,439,0,13.939394,0.498640,3.695570,1.000000,-1.000000,1,0.864328,3.909674,13.360000
s6_depth,vbf,18,50,5,500.000000,300.000000,3.000000,150.000000,250.000000,6.000000,512,10000.000000,200.000000,165,22,61,0,420,0,13.333333,0.476960,3.863669,1.000000,-1.000000,1,0.858117,3.873504,12.608000
s6_depth,vbf,17,50,5,500.000000,300.000000,3.000000,150.000000,250.000000,6.000000,512,10000.000000,200.000000,163,22,72,0,390,0,13.496933,0.476960,2.913630,1.000000,-1.000000,1,0.806574,5.697082,13.150000
s6_depth,vbf,19,50,5,500.000000,300.000000,3.000000,150.000000,250.000000,6.000000,512,10000.000000,200.000000,165,17,64,0,366,0,10.303030,0.368560,2.800077,1.000000,-1.000000,1,0.799839,5.003179,11.108000
s6_depth,hhvbf,2,50,5,500.000000,300.000000,3.000000,150.000000,250.000000,6.000000,512,10000.000000,200.000000,164,23,58,0,354,0,14.024390,0.498640,3.163557,1.000000,-1.000000,1,0.886785,2.885804,11.980000
s6_depth,vbf,20,50,5,500.000000,300.000000,3.000000,150.000000,250.000000,6.000000,512,10000.000000,200.000000,164,19,76,0,384,0,11.585366,0.411920,3.513413,1.000000,-1.000000,1,0.871592,3.424069,12.418000
s6_depth,hhvbf,1,50,5,500.000000,300.000000,3.000000,150.000000,250.000000,6.000000,512,10000.000000,200.000000,164,22,75,0,375,0,13.414634,0.476960,3.044066,1.000000,-1.000000,1,0.865677,3.912151,13.514000
s6_depth,hhvbf,3,50,5,500.000000,300.000000,3.000000,150.000000,250.000000,6.000000,512,10000.000000,200.000000,165,19,67,0,358,0,11.515152,0.411920,2.811561,1.000000,-1.000000,1,0.841276,4.164567,11.988000
s6_depth,hhvbf,4,50,5,500.000000,300.000000,3.000000,150.000000,250.000000,6.000000,512,10000.000000,200.000000,163,20,51,0,385,0,12.269939,0.433600,2.973265,1.000000,-1.000000,1,0.856817,3.857581,12.432000
s6_depth,hhvbf,5,50,5,500.000000,300.000000,3.000000,150.000000,250.000000,6.000000,512,10000.000000,200.000000,165,26,73,0,406,0,15.757576,0.563680,4.028058,1.000000,-1.000000,1,0.909609,2.547766,13.426000
s6_depth,hhvbf,8,50,5,500.000000,300.000000,3.000000,150.000000,250.000000,6.000000,512,10000.000000,200.000000,164,26,41,0,428,0,15.853659,0.563680,3.595557,1.000000,-1.000000,1,0.867690,3.693806,12.970000
s6_depth,hhvbf,7,50,5,500.000000,300.000000,3.000000,150.000000,250.000000,6.000000,512,10000.000000,200.000000,165,21,56,0,342,0,12.727273,0.455280,3.480512,1.000000,-1.000000,1,0.844394,3.685737,10.844000
s6_depth,hhvbf,6,50,5,500.000000,300.000000,3.000000,150.000000,250.000000,6.000000,512,10000.000000,200.000000,165,23,68,0,412,0,13.939394,0.498640,3.572769,1.000000,-1.000000,1,0.891624,2.963288,12.888000
s6_depth,hhvbf,11,50,5,500.000000,300.000000,3.000000,150.000000,250.000000,6.000000,512,10000.000000,200.000000,165,22,59,0,340,0,13.333333,0.476960,2.982539,1.000000,-1.000000,1,0.860051,3.570299,11.796000
s6_depth,hhvbf,9,50,5,500.000000,300.000000,3.000000,150.000000,250.000000,6.000000,512,10000.000000,200.000000,163,20,79,0,406,0,12.269939,0.433600,3.578239,1.000000,-1.000000,1,0.855160,4.150741,13.210000
s6_depth,hhvbf,10,50,5,500.000000,300.000000,3.000000,150.000000,250.000000,6.000000,512,10000.000000,200.000000,165,26,77,0,480,0,15.757576,0.563680,3.517829,1.000000,-1.000000,1,0.901384,2.814949,13.532000
s6_depth,hhvbf,14,50,5,500.000000,300.000000,3.000000,150.000000,250.000000,6.000000,512,10000.000000,200.000000,165,22,66,0,443,0,13.333333,0.476960,3.828504,1.000000,-1.000000,1,0.854860,4.105952,13.038000
s6_depth,hhvbf,12,50,5,500.000000,300.000000,3.000000,150.000000,250.000000,6.000000,512,10000.000000,200.000000,165,16,84,0,336,0,9.696970,0.346880,2.826822,1.000000,-1.000000,1,0.866230,3.573650,12.400000
s6_depth,hhvbf,13,50,5,500.000000,300.000000,3.000000,150.000000,250.000000,6.000000,512,10000.000000,200.000000,165,18,88,0,480,0,10.909091,0.390240,3.367657,1.000000,-1.000000,1,0.887916,3.253037,13.650000
s6_depth,hhvbf,15,50,5,500.000000,300.000000,3.000000,150.000000,250.000000,6.000000,512,10000.000000,200.000000,164,21,81,0,369,0,12.804878,0.455280,2.715960,1.000000,-1.000000,1,0.859157,3.985247,13.076000
s6_depth,hhvbf,16,50,5,500.000000,300.000000,3.000000,150.000000,250.000000,6.000000,512,10000.000000,200.000000,165,24,63,0,428,0,14.545455,0.520320,3.555881,1.000000,-1.000000,1,0.891273,2.969328,12.870000
s6_depth,hhvbf,17,50,5,500.000000,300.000000,3.000000,150.000000,250.000000,6.000000,512,10000.000000,200.000000,163,21,49,0,394,0,12.883436,0.455280,3.370685,1.000000,-1.000000,1,0.810557,5.215908,12.326000
s6_depth,hhvbf,19,50,5,500.000000,300.000000,3.000000,150.000000,250.000000,6.000000,512,10000.000000,200.000000,165,19,64,0,373,0,11.515152,0.411920,2.926258,1.000000,-1.000000,1,0.812022,4.870903,11.612000
s6_depth,hhvbf,20,50,5,500.000000,300.000000,3.000000,150.000000,250.000000,6.000000,512,10000.000000,200.000000,164,19,86,0,352,0,11.585366,0.411920,3.554853,1.000000,-1.000000,1,0.859259,3.641022,11.956000
s6_depth,hhvbf,18,50,5,500.000000,300.000000,3.000000,150.000000,250.000000,6.000000,512,10000.000000,200.000000,165,24,62,0,410,0,14.545455,0.520320,4.077649,1.000000,-1.000000,1,0.841202,4.298081,12.366000
s6_depth,dbr,1,50,5,500.000000,300.000000,3.000000,150.000000,250.000000,6.000000,512,10000.000000,200.000000,164,13,114,0,211,0,7.926829,0.024440,9.463201,0.769231,-1.000000,1,0.854839,3.819980,12.128000
s6_depth,dbr,3,50,5,500.000000,300.000000,3.000000,150.000000,250.000000,6.000000,512,10000.000000,200.000000,165,14,115,0,207,0,8.484848,0.026320,19.259133,1.071429,-1.000000,1,0.786748,5.888192,12.158000
s6_depth,dbr,2,50,5,500.000000,300.000000,3.000000,150.000000,250.000000,6.000000,512,10000.000000,200.000000,164,8,101,0,210,0,4.878049,0.015040,16.115546,0.375000,-1.000000,1,0.891394,2.759803,11.976000
s6_depth,dbr,4,50,5,500.000000,300.000000,3.000000,150.000000,250.000000,6.000000,512,10000.000000,200.000000,163,9,103,0,206,0,5.521472,0.016920,19.351875,1.111111,-1.000000,1,0.851302,4.065387,12.572000
s6_depth,dbr,6,50,5,500.000000,300.000000,3.000000,150.000000,250.000000,6.000000,512,10000.000000,200.000000,165,11,117,0,210,0,6.666667,0.020680,8.084420,0.636364,-1.000000,1,0.849983,3.655614,11.196000
s6_depth,dbr,5,50,5,500.000000,300.000000,3.000000,150.000000,250.000000,6.000000,512,10000.000000,200.000000,165,7,52,0,210,0,4.242424,0.013160,17.277832,0.571429,-1.000000,1,0.853481,3.863466,12.142000
s6_depth,dbr,7,50,5,500.000000,300.000000,3.000000,150.000000,250.000000,6.000000,512,10000.000000,200.000000,165,12,124,0,210,0,7.272727,0.022560,21.025441,1.166667,-1.000000,1,0.846620,4.513725,13.492000
s6_depth,dbr,8,50,5,500.000000,300.000000,3.000000,150.000000,250.000000,6.000000,512,10000.000000,200.000000,164,14,40,0,209,0,8.536585,0.026320,11.225059,1.071429,-1.000000,1,0.840086,3.872579,11.056000
s6_depth,dbr,9,50,5,500.000000,300.000000,3.000000,150.000000,250.000000,6.000000,512,10000.000000,200.000000,163,7,111,0,208,0,4.294479,0.013160,16.334974,0.571429,-1.000000,1,0.821102,4.596230,11.584000
s6_depth,dbr,10,50,5,500.000000,300.000000,3.000000,150.000000,250.000000,6.000000,512,10000.000000,200.000000,165,9,85,0,211,0,5.454545,0.016920,12.515124,1.333333,-1.000000,1,0.844842,3.643585,10.754000
s6_depth,dbr,11,50,5,500.000000,300.000000,3.000000,150.000000,250.000000,6.000000,512,10000.000000,200.000000,165,12,101,0,212,0,7.272727,0.022560,7.283170,1.000000,-1.000000,1,0.867493,3.672942,12.876000
s6_depth,dbr,12,50,5,500.000000,300.000000,3.000000,150.000000,250.000000,6.000000,512,10000.000000,200.000000,165,12,113,0,211,0,7.272727,0.022560,14.573396,1.416667,-1.000000,1,0.840009,4.553107,12.992000
s6_depth,dbr,13,50,5,500.000000,300.000000,3.000000,150.000000,250.000000,6.000000,512,10000.000000,200.000000,165,9,88,0,212,0,5.454545,0.016920,8.790079,1.222222,-1.000000,1,0.868060,3.092613,10.892000
s6_depth,dbr,14,50,5,500.000000,300.000000,3.000000,150.000000,250.000000,6.000000,512,10000.000000,200.000000,165,9,49,0,211,0,5.454545,0.016920,21.323018,0.777778,-1.000000,1,0.803177,4.242929,9.602000
s6_depth,dbr,15,50,5,500.000000,300.000000,3.000000,150.000000,250.000000,6.000000,512,10000.000000,200.000000,164,13,133,0,209,0,7.926829,0.024440,6.858882,1.153846,-1.000000,1,0.828087,4.454000,11.736000
s6_depth,dbr,16,50,5,500.000000,300.000000,3.000000,150.000000,250.000000,6.000000,512,10000.000000,200.000000,165,15,85,0,212,0,9.090909,0.028200,26.997982,1.266667,-1.000000,1,0.801038,5.226733,11.684000
s6_depth,dbr,17,50,5,500.000000,300.000000,3.000000,150.000000,250.000000,6.000000,512,10000.000000,200.000000,163,13,122,0,210,0,7.975460,0.024440,19.551306,0.846154,-1.000000,1,0.818882,4.262731,10.596000
s6_depth,dbr,18,50,5,500.000000,300.000000,3.000000,150.000000,250.000000,6.000000,512,10000.000000,200.000000,165,15,80,0,211,0,9.090909,0.028200,15.951753,1.133333,-1.000000,1,0.814611,4.493919,10.882000
s6_depth,dbr,19,50,5,500.000000,300.000000,3.000000,150.000000,250.000000,6.000000,512,10000.000000,200.000000,165,10,95,0,210,0,6.060606,0.018800,26.819759,0.800000,-1.000000,1,0.700035,8.195240,11.250000
s6_depth,dbr,20,50,5,500.000000,300.000000,3.000000,150.000000,250.000000,6.000000,512,10000.000000,200.000000,164,9,119,0,213,0,5.487805,0.016920,11.614122,1.000000,-1.000000,1,0.844598,4.210572,12.406000
s6_depth,adaptive,1,50,5,500.000000,500.000000,3.000000,150.000000,250.000000,6.000000,512,10000.000000,200.000000,164,96,187,9,1052,66,58.536585,1.390080,1.058349,0.260417,-1.000000,1,0.964606,2.933230,40.690000
s6_depth,adaptive,3,50,5,500.000000,500.000000,3.000000,150.000000,250.000000,6.000000,512,10000.000000,200.000000,165,87,210,12,1048,41,52.727273,1.186560,1.135258,0.356322,-1.000000,1,0.964027,2.673828,36.484000
s6_depth,adaptive,2,50,5,500.000000,500.000000,3.000000,150.000000,250.000000,6.000000,512,10000.000000,200.000000,164,76,255,23,1037,19,46.341463,0.730880,0.874030,0.250000,-1.000000,1,0.983736,1.370019,41.772000
s6_depth,adaptive,4,50,5,500.000000,500.000000,3.000000,150.000000,250.000000,6.000000,512,10000.000000,200.000000,163,68,219,16,1034,45,41.717791,0.739840,0.842252,0.235294,-1.000000,1,0.973185,2.227954,40.978000
s6_depth,adaptive,6,50,5,500.000000,500.000000,3.000000,150.000000,250.000000,6.000000,512,10000.000000,200.000000,165,78,224,2,1077,25,47.272727,1.098240,1.332189,0.487179,-1.000000,1,0.967565,2.552321,38.696000
s6_depth,adaptive,5,50,5,500.000000,500.000000,3.000000,150.000000,250.000000,6.000000,512,10000.000000,200.000000,165,70,189,14,1064,58,42.424242,0.915200,1.387078,0.571429,-1.000000,1,0.960863,3.034318,37.992000
s6_depth,adaptive,8,50,5,500.000000,500.000000,3.000000,150.000000,250.000000,6.000000,512,10000.000000,200.000000,164,71,245,17,1085,64,43.292683,0.743680,1.217965,0.521127,-1.000000,1,0.976112,1.927666,39.860000
s6_depth,adaptive,7,50,5,500.000000,500.000000,3.000000,150.000000,250.000000,6.000000,512,10000.000000,200.000000,165,67,168,10,1009,33,40.606061,0.853760,1.403938,0.582090,-1.000000,1,0.969652,2.505887,40.650000
s6_depth,adaptive,9,50,5,500.000000,500.000000,3.000000,150.000000,250.000000,6.000000,512,10000.000000,200.000000,163,78,185,32,1094,26,47.852761,1.117440,1.535489,0.653846,-1.000000,1,0.977536,1.736960,38.222000
s6_depth,adaptive,11,50,5,500.000000,500.000000,3.000000,150.000000,250.000000,6.000000,512,10000.000000,200.000000,165,104,155,41,1023,101,63.030303,1.419520,1.108187,0.346154,-1.000000,1,0.966304,2.765590,40.334000
s6_depth,adaptive,10,50,5,500.000000,500.000000,3.000000,150.000000,250.000000,6.000000,512,10000.000000,200.000000,165,87,200,28,1104,28,52.727273,1.167360,1.441035,0.586207,-1.000000,1,0.979593,1.611448,39.076000
s6_depth,adaptive,12,50,5,500.000000,500.000000,3.000000,150.000000,250.000000,6.000000,512,10000.000000,200.000000,165,94,271,22,1048,69,56.969697,1.099520,1.073892,0.351064,-1.000000,1,0.974161,2.191525,41.852000
s6_depth,adaptive,13,50,5,500.000000,500.000000,3.000000,150.000000,250.000000,6.000000,512,10000.000000,200.000000,165,89,187,26,1067,21,53.939394,1.361920,1.349852,0.494382,-1.000000,1,0.969511,2.498554,40.340000
s6_depth,adaptive,14,50,5,500.000000,500.000000,3.000000,150.000000,250.000000,6.000000,512,10000.000000,200.000000,165,54,209,16,1098,44,32.727273,0.606720,1.550932,0.703704,-1.000000,1,0.975416,1.924851,38.662000
s6_depth,adaptive,15,50,5,500.000000,500.000000,3.000000,150.000000,250.000000,6.000000,512,10000.000000,200.000000,164,85,189,25,1047,55,51.829268,1.049600,0.919942,0.223529,-1.000000,1,0.972732,2.020436,36.536000
s6_depth,adaptive,16,50,5,500.000000,500.000000,3.000000,150.000000,250.000000,6.000000,512,10000.000000,200.000000,165,68,253,2,1078,19,41.212121,0.778240,1.332825,0.544118,-1.000000,1,0.977361,1.802531,39.354000
s6_depth,adaptive,17,50,5,500.000000,500.000000,3.000000,150.000000,250.000000,6.000000,512,10000.000000,200.000000,163,75,224,42,1076,32,46.012270,0.787200,1.048592,0.386667,-1.000000,1,0.966651,2.634860,38.834000
s6_depth,adaptive,18,50,5,500.000000,500.000000,3.000000,150.000000,250.000000,6.000000,512,10000.000000,200.000000,165,79,236,0,1091,3,47.878788,1.061120,1.414603,0.569620,-1.000000,1,0.966401,2.678324,39.176000
s6_depth,adaptive,19,50,5,500.000000,500.000000,3.000000,150.000000,250.000000,6.000000,512,10000.000000,200.000000,165,66,292,1,1084,16,40.000000,0.814080,1.313306,0.515152,-1.000000,1,0.967366,2.767297,41.696000
s6_depth,vbf,1,50,5,500.000000,500.000000,3.000000,150.000000,250.000000,6.000000,512,10000.000000,200.000000,164,17,94,0,404,0,10.365854,0.368560,3.087907,1.000000,-1.000000,1,0.836261,4.595606,12.782000
s6_depth,adaptive,20,50,5,500.000000,500.000000,3.000000,150.000000,250.000000,6.000000,512,10000.000000,200.000000,164,66,161,29,1037,38,40.243902,0.910080,1.122282,0.348485,-1.000000,1,0.962816,3.048727,40.218000
s6_depth,vbf,2,50,5,500.000000,500.000000,3.000000,150.000000,250.000000,6.000000,512,10000.000000,200.000000,164,20,55,0,396,0,12.195122,0.433600,3.022361,1.000000,-1.000000,1,0.846429,3.995954,11.928000
s6_depth,vbf,3,50,5,500.000000,500.000000,3.000000,150.000000,250.000000,6.000000,512,10000.000000,200.000000,165,22,57,0,393,0,13.333333,0.476960,3.997583,1.000000,-1.000000,1,0.812070,4.956732,11.820000
s6_depth,vbf,4,50,5,500.000000,500.000000,3.000000,150.000000,250.000000,6.000000,512,10000.000000,200.000000,163,21,87,0,386,0,12.883436,0.455280,3.332326,1.000000,-1.000000,1,0.829574,4.688532,12.474000
s6_depth,vbf,5,50,5,500.000000,500.000000,3.000000,150.000000,250.000000,6.000000,512,10000.000000,200.000000,165,20,54,0,450,0,12.121212,0.433600,4.374599,1.000000,-1.000000,1,0.869015,3.497742,12.416000
s6_depth,vbf,6,50,5,500.000000,500.000000,3.000000,150.000000,250.000000,6.000000,512,10000.000000,200.000000,165,18,59,0,424,0,10.909091,0.390240,3.921455,1.000000,-1.000000,1,0.867975,3.472660,12.222000
s6_depth,vbf,7,50,5,500.000000,500.000000,3.000000,150.000000,250.000000,6.000000,512,10000.000000,200.000000,165,18,59,0,381,0,10.909091,0.390240,3.665612,1.000000,-1.000000,1,0.866431,3.513735,12.212000
s6_depth,vbf,8,50,5,500.000000,500.000000,3.000000,150.000000,250.000000,6.000000,512,10000.000000,200.000000,164,20,50,0,445,0,12.195122,0.433600,4.015685,1.000000,-1.000000,1,0.843711,4.355876,12.754000
s6_depth,vbf,9,50,5,500.000000,500.000000,3.000000,150.000000,250.000000,6.000000,512,10000.000000,200.000000,163,16,94,0,445,0,9.815951,0.346880,3.889611,1.000000,-1.000000,1,0.790837,6.091075,12.860000
s6_depth,vbf,10,50,5,500.000000,500.000000,3.000000,150.000000,250.000000,6.000000,512,10000.000000,200.000000,165,21,81,0,499,0,12.727273,0.455280,3.833563,1.000000,-1.000000,1,0.903291,2.687332,13.188000
s6_depth,vbf,11,50,5,500.000000,500.000000,3.000000,150.000000,250.000000,6.000000,512,10000.000000,200.000000,165,16,72,0,339,0,9.696970,0.346880,2.801754,1.000000,-1.000000,1,0.815092,4.714690,11.450000
s6_depth,vbf,12,50,5,500.000000,500.000000,3.000000,150.000000,250.000000,6.000000,512,10000.000000,200.000000,165,24,86,0,388,0,14.545455,0.520320,3.717986,1.000000,-1.000000,1,0.849172,4.192292,12.764000
s6_depth,vbf,13,50,5,500.000000,500.000000,3.000000,150.000000,250.000000,6.000000,512,10000.000000,200.000000,165,17,98,0,480,0,10.303030,0.368560,3.244359,1.000000,-1.000000,1,0.856224,4.192292,13.450000
s6_depth,vbf,14,50,5,500.000000,500.000000,3.000000,150.000000,250.000000,6.000000,512,10000.000000,200.000000,165,18,65,0,487,0,10.909091,0.390240,4.598328,1.000000,-1.000000,1,0.827467,5.066325,13.296000
s6_depth,vbf,15,50,5,500.000000,500.000000,3.000000,150.000000,250.000000,6.000000,512,10000.000000,200.000000,164,21,81,0,367,0,12.804878,0.455280,2.994383,1.000000,-1.000000,1,0.816157,4.966455,12.140000
s6_depth,vbf,17,50,5,500.000000,500.000000,3.000000,150.000000,250.000000,6.000000,512,10000.000000,200.000000,163,15,68,0,390,0,9.202454,0.325200,3.373824,1.000000,-1.000000,1,0.757148,6.533211,11.592000
s6_depth,vbf,16,50,5,500.000000,500.000000,3.000000,150.000000,250.000000,6.000000,512,10000.000000,200.000000,165,24,75,0,469,0,14.545455,0.520320,4.009975,1.000000,-1.000000,1,0.866935,3.932673,13.724000
s6_depth,vbf,18,50,5,500.000000,500.000000,3.000000,150.000000,250.000000,6.000000,512,10000.000000,200.000000,165,20,77,0,482,0,12.121212,0.433600,4.119651,1.000000,-1.000000,1,0.851808,4.262879,13.232000
s6_depth,vbf,20,50,5,500.000000,500.000000,3.000000,150.000000,250.000000,6.000000,512,10000.000000,200.000000,164,16,86,0,390,0,9.756098,0.346880,3.249040,1.000000,-1.000000,1,0.845447,4.209554,12.478000
s6_depth,vbf,19,50,5,500.000000,500.000000,3.000000,150.000000,250.000000,6.000000,512,10000.000000,200.000000,165,14,63,0,386,0,8.484848,0.303520,4.169751,1.000000,-1.000000,1,0.730295,6.774848,10.602000
s6_depth,hhvbf,2,50,5,500.000000,500.000000,3.000000,150.000000,250.000000,6.000000,512,10000.000000,200.000000,164,21,53,0,379,0,12.804878,0.455280,3.311981,1.000000,-1.000000,1,0.854104,3.763179,11.882000
s6_depth,hhvbf,1,50,5,500.000000,500.000000,3.000000,150.000000,250.000000,6.000000,512,10000.000000,200.000000,164,18,84,0,399,0,10.975610,0.390240,3.258056,1.000000,-1.000000,1,0.840327,4.309540,12.324000
s6_depth,hhvbf,3,50,5,500.000000,500.000000,3.000000,150.000000,250.000000,6.000000,512,10000.000000,200.000000,165,20,64,0,410,0,12.121212,0.433600,3.680788,1.000000,-1.000000,1,0.829240,4.517946,11.994000
s6_depth,hhvbf,5,50,5,500.000000,500.000000,3.000000,150.000000,250.000000,6.000000,512,10000.000000,200.000000,165,18,78,0,493,0,10.909091,0.390240,4.124185,1.000000,-1.000000,1,0.878004,3.499236,13.410000
s6_depth,hhvbf,6,50,5,500.000000,500.000000,3.000000,150.000000,250.000000,6.000000,512,10000.000000,200.000000,165,20,76,0,446,0,12.121212,0.433600,4.550314,1.000000,-1.000000,1,0.867048,3.793349,13.250000
s6_depth,hhvbf,4,50,5,500.000000,500.000000,3.000000,150.000000,250.000000,6.000000,512,10000.000000,200.000000,163,21,81,0,388,0,12.883436,0.455280,2.930137,1.000000,-1.000000,1,0.843534,4.267603,12.480000
s6_depth,hhvbf,9,50,5,500.000000,500.000000,3.000000,150.000000,250.000000,6.000000,512,10000.000000,200.000000,163,15,90,0,401,0,9.202454,0.325200,3.680755,1.000000,-1.000000,1,0.811329,5.064705,12.024000
s6_depth,hhvbf,7,50,5,500.000000,500.000000,3.000000,150.000000,250.000000,6.000000,512,10000.000000,200.000000,165,20,64,0,368,0,12.121212,0.433600,3.926093,1.000000,-1.000000,1,0.863218,3.411782,11.556000
s6_depth,hhvbf,8,50,5,500.000000,500.000000,3.000000,150.000000,250.000000,6.000000,512,10000.000000,200.000000,164,23,46,0,462,0,14.024390,0.498640,4.077828,1.000000,-1.000000,1,0.847189,4.377400,13.138000
s6_depth,hhvbf,12,50,5,500.000000,500.000000,3.000000,150.000000,250.000000,6.000000,512,10000.000000,200.000000,165,21,72,0,377,0,12.727273,0.455280,3.492868,1.000000,-1.000000,1,0.861152,3.617201,12.054000
s6_depth,hhvbf,11,50,5,500.000000,500.000000,3.000000,150.000000,250.000000,6.000000,512,10000.000000,200.000000,165,21,68,0,349,0,12.727273,0.455280,2.933288,1.000000,-1.000000,1,0.811006,4.866014,11.530000
s6_depth,hhvbf,10,50,5,500.000000,500.000000,3.000000,150.000000,250.000000,6.000000,512,10000.000000,200.000000,165,23,75,0,530,0,13.939394,0.498640,3.781815,1.000000,-1.000000,1,0.920155,2.331651,13.994000
s6_depth,hhvbf,13,50,5,500.000000,500.000000,3.000000,150.000000,250.000000,6.000000,512,10000.000000,200.000000,165,18,85,0,454,0,10.909091,0.390240,3.634615,1.000000,-1.000000,1,0.872983,3.572655,13.110000
s6_depth,hhvbf,15,50,5,500.000000,500.000000,3.000000,150.000000,250.000000,6.000000,512,10000.000000,200.000000,164,23,73,0,383,0,14.024390,0.498640,3.343523,1.000000,-1.000000,1,0.819594,4.952874,12.366000
s6_depth,hhvbf,14,50,5,500.000000,500.000000,3.000000,150.000000,250.000000,6.000000,512,10000.000000,200.000000,165,16,77,0,500,0,9.696970,0.346880,4.135404,1.000000,-1.000000,1,0.846128,4.745158,14.134000
s6_depth,hhvbf,16,50,5,500.000000,500.000000,3.000000,150.000000,250.000000,6.000000,512,10000.000000,200.000000,165,19,68,0,437,0,11.515152,0.411920,3.910330,1.000000,-1.000000,1,0.868956,3.608816,12.804000
s6_depth,hhvbf,17,50,5,500.000000,500.000000,3.000000,150.000000,250.000000,6.000000,512,10000.000000,200.000000,163,17,71,0,416,0,10.429448,0.368560,2.845924,1.000000,-1.000000,1,0.747453,7.276379,12.324000
s6_depth,hhvbf,18,50,5,500.000000,500.000000,3.000000,150.000000,250.000000,6.000000,512,10000.000000,200.000000,165,21,84,0,494,0,12.727273,0.455280,4.524435,1.000000,-1.000000,1,0.856474,4.202374,13.508000
s6_depth,hhvbf,19,50,5,500.000000,500.000000,3.000000,150.000000,250.000000,6.000000,512,10000.000000,200.000000,165,17,64,0,396,0,10.303030,0.368560,4.490719,1.000000,-1.000000,1,0.760492,6.139931,11.074000
s6_depth,dbr,1,50,5,500.000000,500.000000,3.000000,150.000000,250.000000,6.000000,512,10000.000000,200.000000,164,8,87,0,213,0,4.878049,0.015040,25.443554,0.500000,-1.000000,1,0.827947,4.233911,11.146000
s6_depth,hhvbf,20,50,5,500.000000,500.000000,3.000000,150.000000,250.000000,6.000000,512,10000.000000,200.000000,164,19,87,0,424,0,11.585366,0.411920,3.463247,1.000000,-1.000000,1,0.843168,4.457540,13.002000
s6_depth,dbr,2,50,5,500.000000,500.000000,3.000000,150.000000,250.000000,6.000000,512,10000.000000,200.000000,164,12,98,0,213,0,7.317073,0.022560,28.350260,0.750000,-1.000000,1,0.844632,3.649003,10.754000
s6_depth,dbr,3,50,5,500.000000,500.000000,3.000000,150.000000,250.000000,6.000000,512,10000.000000,200.000000,165,10,85,0,214,0,6.060606,0.018800,28.822184,1.400000,-1.000000,1,0.740136,6.129222,10.032000
s6_depth,dbr,4,50,5,500.000000,500.000000,3.000000,150.000000,250.000000,6.000000,512,10000.000000,200.000000,163,9,89,0,210,0,5.521472,0.016920,7.134072,0.888889,-1.000000,1,0.819088,4.205046,10.466000
s6_depth,dbr,5,50,5,500.000000,500.000000,3.000000,150.000000,250.000000,6.000000,512,10000.000000,200.000000,165,6,22,0,212,0,3.636364,0.011280,21.883672,1.500000,-1.000000,1,0.767297,5.193646,9.690000
s6_depth,dbr,6,50,5,500.000000,500.000000,3.000000,150.000000,250.000000,6.000000,512,10000.000000,200.000000,165,8,71,0,211,0,4.848485,0.015040,21.195921,0.750000,-1.000000,1,0.789024,4.282325,8.952000
s6_depth,dbr,7,50,5,500.000000,500.000000,3.000000,150.000000,250.000000,6.000000,512,10000.000000,200.000000,165,7,42,0,210,0,4.242424,0.013160,43.428733,1.000000,-1.000000,1,0.767889,6.224478,11.648000
s6_depth,dbr,8,50,5,500.000000,500.000000,3.000000,150.000000,250.000000,6.000000,512,10000.000000,200.000000,164,12,24,0,213,0,7.317073,0.022560,11.687887,1.083333,-1.000000,1,0.748258,5.135975,8.732000
s6_depth,dbr,9,50,5,500.000000,500.000000,3.000000,150.000000,250.000000,6.000000,512,10000.000000,200.000000,163,6,65,0,210,0,3.680982,0.011280,6.723122,1.500000,-1.000000,1,0.769234,4.832043,9.104000
s6_depth,dbr,10,50,5,500.000000,500.000000,3.000000,150.000000,250.000000,6.000000,512,10000.000000,200.000000,165,10,53,0,213,0,6.060606,0.018800,31.628340,2.300000,-1.000000,1,0.742194,5.287904,8.738000
s6_depth,dbr,11,50,5,500.000000,500.000000,3.000000,150.000000,250.000000,6.000000,512,10000.000000,200.000000,165,13,94,0,213,0,7.878788,0.024440,22.661457,1.153846,-1.000000,1,0.830967,4.008316,10.762000
s6_depth,dbr,12,50,5,500.000000,500.000000,3.000000,150.000000,250.000000,6.000000,512,10000.000000,200.000000,165,13,101,0,214,0,7.878788,0.024440,17.366593,1.384615,-1.000000,1,0.807779,4.689846,10.902000
s6_depth,dbr,13,50,5,500.000000,500.000000,3.000000,150.000000,250.000000,6.000000,512,10000.000000,200.000000,165,9,70,0,213,0,5.454545,0.016920,15.750812,1.111111,-1.000000,1,0.797989,4.287613,9.420000
s6_depth,dbr,14,50,5,500.000000,500.000000,3.000000,150.000000,250.000000,6.000000,512,10000.000000,200.000000,165,7,10,0,213,0,4.242424,0.013160,18.922895,1.000000,-1.000000,1,0.744043,4.924527,8.208000
s6_depth,dbr,15,50,5,500.000000,500.000000,3.000000,150.000000,250.000000,6.000000,512,10000.000000,200.000000,164,9,110,0,212,0,5.487805,0.016920,20.268908,0.444444,-1.000000,1,0.756035,5.873934,10.366000
s6_depth,dbr,16,50,5,500.000000,500.000000,3.000000,150.000000,250.000000,6.000000,512,10000.000000,200.000000,165,12,24,0,212,0,7.272727,0.022560,20.730813,2.166667,-1.000000,1,0.702724,6.520253,9.052000
s6_depth,dbr,17,50,5,500.000000,500.000000,3.000000,150.000000,250.000000,6.000000,512,10000.000000,200.000000,163,13,101,0,210,0,7.975460,0.024440,32.140408,0.923077,-1.000000,1,0.722470,5.617585,8.490000
s6_depth,dbr,18,50,5,500.000000,500.000000,3.000000,150.000000,250.000000,6.000000,512,10000.000000,200.000000,165,6,48,0,211,0,3.636364,0.011280,17.643446,1.333333,-1.000000,1,0.731921,5.455389,8.600000
s6_depth,dbr,19,50,5,500.000000,500.000000,3.000000,150.000000,250.000000,6.000000,512,10000.000000,200.000000,165,6,32,0,211,0,3.636364,0.011280,6.472296,1.333333,-1.000000,1,0.610613,9.260194,9.016000
s6_depth,dbr,20,50,5,500.000000,500.000000,3.000000,150.000000,250.000000,6.000000,512,10000.000000,200.000000,164,6,62,0,211,0,3.658537,0.011280,11.603822,1.000000,-1.000000,1,0.790405,5.083818,10.708000
s6_depth,adaptive,2,50,5,500.000000,700.000000,3.000000,150.000000,250.000000,6.000000,512,10000.000000,200.000000,164,77,210,28,1090,29,46.951220,0.924160,1.281810,0.545455,-1.000000,1,0.968772,2.314572,36.472000
s6_depth,adaptive,1,50,5,500.000000,700.000000,3.000000,150.000000,250.000000,6.000000,512,10000.000000,200.000000,164,70,116,9,1085,42,42.682927,1.049600,1.502542,0.571429,-1.000000,1,0.954040,3.475397,36.920000
s6_depth,adaptive,3,50,5,500.000000,700.000000,3.000000,150.000000,250.000000,6.000000,512,10000.000000,200.000000,165,73,180,9,1114,28,44.242424,1.072640,1.513925,0.589041,-1.000000,1,0.958587,2.735080,32.324000
s6_depth,adaptive,4,50,5,500.000000,700.000000,3.000000,150.000000,250.000000,6.000000,512,10000.000000,200.000000,163,67,196,21,1071,36,41.104294,0.853760,0.958151,0.283582,-1.000000,1,0.965705,2.614855,37.458000
s6_depth,adaptive,5,50,5,500.000000,700.000000,3.000000,150.000000,250.000000,6.000000,512,10000.000000,200.000000,165,52,133,8,1127,49,31.515152,0.719360,1.716165,0.788462,-1.000000,1,0.950422,3.477348,34.178000
s6_depth,adaptive,6,50,5,500.000000,700.000000,3.000000,150.000000,250.000000,6.000000,512,10000.000000,200.000000,165,59,146,1,1120,29,35.757576,0.862720,1.697513,0.745763,-1.000000,1,0.952392,3.473665,35.592000
s6_depth,adaptive,7,50,5,500.000000,700.000000,3.000000,150.000000,250.000000,6.000000,512,10000.000000,200.000000,165,51,110,5,1086,57,30.909091,0.718080,2.052418,1.058824,-1.000000,1,0.957063,3.203679,36.488000
s6_depth,adaptive,8,50,5,500.000000,700.000000,3.000000,150.000000,250.000000,6.000000,512,10000.000000,200.000000,164,69,199,19,1148,37,42.073171,0.798720,1.485582,0.681159,-1.000000,1,0.966954,2.462163,36.628000
s6_depth,adaptive,9,50,5,500.000000,700.000000,3.000000,150.000000,250.000000,6.000000,512,10000.000000,200.000000,163,75,150,30,1157,48,46.012270,1.171200,1.361009,0.480000,-1.000000,1,0.962942,2.556196,33.838000
s6_depth,adaptive,10,50,5,500.000000,700.000000,3.000000,150.000000,250.000000,6.000000,512,10000.000000,200.000000,165,70,181,32,1192,50,42.424242,0.953600,1.743546,0.814286,-1.000000,1,0.976321,1.763206,36.786000
s6_depth,adaptive,11,50,5,500.000000,700.000000,3.000000,150.000000,250.000000,6.000000,512,10000.000000,200.000000,165,89,126,32,1095,80,53.939394,1.323520,1.155965,0.337079,-1.000000,1,0.956782,3.126298,35.370000
s6_depth,adaptive,12,50,5,500.000000,700.000000,3.000000,150.000000,250.000000,6.000000,512,10000.000000,200.000000,165,94,203,7,1118,75,56.969697,1.310720,1.461099,0.574468,-1.000000,1,0.969689,2.315890,37.614000
s6_depth,adaptive,13,50,5,500.000000,700.000000,3.000000,150.000000,250.000000,6.000000,512,10000.000000,200.000000,165,75,161,28,1120,23,45.454545,1.209600,1.615236,0.666667,-1.000000,1,0.959420,2.990812,36.088000
s6_depth,adaptive,14,50,5,500.000000,700.000000,3.000000,150.000000,250.000000,6.000000,512,10000.000000,200.000000,165,51,149,6,1171,85,30.909091,0.718080,1.969087,0.921569,-1.000000,1,0.967791,2.311275,35.292000
s6_depth,adaptive,15,50,5,500.000000,700.000000,3.000000,150.000000,250.000000,6.000000,512,10000.000000,200.000000,164,84,148,31,1109,55,51.219512,1.163520,1.209882,0.380952,-1.000000,1,0.963730,2.557523,34.606000
s6_depth,adaptive,16,50,5,500.000000,700.000000,3.000000,150.000000,250.000000,6.000000,512,10000.000000,200.000000,165,73,173,1,1152,44,44.242424,1.072640,1.876411,0.849315,-1.000000,1,0.971593,2.026209,35.150000
s6_depth,adaptive,17,50,5,500.000000,700.000000,3.000000,150.000000,250.000000,6.000000,512,10000.000000,200.000000,163,85,179,45,1148,41,52.147239,1.203200,1.346595,0.482353,-1.000000,1,0.958397,3.076409,36.188000
s6_depth,adaptive,18,50,5,500.000000,700.000000,3.000000,150.000000,250.000000,6.000000,512,10000.000000,200.000000,165,73,147,0,1146,18,44.242424,1.149440,1.742931,0.739726,-1.000000,1,0.962583,2.649934,34.736000
s6_depth,adaptive,19,50,5,500.000000,700.000000,3.000000,150.000000,250.000000,6.000000,512,10000.000000,200.000000,165,38,221,4,1096,18,23.030303,0.432640,1.713758,0.868421,-1.000000,1,0.960123,2.958317,36.338000
s6_depth,vbf,1,50,5,500.000000,700.000000,3.000000,150.000000,250.000000,6.000000,512,10000.000000,200.000000,164,16,60,0,426,0,9.756098,0.346880,3.036545,1.000000,-1.000000,1,0.822136,4.749424,12.048000
s6_depth,adaptive,20,50,5,500.000000,700.000000,3.000000,150.000000,250.000000,6.000000,512,10000.000000,200.000000,164,55,113,34,1066,34,33.536585,0.838400,1.798601,0.818182,-1.000000,1,0.957651,3.111723,35.944000
s6_depth,vbf,2,50,5,500.000000,700.000000,3.000000,150.000000,250.000000,6.000000,512,10000.000000,200.000000,164,20,57,0,432,0,12.195122,0.433600,3.363450,1.000000,-1.000000,1,0.755413,6.598735,11.610000
s6_depth,vbf,4,50,5,500.000000,700.000000,3.000000,150.000000,250.000000,6.000000,512,10000.000000,200.000000,163,21,85,0,377,0,12.883436,0.455280,3.357845,1.000000,-1.000000,1,0.812740,4.933478,11.812000
s6_depth,vbf,3,50,5,500.000000,700.000000,3.000000,150.000000,250.000000,6.000000,512,10000.000000,200.000000,165,16,62,0,444,0,9.696970,0.346880,3.847603,1.000000,-1.000000,1,0.791453,5.815593,12.320000
s6_depth,vbf,5,50,5,500.000000,700.000000,3.000000,150.000000,250.000000,6.000000,512,10000.000000,200.000000,165,12,62,0,487,0,7.272727,0.260160,5.373287,1.000000,-1.000000,1,0.844633,4.377129,12.900000
s6_depth,vbf,6,50,5,500.000000,700.000000,3.000000,150.000000,250.000000,6.000000,512,10000.000000,200.000000,165,12,67,0,433,0,7.272727,0.260160,3.644213,1.000000,-1.000000,1,0.813205,4.847193,11.638000
s6_depth,vbf,7,50,5,500.000000,700.000000,3.000000,150.000000,250.000000,6.000000,512,10000.000000,200.000000,165,14,57,0,425,0,8.484848,0.303520,4.691384,1.000000,-1.000000,1,0.825944,4.440494,11.540000
s6_depth,vbf,8,50,5,500.000000,700.000000,3.000000,150.000000,250.000000,6.000000,512,10000.000000,200.000000,164,21,56,0,488,0,12.804878,0.455280,4.547391,1.000000,-1.000000,1,0.834794,4.631048,12.754000
s6_depth,vbf,9,50,5,500.000000,700.000000,3.000000,150.000000,250.000000,6.000000,512,10000.000000,200.000000,163,12,89,0,477,0,7.361963,0.260160,3.793245,1.000000,-1.000000,1,0.778743,6.272756,12.412000
s6_depth,vbf,10,50,5,500.000000,700.000000,3.000000,150.000000,250.000000,6.000000,512,10000.000000,200.000000,165,19,66,0,534,0,11.515152,0.411920,5.233765,1.000000,-1.000000,1,0.908556,2.637812,13.732000
s6_depth,vbf,11,50,5,500.000000,700.000000,3.000000,150.000000,250.000000,6.000000,512,10000.000000,200.000000,165,15,95,0,374,0,9.090909,0.325200,2.688057,1.000000,-1.000000,1,0.765255,6.541320,12.080000
s6_depth,vbf,12,50,5,500.000000,700.000000,3.000000,150.000000,250.000000,6.000000,512,10000.000000,200.000000,165,18,71,0,413,0,10.909091,0.390240,4.015198,1.000000,-1.000000,1,0.826826,4.405454,11.514000
s6_depth,vbf,13,50,5,500.000000,700.000000,3.000000,150.000000,250.000000,6.000000,512,10000.000000,200.000000,165,14,63,0,482,0,8.484848,0.303520,4.692914,1.000000,-1.000000,1,0.833747,4.605096,12.594000
s6_depth,vbf,14,50,5,500.000000,700.000000,3.000000,150.000000,250.000000,6.000000,512,10000.000000,200.000000,165,14,62,0,497,0,8.484848,0.303520,4.726331,1.000000,-1.000000,1,0.805279,5.617210,12.868000
s6_depth,vbf,15,50,5,500.000000,700.000000,3.000000,150.000000,250.000000,6.000000,512,10000.000000,200.000000,164,17,91,0,389,0,10.365854,0.368560,3.389656,1.000000,-1.000000,1,0.731865,7.718147,12.164000
s6_depth,vbf,16,50,5,500.000000,700.000000,3.000000,150.000000,250.000000,6.000000,512,10000.000000,200.000000,165,13,75,0,504,0,7.878788,0.281840,5.202150,1.000000,-1.000000,1,0.866516,3.955857,13.758000
s6_depth,vbf,17,50,5,500.000000,700.000000,3.000000,150.000000,250.000000,6.000000,512,10000.000000,200.000000,163,18,98,0,397,0,11.042945,0.390240,3.243243,1.000000,-1.000000,1,0.750936,6.715622,11.564000
s6_depth,vbf,18,50,5,500.000000,700.000000,3.000000,150.000000,250.000000,6.000000,512,10000.000000,200.000000,165,12,69,0,468,0,7.272727,0.260160,4.214414,1.000000,-1.000000,1,0.814999,5.000824,12.138000
s6_depth,vbf,19,50,5,500.000000,700.000000,3.000000,150.000000,250.000000,6.000000,512,10000.000000,200.000000,165,10,53,0,426,0,6.060606,0.216800,5.129766,1.000000,-1.000000,1,0.748502,6.686932,11.382000
s6_depth,vbf,20,50,5,500.000000,700.000000,3.000000,150.000000,250.000000,6.000000,512,10000.000000,200.000000,164,12,97,0,429,0,7.317073,0.260160,3.131764,1.000000,-1.000000,1,0.827694,4.808516,12.638000
s6_depth,hhvbf,2,50,5,500.000000,700.000000,3.000000,150.000000,250.000000,6.000000,512,10000.000000,200.000000,164,20,62,0,440,0,12.195122,0.433600,3.397881,1.000000,-1.000000,1,0.755660,6.767953,11.922000
s6_depth,hhvbf,1,50,5,500.000000,700.000000,3.000000,150.000000,250.000000,6.000000,512,10000.000000,200.000000,164,14,77,0,428,0,8.536585,0.303520,3.316196,1.000000,-1.000000,1,0.826230,4.697383,12.230000
s6_depth,hhvbf,3,50,5,500.000000,700.000000,3.000000,150.000000,250.000000,6.000000,512,10000.000000,200.000000,165,17,69,0,429,0,10.303030,0.368560,5.302469,1.000000,-1.000000,1,0.794952,5.489148,11.856000
s6_depth,hhvbf,4,50,5,500.000000,700.000000,3.000000,150.000000,250.000000,6.000000,512,10000.000000,200.000000,163,19,78,0,387,0,11.656442,0.411920,3.492949,1.000000,-1.000000,1,0.811965,4.858301,11.578000
s6_depth,hhvbf,5,50,5,500.000000,700.000000,3.000000,150.000000,250.000000,6.000000,512,10000.000000,200.000000,165,16,75,0,518,0,9.696970,0.346880,5.142804,1.000000,-1.000000,1,0.843484,4.690539,13.712000
s6_depth,hhvbf,6,50,5,500.000000,700.000000,3.000000,150.000000,250.000000,6.000000,512,10000.000000,200.000000,165,14,64,0,432,0,8.484848,0.303520,3.801937,1.000000,-1.000000,1,0.816362,4.722421,11.558000
s6_depth,hhvbf,7,50,5,500.000000,700.000000,3.000000,150.000000,250.000000,6.000000,512,10000.000000,200.000000,165,12,61,0,424,0,7.272727,0.260160,4.671916,1.000000,-1.000000,1,0.841069,4.229708,12.158000
s6_depth,hhvbf,8,50,5,500.000000,700.000000,3.000000,150.000000,250.000000,6.000000,512,10000.000000,200.000000,164,23,75,0,516,0,14.024390,0.498640,4.130574,1.000000,-1.000000,1,0.838684,4.840177,13.686000
s6_depth,hhvbf,9,50,5,500.000000,700.000000,3.000000,150.000000,250.000000,6.000000,512,10000.000000,200.000000,163,11,98,0,510,0,6.748466,0.238480,4.483409,1.000000,-1.000000,1,0.784660,6.531662,13.336000
s6_depth,hhvbf,11,50,5,500.000000,700.000000,3.000000,150.000000,250.000000,6.000000,512,10000.000000,200.000000,165,16,97,0,372,0,9.696970,0.346880,3.188104,1.000000,-1.000000,1,0.784276,6.020954,12.268000
s6_depth,hhvbf,10,50,5,500.000000,700.000000,3.000000,150.000000,250.000000,6.000000,512,10000.000000,200.000000,165,19,66,0,571,0,11.515152,0.411920,4.603429,1.000000,-1.000000,1,0.914111,2.441981,13.578000
s6_depth,hhvbf,12,50,5,500.000000,700.000000,3.000000,150.000000,250.000000,6.000000,512,10000.000000,200.000000,165,16,70,0,405,0,9.696970,0.346880,4.335850,1.000000,-1.000000,1,0.833640,4.175123,11.410000
s6_depth,hhvbf,14,50,5,500.000000,700.000000,3.000000,150.000000,250.000000,6.000000,512,10000.000000,200.000000,165,15,66,0,496,0,9.090909,0.325200,5.224676,1.000000,-1.000000,1,0.806063,5.545548,12.762000
s6_depth,hhvbf,13,50,5,500.000000,700.000000,3.000000,150.000000,250.000000,6.000000,512,10000.000000,200.000000,165,12,73,0,498,0,7.272727,0.260160,5.340383,1.000000,-1.000000,1,0.846748,4.343135,12.994000
s6_depth,hhvbf,15,50,5,500.000000,700.000000,3.000000,150.000000,250.000000,6.000000,512,10000.000000,200.000000,164,17,78,0,402,0,10.365854,0.368560,3.175618,1.000000,-1.000000,1,0.742923,7.228899,11.986000
s6_depth,hhvbf,16,50,5,500.000000,700.000000,3.000000,150.000000,250.000000,6.000000,512,10000.000000,200.000000,165,19,77,0,540,0,11.515152,0.411920,4.962814,1.000000,-1.000000,1,0.884299,3.578274,14.514000
s6_depth,hhvbf,17,50,5,500.000000,700.000000,3.000000,150.000000,250.000000,6.000000,512,10000.000000,200.000000,163,13,102,0,423,0,7.975460,0.281840,3.419008,1.000000,-1.000000,1,0.694689,8.648671,11.612000
s6_depth,hhvbf,18,50,5,500.000000,700.000000,3.000000,150.000000,250.000000,6.000000,512,10000.000000,200.000000,165,15,73,0,493,0,9.090909,0.325200,4.835465,1.000000,-1.000000,1,0.839219,4.480680,12.716000
s6_depth,hhvbf,19,50,5,500.000000,700.000000,3.000000,150.000000,250.000000,6.000000,512,10000.000000,200.000000,165,14,45,0,426,0,8.484848,0.303520,4.558757,1.000000,-1.000000,1,0.762361,6.082440,11.072000
s6_depth,dbr,1,50,5,500.000000,700.000000,3.000000,150.000000,250.000000,6.000000,512,10000.000000,200.000000,164,6,28,0,211,0,3.658537,0.011280,52.276739,0.500000,-1.000000,1,0.769824,5.182720,9.794000
s6_depth,hhvbf,20,50,5,500.000000,700.000000,3.000000,150.000000,250.000000,6.000000,512,10000.000000,200.000000,164,15,96,0,440,0,9.146341,0.325200,3.673935,1.000000,-1.000000,1,0.834176,4.533581,12.434000
s6_depth,dbr,2,50,5,500.000000,700.000000,3.000000,150.000000,250.000000,6.000000,512,10000.000000,200.000000,164,8,66,0,210,0,4.878049,0.015040,44.327502,0.750000,-1.000000,1,0.722637,5.875268,8.886000
s6_depth,dbr,3,50,5,500.000000,700.000000,3.000000,150.000000,250.000000,6.000000,512,10000.000000,200.000000,165,11,65,0,214,0,6.666667,0.020680,40.069914,0.818182,-1.000000,1,0.684457,6.375516,8.210000
s6_depth,dbr,4,50,5,500.000000,700.000000,3.000000,150.000000,250.000000,6.000000,512,10000.000000,200.000000,163,9,59,0,211,0,5.521472,0.016920,30.530296,1.000000,-1.000000,1,0.769571,4.866193,9.184000
s6_depth,dbr,5,50,5,500.000000,700.000000,3.000000,150.000000,250.000000,6.000000,512,10000.000000,200.000000,165,6,9,0,214,0,3.636364,0.011280,30.143989,2.666667,-1.000000,1,0.681033,6.402516,8.132000
s6_depth,dbr,6,50,5,500.000000,700.000000,3.000000,150.000000,250.000000,6.000000,512,10000.000000,200.000000,165,8,42,0,212,0,4.848485,0.015040,23.345291,1.250000,-1.000000,1,0.737583,4.774941,7.724000
s6_depth,dbr,7,50,5,500.000000,700.000000,3.000000,150.000000,250.000000,6.000000,512,10000.000000,200.000000,165,2,0,0,213,0,1.212121,0.003760,6.936516,2.000000,-1.000000,1,0.677362,7.588464,9.498000
s6_depth,dbr,8,50,5,500.000000,700.000000,3.000000,150.000000,250.000000,6.000000,512,10000.000000,200.000000,164,11,25,0,213,0,6.707317,0.020680,24.997551,1.454545,-1.000000,1,0.691871,5.631554,7.474000
s6_depth,dbr,9,50,5,500.000000,700.000000,3.000000,150.000000,250.000000,6.000000,512,10000.000000,200.000000,163,4,65,0,211,0,2.453988,0.007520,6.957440,2.000000,-1.000000,1,0.729087,5.011427,7.800000
s6_depth,dbr,10,50,5,500.000000,700.000000,3.000000,150.000000,250.000000,6.000000,512,10000.000000,200.000000,165,5,30,0,214,0,3.030303,0.009400,47.970350,2.200000,-1.000000,1,0.638871,6.751539,7.288000
s6_depth,dbr,12,50,5,500.000000,700.000000,3.000000,150.000000,250.000000,6.000000,512,10000.000000,200.000000,165,11,53,0,213,0,6.666667,0.020680,29.892277,1.363636,-1.000000,1,0.741846,5.341341,8.812000
s6_depth,dbr,11,50,5,500.000000,700.000000,3.000000,150.000000,250.000000,6.000000,512,10000.000000,200.000000,165,8,60,0,213,0,4.848485,0.015040,37.129796,1.250000,-1.000000,1,0.761745,4.861178,8.822000
s6_depth,dbr,13,50,5,500.000000,700.000000,3.000000,150.000000,250.000000,6.000000,512,10000.000000,200.000000,165,10,59,0,213,0,6.060606,0.018800,10.255999,1.300000,-1.000000,1,0.701144,5.793533,7.990000
s6_depth,dbr,14,50,5,500.000000,700.000000,3.000000,150.000000,250.000000,6.000000,512,10000.000000,200.000000,165,7,9,0,213,0,4.242424,0.013160,6.767937,1.142857,-1.000000,1,0.682917,5.499430,7.038000
s6_depth,dbr,15,50,5,500.000000,700.000000,3.000000,150.000000,250.000000,6.000000,512,10000.000000,200.000000,164,11,82,0,212,0,6.707317,0.020680,19.826934,0.818182,-1.000000,1,0.675629,6.984428,8.682000
s6_depth,dbr,16,50,5,500.000000,700.000000,3.000000,150.000000,250.000000,6.000000,512,10000.000000,200.000000,165,11,20,0,212,0,6.666667,0.020680,7.090263,2.454545,-1.000000,1,0.661095,6.507534,7.642000
s6_depth,dbr,17,50,5,500.000000,700.000000,3.000000,150.000000,250.000000,6.000000,512,10000.000000,200.000000,163,13,90,0,211,0,7.975460,0.024440,23.353610,0.846154,-1.000000,1,0.662420,6.008324,7.092000
s6_depth,dbr,18,50,5,500.000000,700.000000,3.000000,150.000000,250.000000,6.000000,512,10000.000000,200.000000,165,6,37,0,211,0,3.636364,0.011280,24.628660,2.166667,-1.000000,1,0.650255,6.232738,7.022000
s6_depth,dbr,19,50,5,500.000000,700.000000,3.000000,150.000000,250.000000,6.000000,512,10000.000000,200.000000,165,6,0,0,212,0,3.636364,0.011280,6.516982,1.500000,-1.000000,1,0.581722,8.730013,7.676000
s6_depth,dbr,20,50,5,500.000000,700.000000,3.000000,150.000000,250.000000,6.000000,512,10000.000000,200.000000,164,5,34,0,212,0,3.048780,0.009400,34.978373,0.800000,-1.000000,1,0.758904,5.052547,9.042000
s6_depth,adaptive,1,50,5,500.000000,1000.000000,3.000000,150.000000,250.000000,6.000000,512,10000.000000,200.000000,164,27,73,12,1191,64,16.463415,0.418560,3.208173,1.777778,-1.000000,1,0.941364,3.938962,32.574000
s6_depth,adaptive,2,50,5,500.000000,1000.000000,3.000000,150.000000,250.000000,6.000000,512,10000.000000,200.000000,164,61,150,29,1176,57,37.195122,0.826880,1.843607,0.901639,-1.000000,1,0.961087,2.559740,32.238000
s6_depth,adaptive,3,50,5,500.000000,1000.000000,3.000000,150.000000,250.000000,6.000000,512,10000.000000,200.000000,165,61,131,4,1248,65,36.969697,0.999680,2.304709,1.131148,-1.000000,1,0.948243,3.170381,29.814000
s6_depth,adaptive,4,50,5,500.000000,1000.000000,3.000000,150.000000,250.000000,6.000000,512,10000.000000,200.000000,163,77,153,22,1121,48,47.239264,1.135360,1.396356,0.545455,-1.000000,1,0.957933,2.871615,33.398000
s6_depth,adaptive,5,50,5,500.000000,1000.000000,3.000000,150.000000,250.000000,6.000000,512,10000.000000,200.000000,165,39,107,16,1208,54,23.636364,0.568320,2.560844,1.410256,-1.000000,1,0.944575,3.587174,31.438000
s6_depth,adaptive,6,50,5,500.000000,1000.000000,3.000000,150.000000,250.000000,6.000000,512,10000.000000,200.000000,165,54,91,6,1227,77,32.727273,0.875520,2.207304,1.074074,-1.000000,1,0.953817,2.994721,31.656000
s6_depth,adaptive,7,50,5,500.000000,1000.000000,3.000000,150.000000,250.000000,6.000000,512,10000.000000,200.000000,165,35,67,8,1166,62,21.212121,0.505600,3.193339,1.942857,-1.000000,1,0.941037,3.937857,32.378000
s6_depth,adaptive,8,50,5,500.000000,1000.000000,3.000000,150.000000,250.000000,6.000000,512,10000.000000,200.000000,164,72,150,17,1205,81,43.902439,1.032960,2.226505,1.152778,-1.000000,1,0.964637,2.401546,33.344000
s6_depth,adaptive,9,50,5,500.000000,1000.000000,3.000000,150.000000,250.000000,6.000000,512,10000.000000,200.000000,163,71,134,27,1185,39,43.558282,1.166080,1.159085,0.309859,-1.000000,1,0.954930,2.770812,30.030000
s6_depth,adaptive,10,50,5,500.000000,1000.000000,3.000000,150.000000,250.000000,6.000000,512,10000.000000,200.000000,165,63,159,39,1282,108,38.181818,0.925440,2.449129,1.301587,-1.000000,1,0.974951,1.683198,33.172000
s6_depth,adaptive,11,50,5,500.000000,1000.000000,3.000000,150.000000,250.000000,6.000000,512,10000.000000,200.000000,165,72,92,40,1162,114,43.636364,1.224960,1.977446,0.902778,-1.000000,1,0.954851,2.902369,31.400000
s6_depth,adaptive,12,50,5,500.000000,1000.000000,3.000000,150.000000,250.000000,6.000000,512,10000.000000,200.000000,165,77,148,6,1193,82,46.666667,1.192960,2.083143,0.987013,-1.000000,1,0.961983,2.493413,32.158000
s6_depth,adaptive,13,50,5,500.000000,1000.000000,3.000000,150.000000,250.000000,6.000000,512,10000.000000,200.000000,165,73,151,21,1230,43,44.242424,1.187840,1.726943,0.739726,-1.000000,1,0.955342,2.958541,32.368000
s6_depth,adaptive,14,50,5,500.000000,1000.000000,3.000000,150.000000,250.000000,6.000000,512,10000.000000,200.000000,165,42,89,9,1271,109,25.454545,0.629760,2.631135,1.357143,-1.000000,1,0.955554,2.936735,32.286000
s6_depth,adaptive,15,50,5,500.000000,1000.000000,3.000000,150.000000,250.000000,6.000000,512,10000.000000,200.000000,164,78,105,23,1193,122,47.560976,1.290240,1.920916,0.833333,-1.000000,1,0.947926,3.282844,30.678000
s6_depth,adaptive,17,50,5,500.000000,1000.000000,3.000000,150.000000,250.000000,6.000000,512,10000.000000,200.000000,163,82,113,41,1218,61,50.306748,1.372160,1.714909,0.682927,-1.000000,1,0.950627,3.207481,31.660000
s6_depth,adaptive,16,50,5,500.000000,1000.000000,3.000000,150.000000,250.000000,6.000000,512,10000.000000,200.000000,165,47,121,6,1218,73,28.484848,0.712960,3.032412,1.723404,-1.000000,1,0.965269,2.295577,32.464000
s6_depth,adaptive,18,50,5,500.000000,1000.000000,3.000000,150.000000,250.000000,6.000000,512,10000.000000,200.000000,165,48,111,0,1253,49,29.090909,0.733440,2.113084,1.083333,-1.000000,1,0.954154,3.008192,32.038000
s6_depth,adaptive,19,50,5,500.000000,1000.000000,3.000000,150.000000,250.000000,6.000000,512,10000.000000,200.000000,165,41,172,7,1221,69,24.848485,0.551680,2.905912,1.658537,-1.000000,1,0.958516,2.745484,32.390000
s6_depth,vbf,1,50,5,500.000000,1000.000000,3.000000,150.000000,250.000000,6.000000,512,10000.000000,200.000000,164,5,39,0,434,0,3.048780,0.108400,3.186859,1.000000,-1.000000,1,0.775557,5.993405,11.664000
s6_depth,adaptive,20,50,5,500.000000,1000.000000,3.000000,150.000000,250.000000,6.000000,512,10000.000000,200.000000,164,58,103,27,1139,48,35.365854,0.995840,2.207731,1.068966,-1.000000,1,0.953045,3.147049,32.706000
s6_depth,vbf,2,50,5,500.000000,1000.000000,3.000000,150.000000,250.000000,6.000000,512,10000.000000,200.000000,164,17,80,0,443,0,10.365854,0.368560,3.588733,1.000000,-1.000000,1,0.690133,8.544807,11.260000
s6_depth,vbf,3,50,5,500.000000,1000.000000,3.000000,150.000000,250.000000,6.000000,512,10000.000000,200.000000,165,11,70,0,474,0,6.666667,0.238480,5.379584,1.000000,-1.000000,1,0.768395,6.286419,11.794000
s6_depth,vbf,4,50,5,500.000000,1000.000000,3.000000,150.000000,250.000000,6.000000,512,10000.000000,200.000000,163,15,80,0,394,0,9.202454,0.325200,3.371748,1.000000,-1.000000,1,0.756797,6.172899,10.934000
s6_depth,vbf,5,50,5,500.000000,1000.000000,3.000000,150.000000,250.000000,6.000000,512,10000.000000,200.000000,165,9,57,0,508,0,5.454545,0.195120,5.573008,1.000000,-1.000000,1,0.800954,5.614151,12.544000
s6_depth,vbf,7,50,5,500.000000,1000.000000,3.000000,150.000000,250.000000,6.000000,512,10000.000000,200.000000,165,7,46,0,465,0,4.242424,0.151760,6.142596,1.000000,-1.000000,1,0.811011,5.168034,12.246000
s6_depth,vbf,6,50,5,500.000000,1000.000000,3.000000,150.000000,250.000000,6.000000,512,10000.000000,200.000000,165,10,68,0,421,0,6.060606,0.216800,3.883407,1.000000,-1.000000,1,0.817645,4.342436,10.712000
s6_depth,vbf,8,50,5,500.000000,1000.000000,3.000000,150.000000,250.000000,6.000000,512,10000.000000,200.000000,164,16,66,0,487,0,9.756098,0.346880,4.355554,1.000000,-1.000000,1,0.809392,5.213803,12.236000
s6_depth,vbf,10,50,5,500.000000,1000.000000,3.000000,150.000000,250.000000,6.000000,512,10000.000000,200.000000,165,13,70,0,567,0,7.878788,0.281840,5.599656,1.000000,-1.000000,1,0.890536,3.169241,13.638000
s6_depth,vbf,9,50,5,500.000000,1000.000000,3.000000,150.000000,250.000000,6.000000,512,10000.000000,200.000000,163,10,87,0,489,0,6.134969,0.216800,4.398911,1.000000,-1.000000,1,0.701742,8.725701,12.064000
s6_depth,vbf,11,50,5,500.000000,1000.000000,3.000000,150.000000,250.000000,6.000000,512,10000.000000,200.000000,165,11,78,0,393,0,6.666667,0.238480,4.271583,1.000000,-1.000000,1,0.732807,6.842477,10.830000
s6_depth,vbf,12,50,5,500.000000,1000.000000,3.000000,150.000000,250.000000,6.000000,512,10000.000000,200.000000,165,15,82,0,452,0,9.090909,0.325200,4.007907,1.000000,-1.000000,1,0.829180,4.528761,12.018000
s6_depth,vbf,13,50,5,500.000000,1000.000000,3.000000,150.000000,250.000000,6.000000,512,10000.000000,200.000000,165,13,73,0,568,0,7.878788,0.281840,4.993765,1.000000,-1.000000,1,0.826747,5.274381,13.778000
s6_depth,vbf,14,50,5,500.000000,1000.000000,3.000000,150.000000,250.000000,6.000000,512,10000.000000,200.000000,165,7,41,0,520,0,4.242424,0.151760,6.936496,1.000000,-1.000000,1,0.739931,7.572155,12.382000
s6_depth,vbf,15,50,5,500.000000,1000.000000,3.000000,150.000000,250.000000,6.000000,512,10000.000000,200.000000,164,12,87,0,406,0,7.317073,0.260160,2.819868,1.000000,-1.000000,1,0.625169,10.264306,10.534000
s6_depth,vbf,16,50,5,500.000000,1000.000000,3.000000,150.000000,250.000000,6.000000,512,10000.000000,200.000000,165,10,68,0,544,0,6.060606,0.216800,5.778399,1.000000,-1.000000,1,0.823927,5.300921,13.600000
s6_depth,vbf,17,50,5,500.000000,1000.000000,3.000000,150.000000,250.000000,6.000000,512,10000.000000,200.000000,163,11,96,0,393,0,6.748466,0.238480,3.273689,1.000000,-1.000000,1,0.682293,7.700366,9.830000
s6_depth,vbf,18,50,5,500.000000,1000.000000,3.000000,150.000000,250.000000,6.000000,512,10000.000000,200.000000,165,10,61,0,523,0,6.060606,0.216800,5.474065,1.000000,-1.000000,1,0.807087,5.436365,12.586000
s6_depth,vbf,19,50,5,500.000000,1000.000000,3.000000,150.000000,250.000000,6.000000,512,10000.000000,200.000000,165,9,51,0,425,0,5.454545,0.195120,5.705876,1.000000,-1.000000,1,0.713661,7.295074,10.610000
s6_depth,vbf,20,50,5,500.000000,1000.000000,3.000000,150.000000,250.000000,6.000000,512,10000.000000,200.000000,164,8,81,0,446,0,4.878049,0.173440,3.838580,1.000000,-1.000000,1,0.801500,5.469919,12.260000
s6_depth,hhvbf,1,50,5,500.000000,1000.000000,3.000000,150.000000,250.000000,6.000000,512,10000.000000,200.000000,164,6,41,0,446,0,3.658537,0.130080,4.122506,1.000000,-1.000000,1,0.780017,5.997963,11.948000
s6_depth,hhvbf,2,50,5,500.000000,1000.000000,3.000000,150.000000,250.000000,6.000000,512,10000.000000,200.000000,164,18,72,0,439,0,10.975610,0.390240,3.348422,1.000000,-1.000000,1,0.685158,8.513307,10.994000
s6_depth,hhvbf,3,50,5,500.000000,1000.000000,3.000000,150.000000,250.000000,6.000000,512,10000.000000,200.000000,165,11,80,0,499,0,6.666667,0.238480,4.916014,1.000000,-1.000000,1,0.785392,6.088472,12.480000
s6_depth,hhvbf,4,50,5,500.000000,1000.000000,3.000000,150.000000,250.000000,6.000000,512,10000.000000,200.000000,163,16,85,0,393,0,9.815951,0.346880,3.533803,1.000000,-1.000000,1,0.761111,6.215209,11.244000
s6_depth,hhvbf,5,50,5,500.000000,1000.000000,3.000000,150.000000,250.000000,6.000000,512,10000.000000,200.000000,165,10,62,0,566,0,6.060606,0.216800,6.226809,1.000000,-1.000000,1,0.816135,5.644656,13.796000
s6_depth,hhvbf,6,50,5,500.000000,1000.000000,3.000000,150.000000,250.000000,6.000000,512,10000.000000,200.000000,165,11,65,0,456,0,6.666667,0.238480,4.091140,1.000000,-1.000000,1,0.802541,5.011574,11.300000
s6_depth,hhvbf,7,50,5,500.000000,1000.000000,3.000000,150.000000,250.000000,6.000000,512,10000.000000,200.000000,165,9,62,0,518,0,5.454545,0.195120,7.070328,1.000000,-1.000000,1,0.842167,4.588326,13.290000
s6_depth,hhvbf,8,50,5,500.000000,1000.000000,3.000000,150.000000,250.000000,6.000000,512,10000.000000,200.000000,164,18,75,0,520,0,10.975610,0.390240,5.190093,1.000000,-1.000000,1,0.819212,5.075436,12.642000
s6_depth,hhvbf,9,50,5,500.000000,1000.000000,3.000000,150.000000,250.000000,6.000000,512,10000.000000,200.000000,163,11,95,0,493,0,6.748466,0.238480,4.518491,1.000000,-1.000000,1,0.729342,7.828144,12.198000
s6_depth,hhvbf,10,50,5,500.000000,1000.000000,3.000000,150.000000,250.000000,6.000000,512,10000.000000,200.000000,165,12,60,0,558,0,7.272727,0.260160,5.558949,1.000000,-1.000000,1,0.885595,3.157412,12.962000
s6_depth,hhvbf,11,50,5,500.000000,1000.000000,3.000000,150.000000,250.000000,6.000000,512,10000.000000,200.000000,165,13,76,0,413,0,7.878788,0.281840,3.916629,1.000000,-1.000000,1,0.745209,6.659130,11.160000
s6_depth,hhvbf,12,50,5,500.000000,1000.000000,3.000000,150.000000,250.000000,6.000000,512,10000.000000,200.000000,165,18,83,0,487,0,10.909091,0.390240,5.490599,1.000000,-1.000000,1,0.864714,3.688733,12.644000
s6_depth,hhvbf,13,50,5,500.000000,1000.000000,3.000000,150.000000,250.000000,6.000000,512,10000.000000,200.000000,165,13,83,0,575,0,7.878788,0.281840,5.549847,1.000000,-1.000000,1,0.835788,4.959445,13.750000
s6_depth,hhvbf,14,50,5,500.000000,1000.000000,3.000000,150.000000,250.000000,6.000000,512,10000.000000,200.000000,165,8,41,0,544,0,4.848485,0.173440,6.053473,1.000000,-1.000000,1,0.766518,7.018737,13.044000
s6_depth,hhvbf,15,50,5,500.000000,1000.000000,3.000000,150.000000,250.000000,6.000000,512,10000.000000,200.000000,164,13,81,0,416,0,7.926829,0.281840,3.232651,1.000000,-1.000000,1,0.630159,10.329006,10.796000
s6_depth,hhvbf,16,50,5,500.000000,1000.000000,3.000000,150.000000,250.000000,6.000000,512,10000.000000,200.000000,165,13,65,0,574,0,7.878788,0.281840,7.816988,1.000000,-1.000000,1,0.857207,4.431447,14.324000
s6_depth,hhvbf,18,50,5,500.000000,1000.000000,3.000000,150.000000,250.000000,6.000000,512,10000.000000,200.000000,165,11,66,0,540,0,6.666667,0.238480,5.408992,1.000000,-1.000000,1,0.821500,5.062884,12.792000
s6_depth,hhvbf,17,50,5,500.000000,1000.000000,3.000000,150.000000,250.000000,6.000000,512,10000.000000,200.000000,163,12,106,0,421,0,7.361963,0.260160,3.421572,1.000000,-1.000000,1,0.671432,8.393508,10.262000
s6_depth,dbr,1,50,5,500.000000,1000.000000,3.000000,150.000000,250.000000,6.000000,512,10000.000000,200.000000,164,3,0,0,213,0,1.829268,0.005640,6.238640,1.000000,-1.000000,1,0.671145,6.707986,8.192000
s6_depth,hhvbf,19,50,5,500.000000,1000.000000,3.000000,150.000000,250.000000,6.000000,512,10000.000000,200.000000,165,11,58,0,484,0,6.666667,0.238480,5.008406,1.000000,-1.000000,1,0.729229,7.566307,11.784000
s6_depth,hhvbf,20,50,5,500.000000,1000.000000,3.000000,150.000000,250.000000,6.000000,512,10000.000000,200.000000,164,9,86,0,453,0,5.487805,0.195120,3.506747,1.000000,-1.000000,1,0.803324,5.433149,12.306000
s6_depth,dbr,2,50,5,500.000000,1000.000000,3.000000,150.000000,250.000000,6.000000,512,10000.000000,200.000000,164,5,13,0,212,0,3.048780,0.009400,104.669623,0.800000,-1.000000,1,0.602265,7.656661,7.236000
s6_depth,dbr,3,50,5,500.000000,1000.000000,3.000000,150.000000,250.000000,6.000000,512,10000.000000,200.000000,165,6,37,0,214,0,3.636364,0.011280,24.876978,1.000000,-1.000000,1,0.636425,6.098975,6.524000
s6_depth,dbr,4,50,5,500.000000,1000.000000,3.000000,150.000000,250.000000,6.000000,512,10000.000000,200.000000,163,8,62,0,212,0,4.907975,0.015040,22.463444,1.125000,-1.000000,1,0.713050,5.508110,7.990000
s6_depth,dbr,5,50,5,500.000000,1000.000000,3.000000,150.000000,250.000000,6.000000,512,10000.000000,200.000000,165,2,0,0,214,0,1.212121,0.003760,87.799498,1.000000,-1.000000,1,0.587275,7.121390,6.384000
s6_depth,dbr,6,50,5,500.000000,1000.000000,3.000000,150.000000,250.000000,6.000000,512,10000.000000,200.000000,165,6,12,0,214,0,3.636364,0.011280,27.169125,2.500000,-1.000000,1,0.658421,5.578611,6.484000
s6_depth,dbr,7,50,5,500.000000,1000.000000,3.000000,150.000000,250.000000,6.000000,512,10000.000000,200.000000,165,1,0,0,210,0,0.606061,0.001880,6.588962,1.000000,-1.000000,1,0.599286,8.341056,7.800000
s6_depth,dbr,8,50,5,500.000000,1000.000000,3.000000,150.000000,250.000000,6.000000,512,10000.000000,200.000000,164,6,20,0,212,0,3.658537,0.011280,19.028627,2.333333,-1.000000,1,0.606409,6.487321,6.222000
s6_depth,dbr,9,50,5,500.000000,1000.000000,3.000000,150.000000,250.000000,6.000000,512,10000.000000,200.000000,163,9,66,0,212,0,5.521472,0.016920,7.353840,1.000000,-1.000000,1,0.628141,6.392313,6.632000
s6_depth,dbr,10,50,5,500.000000,1000.000000,3.000000,150.000000,250.000000,6.000000,512,10000.000000,200.000000,165,5,22,0,213,0,3.030303,0.009400,19.712579,1.800000,-1.000000,1,0.544809,7.979098,6.182000
s6_depth,dbr,11,50,5,500.000000,1000.000000,3.000000,150.000000,250.000000,6.000000,512,10000.000000,200.000000,165,4,37,0,213,0,2.424242,0.007520,13.177029,1.250000,-1.000000,1,0.667735,5.893710,7.102000
s6_depth,dbr,12,50,5,500.000000,1000.000000,3.000000,150.000000,250.000000,6.000000,512,10000.000000,200.000000,165,9,39,0,214,0,5.454545,0.016920,24.206501,1.222222,-1.000000,1,0.677294,5.395984,6.752000
s6_depth,dbr,13,50,5,500.000000,1000.000000,3.000000,150.000000,250.000000,6.000000,512,10000.000000,200.000000,165,10,51,0,212,0,6.060606,0.018800,14.926153,1.300000,-1.000000,1,0.639893,6.129684,6.642000
s6_depth,dbr,14,50,5,500.000000,1000.000000,3.000000,150.000000,250.000000,6.000000,512,10000.000000,200.000000,165,3,9,0,214,0,1.818182,0.005640,6.691245,1.000000,-1.000000,1,0.623228,5.993914,6.108000
s6_depth,dbr,15,50,5,500.000000,1000.000000,3.000000,150.000000,250.000000,6.000000,512,10000.000000,200.000000,164,6,41,0,212,0,3.658537,0.011280,66.753053,0.333333,-1.000000,1,0.564825,8.174203,6.780000
s6_depth,dbr,16,50,5,500.000000,1000.000000,3.000000,150.000000,250.000000,6.000000,512,10000.000000,200.000000,165,9,17,0,214,0,5.454545,0.016920,7.529335,1.444444,-1.000000,1,0.612455,6.527997,6.398000
s6_depth,dbr,17,50,5,500.000000,1000.000000,3.000000,150.000000,250.000000,6.000000,512,10000.000000,200.000000,163,11,75,0,211,0,6.748466,0.020680,35.567931,0.636364,-1.000000,1,0.565220,6.997668,5.812000
s6_depth,dbr,18,50,5,500.000000,1000.000000,3.000000,150.000000,250.000000,6.000000,512,10000.000000,200.000000,165,5,19,0,214,0,3.030303,0.009400,42.945240,2.400000,-1.000000,1,0.578854,7.030028,6.120000
s6_depth,dbr,19,50,5,500.000000,1000.000000,3.000000,150.000000,250.000000,6.000000,512,10000.000000,200.000000,165,6,0,0,214,0,3.636364,0.011280,6.808973,1.666667,-1.000000,1,0.518913,8.736437,6.204000
s6_depth,dbr,20,50,5,500.000000,1000.000000,3.000000,150.000000,250.000000,6.000000,512,10000.000000,200.000000,164,5,35,0,212,0,3.048780,0.009400,32.668278,0.800000,-1.000000,1,0.682173,5.448501,6.952000
